;FLAVOR:Marlin
;TIME:4541
;Filament used: 7.85309m
;Layer height: 0.28
;MINX:62.202
;MINY:49.629
;MINZ:0.28
;MAXX:157.798
;MAXY:170.371
;MAXZ:4.2
;TARGET_MACHINE.NAME:Creality Ender-3 V3 SE
;Generated with Cura_SteamEngine 5.12.0
M220 S100 ;Reset Feedrate
M221 S100 ;Reset Flowrate

G28 ;Home

M420 S1; Use saved mesh leveling data

G92 E0 ;Reset Extruder
G1 Z2.0 F3000 ;Move Z Axis up
G1 X-3 Y20 Z0.28 F5000.0 ;Move to start position
M190 S60.0 ; Set bed temperature and wait
M109 S220.0 ; Set hotend temperature and wait
G1 X-3 Y100.0 Z0.28 F1500.0 E15 ;Draw the first line
G1 X-2 Y100.0 Z0.28 F5000.0 ;Move to side a little
G1 X-2 Y20 Z0.28 F1500.0 E30 ;Draw the second line
G92 E0 ;Reset Extruder
G1 E-1.0000 F1800 ;Retract a bit
G1 Z2.0 F3000 ;Move Z Axis up
G1 E0.0000 F1800 

M82 ;absolute extrusion mode
G92 E0
G92 E0
G1 F2400 E-3
;LAYER_COUNT:15
;LAYER:0
M107
G0 F9000 X63.721 Y52.652 Z0.28
;TYPE:SKIRT
G1 F2400 E0
G1 F1800 X65.282 Y51.193 E0.09949
G1 X67.305 Y49.986 E0.20918
G1 X69.023 Y49.704 E0.29025
G1 X150.851 Y49.629 E4.10051
G1 X152.747 Y50.095 E4.19142
G1 X154.775 Y51.148 E4.29782
G1 X156.234 Y52.709 E4.39732
G1 X157.441 Y54.732 E4.50701
G1 X157.723 Y56.45 E4.58808
G1 X157.798 Y163.424 E9.56924
G1 X157.332 Y165.32 E9.66015
G1 X156.279 Y167.348 E9.76655
G1 X154.718 Y168.807 E9.86604
G1 X152.695 Y170.014 E9.97574
G1 X150.977 Y170.296 E10.0568
G1 X69.149 Y170.371 E13.86706
G1 X67.253 Y169.905 E13.95797
G1 X65.225 Y168.852 E14.06438
G1 X63.766 Y167.291 E14.16387
G1 X62.559 Y165.268 E14.27356
G1 X62.277 Y163.55 E14.35463
G1 X62.202 Y56.576 E19.33579
G1 X62.668 Y54.68 E19.4267
G1 X63.721 Y52.652 E19.5331
G0 F9000 X64.044 Y52.897
G1 F1800 X65.521 Y51.517 E19.62723
G1 X67.445 Y50.369 E19.73155
G1 X69.088 Y50.099 E19.80908
G1 X150.805 Y50.029 E23.61417
G1 X152.604 Y50.471 E23.70043
G1 X154.53 Y51.471 E23.80148
G1 X155.91 Y52.948 E23.8956
G1 X157.058 Y54.872 E23.99993
G1 X157.328 Y56.515 E24.07746
G1 X157.398 Y163.378 E29.05345
G1 X156.956 Y165.177 E29.13971
G1 X155.956 Y167.103 E29.24076
G1 X154.479 Y168.483 E29.33489
G1 X152.555 Y169.631 E29.43921
G1 X150.912 Y169.901 E29.51674
G1 X69.195 Y169.971 E33.32183
G1 X67.396 Y169.529 E33.40809
G1 X65.47 Y168.529 E33.50914
G1 X64.09 Y167.052 E33.60326
G1 X62.942 Y165.128 E33.70759
G1 X62.672 Y163.485 E33.78512
G1 X62.602 Y56.622 E38.76111
G1 X63.044 Y54.823 E38.84737
G1 X64.044 Y52.897 E38.94842
G0 F9000 X64.367 Y53.142
G1 F1800 X65.763 Y51.838 E39.03737
G1 X67.583 Y50.752 E39.13606
G1 X69.153 Y50.494 E39.21015
G1 X150.758 Y50.429 E43.01002
G1 X152.462 Y50.848 E43.09173
G1 X154.285 Y51.794 E43.18736
G1 X155.589 Y53.19 E43.27631
G1 X156.675 Y55.01 E43.375
G1 X156.933 Y56.58 E43.44909
G1 X156.998 Y163.331 E48.41986
G1 X156.579 Y165.035 E48.50157
G1 X155.633 Y166.858 E48.59721
G1 X154.237 Y168.162 E48.68616
G1 X152.417 Y169.248 E48.78484
G1 X150.847 Y169.506 E48.85893
G1 X69.242 Y169.571 E52.6588
G1 X67.538 Y169.152 E52.74051
G1 X65.715 Y168.206 E52.83615
G1 X64.411 Y166.81 E52.9251
G1 X63.325 Y164.99 E53.02379
G1 X63.067 Y163.42 E53.09787
G1 X63.002 Y56.669 E58.06865
G1 X63.421 Y54.965 E58.15036
G1 X64.367 Y53.142 E58.24599
G0 F9000 X64.69 Y53.387
G1 F1800 X66.005 Y52.159 E58.32977
G1 X67.721 Y51.135 E58.42282
G1 X69.218 Y50.889 E58.49346
G1 X150.712 Y50.829 E62.28816
G1 X152.319 Y51.224 E62.36522
G1 X154.04 Y52.117 E62.4555
G1 X155.268 Y53.432 E62.53928
G1 X156.292 Y55.148 E62.63233
G1 X156.538 Y56.645 E62.70297
G1 X156.598 Y163.285 E67.66858
G1 X156.203 Y164.892 E67.74564
G1 X155.31 Y166.613 E67.83592
G1 X153.995 Y167.841 E67.9197
G1 X152.279 Y168.865 E68.01275
G1 X150.782 Y169.111 E68.08339
G1 X69.288 Y169.171 E71.87809
G1 X67.681 Y168.776 E71.95515
G1 X65.96 Y167.883 E72.04543
G1 X64.732 Y166.568 E72.12921
G1 X63.708 Y164.852 E72.22226
G1 X63.462 Y163.355 E72.2929
G1 X63.402 Y56.715 E77.25851
G1 X63.797 Y55.108 E77.33556
G1 X64.69 Y53.387 E77.42585
G0 F9000 X65.013 Y53.632
G1 F1800 X66.247 Y52.48 E77.50445
G1 X67.859 Y51.518 E77.59187
G1 X69.283 Y51.284 E77.65906
G1 X150.666 Y51.229 E81.4486
G1 X152.176 Y51.6 E81.521
G1 X153.795 Y52.44 E81.60593
G1 X154.947 Y53.674 E81.68454
G1 X155.909 Y55.286 E81.77195
G1 X156.143 Y56.71 E81.83915
G1 X156.198 Y163.239 E86.79958
G1 X155.827 Y164.749 E86.87199
G1 X154.987 Y166.368 E86.95692
G1 X153.753 Y167.52 E87.03552
G1 X152.141 Y168.482 E87.12293
G1 X150.717 Y168.716 E87.19013
G1 X69.334 Y168.771 E90.97967
G1 X67.824 Y168.4 E91.05207
G1 X66.205 Y167.56 E91.137
G1 X65.053 Y166.326 E91.21561
G1 X64.091 Y164.714 E91.30302
G1 X63.857 Y163.29 E91.37022
G1 X63.802 Y56.761 E96.33065
G1 X64.173 Y55.251 E96.40306
G1 X65.013 Y53.632 E96.48799
G0 F9000 X65.336 Y53.877
G1 F1800 X66.489 Y52.801 E96.56142
G1 X67.997 Y51.901 E96.64319
G1 X69.348 Y51.679 E96.70695
G1 X150.619 Y51.629 E100.49127
G1 X152.034 Y51.977 E100.55912
G1 X153.55 Y52.763 E100.63863
G1 X154.626 Y53.916 E100.71207
G1 X155.526 Y55.424 E100.79384
G1 X155.748 Y56.775 E100.85759
G1 X155.798 Y163.192 E105.81282
G1 X155.45 Y164.607 E105.88067
G1 X154.664 Y166.123 E105.96018
G1 X153.511 Y167.199 E106.03362
G1 X152.003 Y168.099 E106.11539
G1 X150.652 Y168.321 E106.17914
G1 X69.381 Y168.371 E109.96346
G1 X67.966 Y168.023 E110.03131
G1 X66.45 Y167.237 E110.11083
G1 X65.374 Y166.084 E110.18426
G1 X64.474 Y164.576 E110.26604
G1 X64.252 Y163.225 E110.32979
G1 X64.202 Y56.808 E115.28501
G1 X64.55 Y55.393 E115.35286
G1 X65.336 Y53.877 E115.43238
G0 F9000 X65.659 Y54.122
G1 F1800 X66.731 Y53.122 E115.50064
G1 X68.135 Y52.284 E115.57678
G1 X69.413 Y52.074 E115.63709
G1 X150.573 Y52.029 E119.41624
G1 X151.891 Y52.353 E119.47943
G1 X153.305 Y53.086 E119.5536
G1 X154.305 Y54.158 E119.62186
G1 X155.143 Y55.562 E119.698
G1 X155.353 Y56.84 E119.7583
G1 X155.398 Y163.146 E124.70836
G1 X155.074 Y164.464 E124.77156
G1 X154.341 Y165.878 E124.84572
G1 X153.269 Y166.878 E124.91398
G1 X151.865 Y167.716 E124.99012
G1 X150.587 Y167.926 E125.05042
G1 X69.427 Y167.971 E128.82957
G1 X68.109 Y167.647 E128.89277
G1 X66.695 Y166.914 E128.96694
G1 X65.695 Y165.842 E129.0352
G1 X64.857 Y164.438 E129.11134
G1 X64.647 Y163.16 E129.17164
G1 X64.602 Y56.854 E134.1217
G1 X64.926 Y55.536 E134.18489
G1 X65.659 Y54.122 E134.25906
G0 F9000 X65.981 Y54.369
G1 F1800 X66.976 Y53.441 E134.32241
G1 X68.273 Y52.667 E134.39274
G1 X69.478 Y52.469 E134.4496
G1 X150.527 Y52.429 E138.22359
G1 X151.748 Y52.729 E138.28213
G1 X153.058 Y53.408 E138.35084
G1 X153.986 Y54.403 E138.41419
G1 X154.76 Y55.7 E138.48452
G1 X154.958 Y56.905 E138.54138
G1 X154.998 Y163.1 E143.48627
G1 X154.698 Y164.321 E143.54482
G1 X154.019 Y165.631 E143.61352
G1 X153.024 Y166.559 E143.67688
G1 X151.727 Y167.333 E143.74721
G1 X150.522 Y167.531 E143.80407
G1 X69.473 Y167.571 E147.57805
G1 X68.252 Y167.271 E147.6366
G1 X66.942 Y166.592 E147.7053
G1 X66.014 Y165.597 E147.76866
G1 X65.24 Y164.3 E147.83899
G1 X65.042 Y163.095 E147.89585
G1 X65.002 Y56.9 E152.84073
G1 X65.302 Y55.679 E152.89928
G1 X65.981 Y54.369 E152.96799
G0 F9000 X66.303 Y54.616
G1 F1800 X67.218 Y53.763 E153.02623
G1 X68.413 Y53.05 E153.09103
G1 X69.543 Y52.864 E153.14436
G1 X150.481 Y52.829 E156.91317
G1 X151.605 Y53.105 E156.96706
G1 X152.811 Y53.73 E157.03031
G1 X153.664 Y54.645 E157.08856
G1 X154.377 Y55.84 E157.15336
G1 X154.563 Y56.97 E157.20668
G1 X154.598 Y163.054 E162.1464
G1 X154.322 Y164.178 E162.20029
G1 X153.697 Y165.384 E162.26354
G1 X152.782 Y166.237 E162.32179
G1 X151.587 Y166.95 E162.38658
G1 X150.457 Y167.136 E162.43991
G1 X69.519 Y167.171 E166.20872
G1 X68.395 Y166.895 E166.26262
G1 X67.189 Y166.27 E166.32587
G1 X66.336 Y165.355 E166.38411
G1 X65.623 Y164.16 E166.44891
G1 X65.437 Y163.03 E166.50224
G1 X65.402 Y56.946 E171.44195
G1 X65.678 Y55.822 E171.49584
G1 X66.303 Y54.616 E171.55909
G0 F9000 X66.625 Y54.863
G1 F1800 X67.46 Y54.085 E171.61224
G1 X68.553 Y53.433 E171.6715
G1 X69.608 Y53.259 E171.72129
G1 X150.434 Y53.229 E175.48488
G1 X151.463 Y53.482 E175.53423
G1 X152.564 Y54.052 E175.59196
G1 X153.342 Y54.887 E175.6451
G1 X153.994 Y55.98 E175.70436
G1 X154.168 Y57.035 E175.75415
G1 X154.198 Y163.007 E180.68865
G1 X153.945 Y164.036 E180.73799
G1 X153.375 Y165.137 E180.79572
G1 X152.54 Y165.915 E180.84886
G1 X151.447 Y166.567 E180.90813
G1 X150.392 Y166.741 E180.95792
G1 X69.566 Y166.771 E184.72151
G1 X68.537 Y166.518 E184.77085
G1 X67.436 Y165.948 E184.82858
G1 X66.658 Y165.113 E184.88173
G1 X66.006 Y164.02 E184.94099
G1 X65.832 Y162.965 E184.99078
G1 X65.802 Y56.993 E189.92528
G1 X66.055 Y55.964 E189.97462
G1 X66.625 Y54.863 E190.03235
G0 F9000 X66.947 Y55.11
G1 F1800 X67.702 Y54.407 E190.08039
G1 X68.693 Y53.816 E190.13411
G1 X69.673 Y53.654 E190.18037
G1 X150.388 Y53.629 E193.9388
G1 X151.32 Y53.858 E193.98348
G1 X152.317 Y54.374 E194.03576
G1 X153.02 Y55.129 E194.08379
G1 X153.611 Y56.12 E194.13752
G1 X153.773 Y57.1 E194.18377
G1 X153.798 Y162.961 E199.11311
G1 X153.569 Y163.893 E199.15779
G1 X153.053 Y164.89 E199.21007
G1 X152.298 Y165.593 E199.2581
G1 X151.307 Y166.184 E199.31183
G1 X150.327 Y166.346 E199.35808
G1 X69.612 Y166.371 E203.11651
G1 X68.68 Y166.142 E203.1612
G1 X67.683 Y165.626 E203.21348
G1 X66.98 Y164.871 E203.26151
G1 X66.389 Y163.88 E203.31524
G1 X66.227 Y162.9 E203.36149
G1 X66.202 Y57.039 E208.29082
G1 X66.431 Y56.107 E208.33551
G1 X66.947 Y55.11 E208.38779
G0 F9000 X67.27 Y55.355
G1 F1800 X67.941 Y54.731 E208.43045
G1 X68.833 Y54.199 E208.47882
G1 X69.738 Y54.049 E208.52153
G1 X150.342 Y54.029 E212.27479
G1 X151.177 Y54.234 E212.31483
G1 X152.072 Y54.697 E212.36175
G1 X152.696 Y55.368 E212.40441
G1 X153.228 Y56.26 E212.45278
G1 X153.378 Y57.165 E212.49549
G1 X153.398 Y162.915 E217.41965
G1 X153.193 Y163.75 E217.45969
G1 X152.73 Y164.645 E217.50661
G1 X152.059 Y165.269 E217.54928
G1 X151.167 Y165.801 E217.59764
G1 X150.262 Y165.951 E217.64036
G1 X69.658 Y165.971 E221.39362
G1 X68.823 Y165.766 E221.43365
G1 X67.928 Y165.303 E221.48057
G1 X67.304 Y164.632 E221.52324
G1 X66.772 Y163.74 E221.5716
G1 X66.622 Y162.835 E221.61432
G1 X66.602 Y57.085 E226.53848
G1 X66.807 Y56.25 E226.57852
G1 X67.27 Y55.355 E226.62544
G0 F9000 X67.593 Y55.6
G1 F1800 X68.18 Y55.055 E226.66273
G1 X68.973 Y54.582 E226.70573
G1 X69.804 Y54.444 E226.74495
G1 X150.296 Y54.429 E230.493
G1 X151.034 Y54.61 E230.52838
G1 X151.827 Y55.02 E230.56995
G1 X152.372 Y55.607 E230.60725
G1 X152.845 Y56.4 E230.65024
G1 X152.983 Y57.231 E230.68947
G1 X152.998 Y162.869 E235.60842
G1 X152.817 Y163.607 E235.6438
G1 X152.407 Y164.4 E235.68537
G1 X151.82 Y164.945 E235.72267
G1 X151.027 Y165.418 E235.76566
G1 X150.196 Y165.556 E235.80489
G1 X69.704 Y165.571 E239.55293
G1 X68.966 Y165.39 E239.58831
G1 X68.173 Y164.98 E239.62988
G1 X67.628 Y164.393 E239.66718
G1 X67.155 Y163.6 E239.71017
G1 X67.017 Y162.769 E239.7494
G1 X67.002 Y57.131 E244.66835
G1 X67.183 Y56.393 E244.70373
G1 X67.593 Y55.6 E244.7453
G0 F9000 X67.916 Y55.845
G1 F1800 X68.419 Y55.379 E244.77723
G1 X69.113 Y54.965 E244.81486
G1 X69.87 Y54.839 E244.85059
G1 X150.246 Y54.829 E248.59323
G1 X150.895 Y54.988 E248.62435
G1 X151.582 Y55.343 E248.66036
G1 X152.048 Y55.846 E248.69228
G1 X152.462 Y56.54 E248.72991
G1 X152.588 Y57.297 E248.76565
G1 X152.598 Y162.819 E253.67919
G1 X152.439 Y163.468 E253.71031
G1 X152.084 Y164.155 E253.74631
G1 X151.581 Y164.621 E253.77824
G1 X150.887 Y165.035 E253.81587
G1 X150.13 Y165.161 E253.85161
G1 X69.754 Y165.171 E257.59425
G1 X69.105 Y165.012 E257.62536
G1 X68.418 Y164.657 E257.66137
G1 X67.952 Y164.154 E257.6933
G1 X67.538 Y163.46 E257.73093
G1 X67.412 Y162.703 E257.76666
G1 X67.402 Y57.181 E262.68021
G1 X67.561 Y56.532 E262.71132
G1 X67.916 Y55.845 E262.74733
G0 F9000 X68.239 Y56.091
G1 F1800 X68.658 Y55.703 E262.77392
G1 X69.253 Y55.348 E262.80618
G1 X69.936 Y55.234 E262.83843
G1 X150.196 Y55.229 E266.57567
G1 X150.756 Y55.366 E266.60251
G1 X151.336 Y55.666 E266.63292
G1 X151.724 Y56.085 E266.65951
G1 X152.079 Y56.68 E266.69177
G1 X152.193 Y57.363 E266.72402
G1 X152.198 Y162.769 E271.63216
G1 X152.061 Y163.329 E271.65901
G1 X151.761 Y163.909 E271.68941
G1 X151.342 Y164.297 E271.716
G1 X150.747 Y164.652 E271.74827
G1 X150.064 Y164.766 E271.78051
G1 X69.804 Y164.771 E275.51775
G1 X69.244 Y164.634 E275.5446
G1 X68.664 Y164.334 E275.575
G1 X68.276 Y163.915 E275.60159
G1 X67.921 Y163.32 E275.63385
G1 X67.807 Y162.637 E275.6661
G1 X67.802 Y57.231 E280.57424
G1 X67.939 Y56.671 E280.60109
G1 X68.239 Y56.091 E280.63149
G0 F9000 X68.562 Y56.337
G1 F1800 X68.9 Y56.024 E280.65294
G1 X69.391 Y55.731 E280.67957
G1 X70.002 Y55.629 E280.70841
G1 X150.146 Y55.629 E284.44025
G1 X150.617 Y55.744 E284.46283
G1 X151.09 Y55.989 E284.48763
G1 X151.403 Y56.327 E284.50908
G1 X151.696 Y56.818 E284.53571
G1 X151.798 Y57.429 E284.56455
G1 X151.798 Y162.719 E289.4673
G1 X151.683 Y163.19 E289.48987
G1 X151.438 Y163.663 E289.51468
G1 X151.1 Y163.976 E289.53613
G1 X150.609 Y164.269 E289.56275
G1 X149.998 Y164.371 E289.5916
G1 X69.854 Y164.371 E293.32344
G1 X69.383 Y164.256 E293.34601
G1 X68.91 Y164.011 E293.37082
G1 X68.597 Y163.673 E293.39227
G1 X68.304 Y163.182 E293.41889
G1 X68.202 Y162.571 E293.44774
G1 X68.202 Y57.281 E298.35048
G1 X68.317 Y56.81 E298.37306
G1 X68.562 Y56.337 E298.39786
G0 F9000 X68.885 Y56.583
G1 F1800 X69.142 Y56.345 E298.41417
G1 X69.529 Y56.114 E298.43516
G1 X70.002 Y56.029 E298.45753
G1 X150.096 Y56.029 E302.18705
G1 X150.478 Y56.122 E302.20535
G1 X150.844 Y56.312 E302.22455
G1 X151.082 Y56.569 E302.24087
G1 X151.313 Y56.956 E302.26185
G1 X151.398 Y57.429 E302.28423
G1 X151.398 Y162.669 E307.18464
G1 X151.305 Y163.051 E307.20295
G1 X151.115 Y163.417 E307.22215
G1 X150.858 Y163.655 E307.23846
G1 X150.471 Y163.886 E307.25945
G1 X149.998 Y163.971 E307.28183
G1 X69.904 Y163.971 E311.01134
G1 X69.522 Y163.878 E311.02965
G1 X69.156 Y163.688 E311.04885
G1 X68.918 Y163.431 E311.06516
G1 X68.687 Y163.044 E311.08615
G1 X68.602 Y162.571 E311.10852
G1 X68.602 Y57.331 E316.00894
G1 X68.695 Y56.949 E316.02725
G1 X68.885 Y56.583 E316.04645
G0 F9000 X69.209 Y56.828
G1 F1800 X69.072 Y57.091 E316.06026
G1 X69.002 Y57.38 E316.0741
G1 X69.002 Y162.571 E320.97224
G1 X69.067 Y162.899 E320.98781
G1 X69.262 Y163.226 E321.00553
G1 X69.401 Y163.364 E321.01466
G1 X69.664 Y163.501 E321.02846
G1 X69.953 Y163.571 E321.04231
G1 X149.998 Y163.571 E324.76954
G1 X150.326 Y163.506 E324.78511
G1 X150.653 Y163.311 E324.80284
G1 X150.791 Y163.172 E324.81196
G1 X150.928 Y162.909 E324.82577
G1 X150.998 Y162.62 E324.83961
G1 X150.998 Y57.429 E329.73775
G1 X150.933 Y57.101 E329.75332
G1 X150.738 Y56.774 E329.77105
G1 X150.599 Y56.636 E329.78017
G1 X150.336 Y56.499 E329.79397
G1 X150.047 Y56.429 E329.80782
G1 X70.002 Y56.429 E333.53505
G1 X69.674 Y56.494 E333.55062
G1 X69.347 Y56.689 E333.56835
G1 X69.209 Y56.828 E333.57747
G0 F9000 X69.841 Y57.31
G1 F1800 X70.002 Y57.229 E333.58586
G1 X149.998 Y57.229 E337.31081
G1 X150.117 Y57.268 E337.31664
G1 X150.198 Y57.429 E337.32503
G1 X150.198 Y162.571 E342.22089
G1 X150.159 Y162.69 E342.22672
G1 X149.998 Y162.771 E342.23511
G1 X70.002 Y162.771 E345.96006
G1 X69.883 Y162.732 E345.96589
G1 X69.802 Y162.571 E345.97428
G1 X69.802 Y57.429 E350.87013
G1 X69.841 Y57.31 E350.87596
G0 F9000 X69.461 Y57.185
G1 F1800 X69.552 Y57.033 E350.88421
G1 X69.822 Y56.872 E350.89885
G1 X70.002 Y56.829 E350.90747
G1 X149.998 Y56.829 E354.63242
G1 X150.242 Y56.888 E354.64411
G1 X150.394 Y56.979 E354.65236
G1 X150.555 Y57.249 E354.66699
G1 X150.598 Y57.429 E354.67561
G1 X150.598 Y162.571 E359.57146
G1 X150.539 Y162.815 E359.58315
G1 X150.448 Y162.967 E359.5914
G1 X150.178 Y163.128 E359.60604
G1 X149.998 Y163.171 E359.61466
G1 X70.002 Y163.171 E363.33961
G1 X69.758 Y163.112 E363.3513
G1 X69.606 Y163.021 E363.35954
G1 X69.445 Y162.751 E363.37418
G1 X69.402 Y162.571 E363.3828
G1 X69.402 Y57.429 E368.27865
G1 X69.461 Y57.185 E368.29034
G1 F2400 E365.29034
;MESH:lid.stl
G0 F9000 X73.322 Y61.769
G0 X75.443 Y64.78
;TYPE:WALL-INNER
G1 F2400 E368.29034
G1 F1800 X75.032 Y64.74 E368.30957
G1 X74.626 Y64.616 E368.32934
G1 X74.266 Y64.423 E368.34836
G1 X73.941 Y64.159 E368.36785
G1 X73.678 Y63.835 E368.38728
G1 X73.487 Y63.474 E368.4063
G1 X73.359 Y63.07 E368.42604
G1 X73.324 Y62.66 E368.4452
G1 X73.359 Y62.25 E368.46436
G1 X73.487 Y61.846 E368.48409
G1 X73.678 Y61.485 E368.50311
G1 X73.944 Y61.158 E368.52274
G1 X74.266 Y60.897 E368.54204
G1 X74.628 Y60.702 E368.56118
G1 X75.044 Y60.58 E368.58137
G1 X75.438 Y60.54 E368.59981
G1 X75.852 Y60.58 E368.61918
G1 X76.259 Y60.704 E368.63899
G1 X76.617 Y60.897 E368.65793
G1 X76.939 Y61.161 E368.67732
G1 X77.203 Y61.483 E368.69671
G1 X77.398 Y61.855 E368.71626
G1 X77.52 Y62.245 E368.73529
G1 X77.56 Y62.665 E368.75494
G1 X77.51 Y63.106 E368.7756
G1 X77.399 Y63.456 E368.7927
G1 X77.201 Y63.836 E368.81265
G1 X76.937 Y64.156 E368.83197
G1 X76.613 Y64.423 E368.85152
G1 X76.256 Y64.618 E368.87046
G1 X75.854 Y64.736 E368.88997
G1 X75.443 Y64.78 E368.90922
G1 F2400 E365.90922
G0 F9000 X76.322 Y64.782
G0 X83.724 Y72.644
G0 X84.524 Y74.815
G1 F2400 E368.90922
G1 F1800 X84.33 Y74.81 E368.91825
G1 X83.847 Y74.663 E368.94176
G1 X83.521 Y74.34 E368.96313
G1 X83.357 Y73.957 E368.98253
G1 X83.356 Y73.487 E369.00442
G1 X83.512 Y73.13 E369.02256
G1 X83.81 Y72.804 E369.04312
G1 X84.199 Y72.636 E369.06285
G1 X84.671 Y72.624 E369.08484
G1 X85.156 Y72.871 E369.11018
G1 X85.426 Y73.233 E369.13121
G1 F1506.3 X85.62 Y73.647 E369.15665
G1 F1292.6 X85.618 Y73.811 E369.16729
G1 F1503.1 X85.406 Y74.239 E369.19392
G1 F1800 X85.206 Y74.519 E369.20994
G1 X84.905 Y74.715 E369.22667
G1 X84.524 Y74.815 E369.24501
G1 F2400 E366.24501
G0 F9000 X85.557 Y74.338
G0 X86.113 Y74.118
G0 X87.43 Y75.065
G0 X87.467 Y74.881
G1 F2400 E369.24501
G1 F1318.7 X87.244 Y74.88 E369.25918
G1 F1525.4 X86.691 Y74.61 E369.293
G1 F1782.2 X86.419 Y74.333 E369.31125
G1 F1751.8 X86.29 Y74.05 E369.32613
G1 F1481.5 X86.173 Y73.842 E369.33964
G1 F1292.6 X86.174 Y73.62 E369.35403
G1 F1506.3 X86.299 Y73.386 E369.36879
G1 F1800 X86.426 Y73.088 E369.38388
G1 X86.708 Y72.791 E369.40295
G1 F1512.6 X87.315 Y72.517 E369.43985
G1 F1304.3 X87.413 Y72.518 E369.44615
G1 F1512.6 X87.78 Y72.675 E369.46827
G1 F1643.8 X88.161 Y72.909 E369.49106
G1 F1400.8 X88.524 Y73.592 E369.53734
G1 F1299.6 X88.523 Y73.859 E369.55456
G1 F1506.3 X88.374 Y74.077 E369.56926
G1 F1800 X88.137 Y74.51 E369.59224
G1 F1522.2 X87.467 Y74.881 E369.63441
G1 F2400 E366.63441
G0 F9000 X87.43 Y75.065
G0 X87.718 Y75.707
G0 X88.048 Y75.922
G0 X88.297 Y76.383
G0 X88.297 Y76.803
G0 X88.078 Y77.213
G0 X87.42 Y77.689
G1 F2400 E369.63441
G1 F1800 X87.221 Y77.677 E369.6437
G1 X86.755 Y77.539 E369.66633
G1 X86.422 Y77.199 E369.68849
G1 X86.277 Y76.821 E369.70734
G1 X86.268 Y76.389 E369.72746
G1 X86.429 Y75.994 E369.74732
G1 X86.697 Y75.707 E369.7656
G1 X86.968 Y75.582 E369.7795
G1 F1525.4 X87.275 Y75.424 E369.79847
G1 F1318.7 X87.441 Y75.423 E369.80902
G1 F1522.2 X87.874 Y75.626 E369.83536
G1 F1800 X88.179 Y75.844 E369.85281
G1 X88.398 Y76.251 E369.87433
G1 X88.444 Y76.423 E369.88262
G1 X88.446 Y76.822 E369.9012
G1 X88.185 Y77.345 E369.92842
G1 X87.779 Y77.615 E369.95112
G1 X87.42 Y77.689 E369.96819
G1 F2400 E366.96819
G0 F9000 X88.054 Y77.258
G0 X88.544 Y76.184
G0 X87.438 Y75.154
G0 X88.799 Y73.848
G0 X89.57 Y74.488
G0 X90.322 Y74.816
G1 F2400 E369.96819
G1 F1800 X90.064 Y74.793 E369.98025
G1 X89.672 Y74.667 E369.99943
G1 X89.343 Y74.371 E370.02003
G1 X89.229 Y74.126 E370.03262
G1 F1506.3 X89.076 Y73.868 E370.04931
G1 F1395.3 X89.076 Y73.625 E370.0639
G1 F1643.8 X89.344 Y73.072 E370.09524
G1 F1800 X89.627 Y72.8 E370.11351
G1 X90.019 Y72.625 E370.1335
G1 X90.491 Y72.636 E370.15549
G1 X90.895 Y72.841 E370.17658
G1 X91.044 Y72.964 E370.18558
G1 X91.271 Y73.295 E370.20427
G1 X91.347 Y73.772 E370.22676
G1 X91.276 Y74.093 E370.24207
G1 X91.04 Y74.496 E370.26381
G1 X90.66 Y74.743 E370.28492
G1 X90.322 Y74.816 E370.30102
G1 F2400 E367.30102
G0 F9000 X89.726 Y74.53
G0 X87.397 Y72.242
G0 X87.414 Y71.966
G1 F2400 E370.30102
G1 F1304.3 X87.316 Y71.966 E370.30732
G1 F1512.6 X86.748 Y71.711 E370.34182
G1 F1800 X86.448 Y71.435 E370.3608
G1 X86.266 Y71.01 E370.38233
G1 X86.275 Y70.555 E370.40352
G1 X86.433 Y70.18 E370.42247
G1 X86.681 Y69.927 E370.43896
G1 X86.842 Y69.824 E370.44786
G1 X87.317 Y69.679 E370.47099
G1 X87.789 Y69.768 E370.49335
G1 X88.156 Y70.017 E370.514
G1 X88.385 Y70.422 E370.53567
G1 X88.442 Y70.605 E370.54459
G1 F1782.2 X88.45 Y71.033 E370.56473
G1 F1739.1 X88.159 Y71.577 E370.59446
G1 F1607.1 X87.81 Y71.797 E370.61597
G1 F1400.8 X87.414 Y71.966 E370.64174
G1 F2400 E367.64174
G0 F9000 X87.419 Y72.136
G0 X88.8 Y73.631
G0 X89.709 Y72.924
G0 X90.051 Y72.781
G0 X90.449 Y72.78
G0 X90.901 Y73.02
G0 X91.448 Y74.148
G0 X97.517 Y75.104
G0 X100.552 Y76.956
G1 F2400 E370.64174
G1 F1800 X99.948 Y76.896 E370.67
G1 X99.364 Y76.71 E370.69854
G1 X98.828 Y76.43 E370.7267
G1 X98.374 Y76.055 E370.75412
G1 X97.976 Y75.574 E370.78319
G1 X97.685 Y75.035 E370.81171
G1 X97.511 Y74.451 E370.84009
G1 X97.448 Y73.842 E370.86859
G1 X97.515 Y73.226 E370.89745
G1 X97.695 Y72.644 E370.92581
G1 X97.97 Y72.128 E370.95304
G1 X98.342 Y71.681 E370.98012
G1 X98.834 Y71.268 E371.01003
G1 X99.36 Y70.982 E371.03791
G1 X99.95 Y70.807 E371.06657
G1 X100.552 Y70.744 E371.09475
G1 X101.154 Y70.807 E371.12293
G1 X101.734 Y70.982 E371.15114
G1 X102.295 Y71.283 E371.18079
G1 X102.747 Y71.658 E371.20814
G1 X103.139 Y72.132 E371.23678
G1 X103.423 Y72.683 E371.26564
G1 X103.601 Y73.247 E371.29318
G1 X103.656 Y73.851 E371.32142
G1 X103.601 Y74.454 E371.34962
G1 X103.419 Y75.028 E371.37766
G1 X103.135 Y75.564 E371.4059
G1 X102.744 Y76.046 E371.4348
G1 X102.264 Y76.437 E371.46363
G1 X101.744 Y76.712 E371.49102
G1 X101.153 Y76.896 E371.51984
G1 X100.552 Y76.956 E371.54797
G1 F2400 E368.54797
G0 F9000 X102.4 Y76.563
G0 X109.151 Y77.64
G0 X114.796 Y80.48
G1 F2400 E371.54797
G1 F1800 X113.514 Y80.36 E371.60792
G1 X112.267 Y79.981 E371.66861
G1 X111.133 Y79.371 E371.72857
G1 X110.126 Y78.544 E371.78925
G1 X109.321 Y77.564 E371.8483
G1 X108.704 Y76.417 E371.90895
G1 X108.32 Y75.167 E371.96984
G1 X108.192 Y73.873 E372.03039
G1 X108.329 Y72.566 E372.09158
G1 X108.71 Y71.33 E372.1518
G1 X109.323 Y70.193 E372.21195
G1 X110.132 Y69.21 E372.27123
G1 X111.129 Y68.393 E372.33125
G1 X112.271 Y67.777 E372.39167
G1 X113.514 Y67.4 E372.45215
G1 X114.796 Y67.276 E372.51213
G1 X116.078 Y67.399 E372.5721
G1 X117.327 Y67.78 E372.6329
G1 X118.467 Y68.393 E372.69317
G1 X119.462 Y69.212 E372.75318
G1 X120.285 Y70.211 E372.81345
G1 X120.894 Y71.352 E372.87368
G1 X121.273 Y72.593 E372.9341
G1 X121.403 Y73.878 E372.99424
G1 X121.273 Y75.167 E373.05456
G1 X120.899 Y76.41 E373.115
G1 X120.289 Y77.549 E373.17517
G1 X119.468 Y78.542 E373.23516
G1 X118.463 Y79.37 E373.2958
G1 X117.331 Y79.98 E373.35567
G1 X116.078 Y80.357 E373.4166
G1 X114.796 Y80.48 E373.47657
G1 F2400 E370.47657
G0 F9000 X117.397 Y80.15
G0 X129.71 Y80.149
G0 X132.312 Y80.48
G1 F2400 E373.47657
G1 F1800 X131.026 Y80.36 E373.53671
G1 X129.779 Y79.981 E373.5974
G1 X128.645 Y79.371 E373.65736
G1 X127.636 Y78.542 E373.71817
G1 X126.819 Y77.549 E373.77805
G1 X126.214 Y76.413 E373.83798
G1 X125.835 Y75.167 E373.89862
G1 X125.705 Y73.882 E373.95876
G1 X125.835 Y72.593 E374.01909
G1 X126.21 Y71.347 E374.07968
G1 X126.823 Y70.211 E374.13978
G1 X127.642 Y69.212 E374.19993
G1 X128.641 Y68.393 E374.26009
G1 X129.783 Y67.777 E374.32051
G1 X131.026 Y67.4 E374.38099
G1 X132.308 Y67.276 E374.44096
G1 X133.59 Y67.399 E374.50093
G1 X134.84 Y67.781 E374.56179
G1 X136.003 Y68.41 E374.62336
G1 X136.975 Y69.209 E374.68195
G1 X137.794 Y70.206 E374.74203
G1 X138.396 Y71.329 E374.80136
G1 X138.789 Y72.597 E374.86318
G1 X138.916 Y73.881 E374.92326
G1 X138.788 Y75.152 E374.98274
G1 X138.407 Y76.411 E375.04399
G1 X137.799 Y77.547 E375.10398
G1 X136.976 Y78.546 E375.16425
G1 X135.973 Y79.372 E375.22476
G1 X134.849 Y79.974 E375.28413
G1 X133.589 Y80.357 E375.34545
G1 X132.312 Y80.48 E375.40519
G1 F2400 E372.40519
G0 F9000 X133.567 Y80.209
G0 X134.78 Y79.841
G0 X135.896 Y79.246
G0 X136.873 Y78.442
G0 X137.676 Y77.465
G0 X138.271 Y76.349
G0 X138.639 Y75.138
G0 X138.74 Y74.12
G0 X138.576 Y71.28
G0 X143.718 Y64.785
G0 X144.596 Y64.78
G1 F2400 E375.40519
G1 F1800 X144.175 Y64.734 E375.42491
G1 X143.784 Y64.616 E375.44393
G1 X143.434 Y64.422 E375.46256
G1 X143.103 Y64.157 E375.4823
G1 X142.84 Y63.833 E375.50174
G1 X142.651 Y63.479 E375.52042
G1 X142.52 Y63.071 E375.54038
G1 X142.48 Y62.66 E375.5596
G1 X142.52 Y62.246 E375.57897
G1 X142.647 Y61.846 E375.59851
G1 X142.839 Y61.482 E375.61768
G1 X143.107 Y61.159 E375.63722
G1 X143.427 Y60.9 E375.65639
G1 X143.787 Y60.703 E375.6755
G1 X144.204 Y60.58 E375.69574
G1 X144.599 Y60.54 E375.71423
G1 X145.008 Y60.58 E375.73336
G1 X145.416 Y60.702 E375.75319
G1 X145.781 Y60.902 E375.77257
G1 X146.116 Y61.183 E375.79293
G1 X146.364 Y61.481 E375.81099
G1 X146.559 Y61.848 E375.83034
G1 X146.681 Y62.255 E375.85012
G1 X146.716 Y62.66 E375.86905
G1 X146.68 Y63.056 E375.88757
G1 X146.56 Y63.469 E375.90759
G1 X146.364 Y63.838 E375.92705
G1 X146.097 Y64.161 E375.94656
G1 X145.777 Y64.42 E375.96573
G1 X145.416 Y64.618 E375.9849
G1 X145.008 Y64.74 E376.00473
G1 X144.596 Y64.78 E376.02401
G1 F2400 E373.02401
G0 F9000 X143.718 Y64.785
G0 X127.298 Y89.778
G0 X110 Y123.785
G1 F2400 E376.02401
G1 F1800 X92.841 Y123.787 E376.823
G1 X92.692 Y123.756 E376.83009
G1 X92.499 Y123.646 E376.84043
G1 X92.324 Y123.396 E376.85464
G1 X92.289 Y123.231 E376.8625
G1 X92.289 Y90.149 E378.40293
G1 X92.355 Y89.91 E378.41448
G1 X92.463 Y89.763 E378.42297
G1 X92.661 Y89.632 E378.43403
G1 X92.835 Y89.59 E378.44236
G1 X127.018 Y89.589 E380.03407
G1 X127.266 Y89.721 E380.04715
G1 X127.414 Y89.898 E380.05789
G1 X127.482 Y90.097 E380.06768
G1 X127.487 Y123.231 E381.61054
G1 X127.42 Y123.468 E381.62201
G1 X127.253 Y123.665 E381.63404
G1 X126.963 Y123.784 E381.64863
G1 X110 Y123.785 E382.4385
G1 F2400 E379.4385
G0 F9000 X109.998 Y161.768
G0 X110 Y161.968
G1 F2400 E382.4385
G1 F1800 X149.396 Y161.968 E384.27294
G1 X149.396 Y58.028 E389.11282
G1 X70.601 Y58.029 E392.78185
G1 X70.6 Y161.968 E397.62169
G1 X110 Y161.968 E399.45631
G0 F9000 X110 Y162.368
;TYPE:WALL-OUTER
G1 F1800 X149.796 Y162.368 E401.30938
G1 X149.796 Y57.628 E406.18652
G1 X70.201 Y57.629 E409.89279
G1 X70.2 Y162.368 E414.76988
G1 X110 Y162.368 E416.62313
G1 F2400 E413.62313
G0 F9000 X110 Y162.061
G0 X110 Y161.768
G0 X109.998 Y123.986
G0 X110 Y123.387
G1 F2400 E416.62313
G1 F1800 X92.848 Y123.385 E417.4218
G1 X92.776 Y123.355 E417.42544
G1 X92.688 Y123.23 E417.43255
G1 X92.689 Y90.116 E418.97448
G1 X92.817 Y89.988 E418.98291
G1 X126.922 Y89.99 E420.57098
G1 X126.998 Y90.02 E420.57479
G1 X127.088 Y90.134 E420.58155
G1 X127.086 Y123.223 E422.12231
G1 X126.992 Y123.36 E422.13005
G1 X126.905 Y123.388 E422.1343
G1 X110 Y123.387 E422.92147
G1 F2400 E419.92147
G0 F9000 X110 Y123.698
G0 X127.326 Y123.626
G0 X127.326 Y89.75
G0 X114.744 Y89.409
G0 X114.796 Y80.66
G0 X114.776 Y80.08
G1 F2400 E422.92147
G1 F1800 X113.612 Y79.968 E422.97592
G1 X112.405 Y79.601 E423.03467
G1 X111.356 Y79.039 E423.09008
G1 X110.41 Y78.262 E423.14708
G1 X109.645 Y77.33 E423.20323
G1 X109.064 Y76.239 E423.26078
G1 X108.712 Y75.068 E423.31772
G1 X108.596 Y73.86 E423.37423
G1 X108.72 Y72.653 E423.43073
G1 X109.079 Y71.485 E423.48763
G1 X109.646 Y70.429 E423.54344
G1 X110.414 Y69.494 E423.59978
G1 X111.352 Y68.725 E423.65626
G1 X112.441 Y68.144 E423.71373
G1 X113.612 Y67.792 E423.77067
G1 X114.816 Y67.68 E423.82697
G1 X115.984 Y67.792 E423.88161
G1 X117.187 Y68.159 E423.94018
G1 X118.244 Y68.725 E423.99601
G1 X119.178 Y69.494 E424.05234
G1 X119.954 Y70.435 E424.10914
G1 X120.525 Y71.506 E424.16565
G1 X120.881 Y72.672 E424.22242
G1 X121 Y73.862 E424.27811
G1 X120.881 Y75.088 E424.33546
G1 X120.517 Y76.275 E424.39328
G1 X119.954 Y77.325 E424.44875
G1 X119.183 Y78.261 E424.50522
G1 X118.223 Y79.049 E424.56305
G1 X117.191 Y79.601 E424.61755
G1 X115.984 Y79.964 E424.67624
G1 X114.776 Y80.08 E424.73275
G1 F2400 E421.73275
G0 F9000 X114.746 Y80.388
G0 X113.542 Y80.209
G0 X112.33 Y79.841
G0 X111.426 Y79.359
G0 X109.151 Y77.64
G0 X102.4 Y76.563
G0 X100.532 Y76.552
G1 F2400 E424.73275
G1 F1800 X100.048 Y76.504 E424.75539
G1 X99.518 Y76.341 E424.78121
G1 X99.053 Y76.095 E424.80571
G1 X98.633 Y75.748 E424.83108
G1 X98.295 Y75.331 E424.85607
G1 X98.055 Y74.876 E424.88003
G1 X97.903 Y74.372 E424.90454
G1 X97.852 Y73.828 E424.92998
G1 X97.902 Y73.331 E424.95324
G1 X98.056 Y72.817 E424.97822
G1 X98.307 Y72.35 E425.00291
G1 X98.644 Y71.944 E425.02748
G1 X99.056 Y71.601 E425.05244
G1 X99.497 Y71.363 E425.07578
G1 X100.028 Y71.199 E425.10166
G1 X100.572 Y71.148 E425.1271
G1 X101.076 Y71.199 E425.15069
G1 X101.607 Y71.363 E425.17656
G1 X102.059 Y71.606 E425.20046
G1 X102.474 Y71.956 E425.22574
G1 X102.802 Y72.353 E425.24972
G1 X103.048 Y72.822 E425.27438
G1 X103.208 Y73.344 E425.2998
G1 X103.256 Y73.868 E425.3243
G1 X103.208 Y74.356 E425.34714
G1 X103.047 Y74.882 E425.37275
G1 X102.8 Y75.346 E425.39723
G1 X102.444 Y75.775 E425.42319
G1 X102.051 Y76.098 E425.44687
G1 X101.601 Y76.336 E425.47058
G1 X101.056 Y76.504 E425.49713
G1 X100.532 Y76.552 E425.52163
G1 F2400 E422.52163
G0 F9000 X100.502 Y76.857
G0 X99.424 Y76.576
G0 X99.012 Y76.356
G0 X97.517 Y75.104
G0 X91.448 Y74.148
G0 X90.21 Y74.418
G1 F2400 E425.52163
G1 F1800 X89.887 Y74.317 E425.53739
G1 X89.653 Y74.113 E425.55185
G1 X89.552 Y73.835 E425.56562
G1 X89.552 Y73.614 E425.57591
G1 X89.638 Y73.368 E425.58805
G1 X89.863 Y73.13 E425.6033
G1 X90.104 Y73.031 E425.61543
G1 X90.391 Y73.03 E425.62879
G1 X90.735 Y73.211 E425.64689
G1 X90.893 Y73.461 E425.66066
G1 X90.944 Y73.703 E425.67218
G1 X90.895 Y73.97 E425.68482
G1 X90.738 Y74.214 E425.69833
G1 X90.491 Y74.372 E425.71198
G1 X90.21 Y74.418 E425.72524
G1 F2400 E422.72524
G0 F9000 X90.119 Y74.714
G0 X89.078 Y74.182
G0 X88.799 Y73.848
G0 X87.439 Y75.058
G0 X87.482 Y74.408
G1 F2400 E425.72524
G1 F1800 X87.207 Y74.405 E425.73805
G1 X86.924 Y74.276 E425.75253
G1 X86.748 Y74.092 E425.76439
G1 X86.652 Y73.84 E425.77694
G1 X86.653 Y73.598 E425.78821
G1 X86.77 Y73.297 E425.80325
G1 X86.98 Y73.095 E425.81682
G1 X87.349 Y72.988 E425.83471
G1 X87.623 Y73.043 E425.84772
G1 X87.864 Y73.209 E425.86135
G1 X88.036 Y73.521 E425.87794
G1 X88.049 Y73.838 E425.89271
G1 X87.832 Y74.224 E425.91333
G1 X87.482 Y74.408 E425.93174
G1 F2400 E422.93174
G0 F9000 X87.439 Y75.058
G0 X86.557 Y76.07
G0 X86.419 Y76.41
G0 X86.42 Y76.785
G0 X86.561 Y77.126
G0 X86.789 Y77.353
G0 X87.255 Y77.593
G0 X87.344 Y77.298
G1 F2400 E425.93174
G1 F1800 X87.007 Y77.197 E425.94812
G1 X86.784 Y76.999 E425.96201
G1 X86.67 Y76.726 E425.97578
G1 X86.673 Y76.443 E425.98896
G1 X86.765 Y76.222 E426.00011
G1 X86.979 Y75.996 E426.0146
G1 X87.348 Y75.887 E426.03252
G1 X87.62 Y75.942 E426.04544
G1 X87.864 Y76.103 E426.05905
G1 X88.032 Y76.411 E426.07539
G1 X88.05 Y76.736 E426.09055
G1 X87.864 Y77.09 E426.10917
G1 X87.607 Y77.244 E426.12312
G1 X87.344 Y77.298 E426.13562
G1 F2400 E423.13562
G0 F9000 X87.255 Y77.593
G0 X86.842 Y77.406
G0 X86.561 Y77.126
G0 X86.277 Y75.892
G0 X85.342 Y74.645
G0 X84.438 Y74.427
G1 F2400 E426.13562
G1 F1800 X84.058 Y74.307 E426.15418
G1 X83.871 Y74.126 E426.16629
G1 X83.753 Y73.847 E426.1804
G1 X83.753 Y73.596 E426.19209
G1 X83.853 Y73.339 E426.20493
G1 X84.041 Y73.145 E426.21751
G1 X84.288 Y73.034 E426.23012
G1 X84.597 Y73.03 E426.24451
G1 X84.925 Y73.209 E426.26191
G1 X85.091 Y73.447 E426.27542
G1 X85.144 Y73.695 E426.28723
G1 X85.096 Y73.967 E426.30009
G1 X84.946 Y74.206 E426.31323
G1 X84.723 Y74.359 E426.32582
G1 X84.438 Y74.427 E426.33946
G1 F2400 E423.33946
G0 F9000 X84.499 Y74.728
G0 X85.12 Y74.397
G0 X85.325 Y74.088
G0 X85.402 Y73.72
G0 X85.613 Y73.157
G0 X86.132 Y73.318
G0 X87.353 Y71.496
G1 F2400 E426.33946
G1 F1800 X86.979 Y71.389 E426.35758
G1 X86.768 Y71.176 E426.37154
G1 X86.67 Y70.926 E426.38404
G1 X86.674 Y70.64 E426.39736
G1 X86.765 Y70.421 E426.4084
G1 X86.975 Y70.198 E426.42266
G1 X87.317 Y70.094 E426.43931
G1 X87.608 Y70.138 E426.45301
G1 X87.861 Y70.297 E426.46693
G1 X88.046 Y70.639 E426.48503
G1 X88.045 Y70.945 E426.49928
G1 X87.877 Y71.263 E426.51603
G1 X87.626 Y71.437 E426.53025
G1 X87.353 Y71.496 E426.54326
G1 F2400 E423.54326
G0 F9000 X87.443 Y72.121
G0 X86.649 Y71.405
G0 X86.098 Y70.513
G0 X76.716 Y64.576
G0 X75.42 Y64.376
G1 F2400 E426.54326
G1 F1800 X75.089 Y64.34 E426.55876
G1 X74.765 Y64.237 E426.57459
G1 X74.505 Y64.097 E426.58834
G1 X74.242 Y63.888 E426.60398
G1 X74.003 Y63.594 E426.62163
G1 X73.853 Y63.305 E426.63679
G1 X73.752 Y62.972 E426.65299
G1 X73.724 Y62.64 E426.6685
G1 X73.752 Y62.348 E426.68216
G1 X73.853 Y62.015 E426.69837
G1 X74.024 Y61.694 E426.7153
G1 X74.218 Y61.455 E426.72964
G1 X74.505 Y61.223 E426.74682
G1 X74.801 Y61.068 E426.76238
G1 X75.113 Y60.974 E426.77755
G1 X75.459 Y60.944 E426.79372
G1 X75.795 Y60.98 E426.80946
G1 X76.119 Y61.083 E426.82529
G1 X76.412 Y61.245 E426.84088
G1 X76.667 Y61.46 E426.85641
G1 X76.878 Y61.723 E426.87211
G1 X77.018 Y61.991 E426.88619
G1 X77.128 Y62.345 E426.90345
G1 X77.156 Y62.679 E426.91906
G1 X77.128 Y62.975 E426.9329
G1 X77.027 Y63.31 E426.9492
G1 X76.875 Y63.603 E426.96457
G1 X76.64 Y63.887 E426.98173
G1 X76.406 Y64.08 E426.99585
G1 X76.119 Y64.237 E427.01109
G1 X75.773 Y64.344 E427.02795
G1 X75.42 Y64.376 E427.04446
G1 F2400 E424.04446
G0 F9000 X75.39 Y64.682
G0 X76.716 Y64.576
G0 X126.673 Y77.65
G0 X132.288 Y80.08
G1 F2400 E427.04446
G1 F1800 X131.124 Y79.968 E427.09891
G1 X129.917 Y79.601 E427.15765
G1 X128.868 Y79.039 E427.21306
G1 X127.921 Y78.261 E427.27013
G1 X127.154 Y77.325 E427.32648
G1 X126.583 Y76.258 E427.38283
G1 X126.227 Y75.088 E427.43978
G1 X126.108 Y73.898 E427.49547
G1 X126.224 Y72.692 E427.55188
G1 X126.583 Y71.502 E427.60976
G1 X127.154 Y70.435 E427.66611
G1 X127.913 Y69.508 E427.7219
G1 X128.864 Y68.725 E427.77926
G1 X129.953 Y68.144 E427.83673
G1 X131.124 Y67.792 E427.89367
G1 X132.328 Y67.68 E427.94998
G1 X133.496 Y67.792 E428.00461
G1 X134.663 Y68.144 E428.06137
G1 X135.746 Y68.719 E428.11847
G1 X136.691 Y69.495 E428.1754
G1 X137.474 Y70.447 E428.2328
G1 X138.034 Y71.499 E428.2883
G1 X138.396 Y72.692 E428.34635
G1 X138.512 Y73.9 E428.40286
G1 X138.394 Y75.083 E428.45821
G1 X138.029 Y76.275 E428.51626
G1 X137.467 Y77.324 E428.57168
G1 X136.68 Y78.275 E428.62916
G1 X135.735 Y79.049 E428.68604
G1 X134.689 Y79.608 E428.74126
G1 X133.507 Y79.962 E428.79871
G1 X132.288 Y80.08 E428.85574
G1 F2400 E425.85574
G0 F9000 X132.258 Y80.388
G0 X133.567 Y80.209
G0 X134.78 Y79.841
G0 X135.896 Y79.246
G0 X136.873 Y78.442
G0 X137.676 Y77.465
G0 X138.271 Y76.349
G0 X138.639 Y75.138
G0 X138.74 Y74.12
G0 X138.576 Y71.28
G0 X143.335 Y64.573
G0 X144.58 Y64.376
G1 F2400 E428.85574
G1 F1800 X144.263 Y64.344 E428.87058
G1 X143.961 Y64.252 E428.88528
G1 X143.654 Y64.088 E428.90149
G1 X143.377 Y63.86 E428.91819
G1 X143.179 Y63.62 E428.93268
G1 X143.019 Y63.323 E428.94839
G1 X142.918 Y63.005 E428.96392
G1 X142.884 Y62.64 E428.98099
G1 X142.912 Y62.348 E428.99465
G1 X143.013 Y62.015 E429.01086
G1 X143.185 Y61.692 E429.0279
G1 X143.406 Y61.432 E429.04378
G1 X143.668 Y61.224 E429.05936
G1 X143.961 Y61.068 E429.07482
G1 X144.273 Y60.974 E429.08999
G1 X144.62 Y60.944 E429.10621
G1 X144.912 Y60.972 E429.11987
G1 X145.28 Y61.084 E429.13778
G1 X145.566 Y61.244 E429.15304
G1 X145.827 Y61.46 E429.16881
G1 X146.019 Y61.692 E429.18284
G1 X146.192 Y62.018 E429.20002
G1 X146.288 Y62.348 E429.21603
G1 X146.316 Y62.68 E429.23154
G1 X146.286 Y62.987 E429.2459
G1 X146.177 Y63.338 E429.26302
G1 X146.019 Y63.628 E429.27839
G1 X145.798 Y63.888 E429.29428
G1 X145.536 Y64.096 E429.30986
G1 X145.242 Y64.252 E429.32536
G1 X144.912 Y64.348 E429.34136
G1 X144.58 Y64.376 E429.35688
G1 F2400 E426.35688
G0 F9000 X144.548 Y64.683
G0 X143.718 Y64.785
G0 X143.718 Y161.768
G0 X110 Y161.608
;TYPE:SKIN
G1 F2400 E429.35688
G1 F1800 X70.96 Y161.608 E431.17474
G1 X70.96 Y58.388 E435.9811
G1 X149.036 Y58.388 E439.61664
G1 X149.036 Y161.608 E444.423
G1 X110 Y161.608 E446.24068
G1 F2400 E443.24068
G0 F9000 X110 Y161.868
G0 X109.998 Y123.986
G0 X110 Y124.145
G1 F2400 E446.24068
G1 F1800 X126.986 Y124.142 E447.03162
G1 X127.332 Y124.037 E447.04845
G1 X127.57 Y123.861 E447.06224
G1 X127.718 Y123.673 E447.07338
G1 X127.84 Y123.281 E447.0925
G1 X127.848 Y90.137 E448.63582
G1 X127.787 Y89.849 E448.64953
G1 X127.624 Y89.569 E448.66461
G1 X127.474 Y89.428 E448.6742
G1 X127.166 Y89.268 E448.69036
G1 X126.968 Y89.229 E448.69976
G1 X92.882 Y89.228 E450.28695
G1 X92.589 Y89.272 E450.30074
G1 X92.292 Y89.433 E450.31647
G1 X92.061 Y89.692 E450.33263
G1 X91.931 Y90.104 E450.35275
G1 X91.928 Y123.385 E451.90245
G1 X92.094 Y123.728 E451.9202
G1 X92.327 Y123.967 E451.93574
G1 X92.584 Y124.101 E451.94923
G1 X92.839 Y124.148 E451.96131
G1 X110 Y124.145 E452.7604
G1 F2400 E449.7604
G0 F9000 X110 Y123.886
G0 X92.45 Y123.626
G0 X92.46 Y89.743
G0 X76.322 Y64.782
G0 X75.42 Y65.14
G1 F2400 E452.7604
G1 F1800 X75.925 Y65.084 E452.78405
G1 X76.409 Y64.938 E452.80759
G1 X76.814 Y64.725 E452.8289
G1 X77.206 Y64.393 E452.85282
G1 X77.507 Y64.027 E452.87489
G1 X77.736 Y63.583 E452.89815
G1 X77.864 Y63.163 E452.9186
G1 X77.92 Y62.64 E452.94309
G1 X77.876 Y62.192 E452.96405
G1 X77.731 Y61.723 E452.98691
G1 X77.518 Y61.304 E453.00879
G1 X77.179 Y60.888 E453.03378
G1 X76.831 Y60.604 E453.0547
G1 X76.378 Y60.36 E453.07866
G1 X75.897 Y60.22 E453.10198
G1 X75.457 Y60.184 E453.12254
G1 X74.991 Y60.22 E453.1443
G1 X74.512 Y60.355 E453.16748
G1 X74.049 Y60.604 E453.19196
G1 X73.705 Y60.884 E453.21261
G1 X73.384 Y61.273 E453.23609
G1 X73.148 Y61.708 E453.25914
G1 X73.008 Y62.16 E453.28117
G1 X72.956 Y62.64 E453.30365
G1 X73.006 Y63.123 E453.32626
G1 X73.144 Y63.586 E453.34876
G1 X73.387 Y64.045 E453.37294
G1 X73.667 Y64.397 E453.39389
G1 X74.05 Y64.712 E453.41698
G1 X74.502 Y64.956 E453.4409
G1 X74.942 Y65.088 E453.46229
G1 X75.42 Y65.14 E453.48468
G1 F2400 E450.48468
G0 F9000 X75.445 Y64.882
G0 X76.322 Y64.782
G0 X86.578 Y75.567
G0 X87.461 Y78.047
G1 F2400 E453.48468
G1 F1800 X87.919 Y77.947 E453.5065
G1 X88.304 Y77.703 E453.52773
G1 X88.494 Y77.521 E453.53998
G1 X88.734 Y77.051 E453.56455
G1 X88.803 Y76.787 E453.57726
G1 X88.796 Y76.363 E453.59701
G1 X88.734 Y76.128 E453.60832
G1 X88.466 Y75.607 E453.6356
G1 X88.077 Y75.329 E453.65787
G1 X87.751 Y75.13 E453.67565
G1 X88.213 Y74.876 E453.7002
G1 X88.454 Y74.676 E453.71478
G1 X88.678 Y74.273 E453.73625
G1 X88.795 Y74.144 E453.74436
G1 X88.905 Y74.287 E453.75276
G1 X89.057 Y74.595 E453.76876
G1 X89.495 Y74.987 E453.79613
G1 X89.949 Y75.135 E453.81836
G1 X90.264 Y75.192 E453.83327
G1 X90.796 Y75.086 E453.85853
G1 X91.184 Y74.827 E453.88025
G1 X91.361 Y74.65 E453.89191
G1 X91.613 Y74.215 E453.91531
G1 X91.724 Y73.717 E453.93907
G1 X91.592 Y73.133 E453.96695
G1 X91.36 Y72.784 E453.98647
G1 X91.103 Y72.546 E454.00278
G1 X90.723 Y72.343 E454.02284
G1 X90.498 Y72.278 E454.03374
G1 X89.949 Y72.259 E454.05932
G1 X89.411 Y72.507 E454.08691
G1 X89.065 Y72.84 E454.10927
G1 X88.805 Y73.325 E454.13489
G1 X88.49 Y72.767 E454.16473
G1 X88.208 Y72.5 E454.18281
G1 X87.738 Y72.238 E454.20787
G1 X88.158 Y72.013 E454.23005
G1 X88.459 Y71.769 E454.2481
G1 X88.713 Y71.299 E454.27297
G1 X88.806 Y71.017 E454.2868
G1 X88.795 Y70.527 E454.30962
G1 X88.746 Y70.342 E454.31853
G1 X88.537 Y69.945 E454.33942
G1 X88.33 Y69.702 E454.35429
G1 X87.921 Y69.424 E454.37732
G1 X87.438 Y69.334 E454.40019
G1 X87.183 Y69.342 E454.41207
G1 X86.803 Y69.452 E454.43049
G1 X86.489 Y69.613 E454.44693
G1 X86.117 Y69.993 E454.47169
G1 X85.922 Y70.464 E454.49542
G1 X85.903 Y71.082 E454.52421
G1 X86.151 Y71.646 E454.5529
G1 X86.555 Y72.015 E454.57838
G1 X86.772 Y72.116 E454.58953
G1 X87 Y72.241 E454.60163
G1 X86.774 Y72.365 E454.61364
G1 X86.493 Y72.495 E454.62805
G1 X86.117 Y72.885 E454.65328
G1 X85.975 Y73.226 E454.67048
G1 X85.896 Y73.321 E454.67623
G1 X85.72 Y73.02 E454.69247
G1 X85.488 Y72.684 E454.71148
G1 X85.261 Y72.52 E454.72452
G1 X84.911 Y72.341 E454.74283
G1 X84.647 Y72.265 E454.75562
G1 X84.107 Y72.282 E454.78078
G1 X83.619 Y72.494 E454.80555
G1 X83.218 Y72.893 E454.83189
G1 X82.997 Y73.414 E454.85824
G1 X82.997 Y73.995 E454.8853
G1 X83.211 Y74.537 E454.91243
G1 X83.564 Y74.886 E454.93555
G1 X83.809 Y75.027 E454.94871
G1 X84.261 Y75.161 E454.97066
G1 X84.564 Y75.178 E454.98479
G1 X85.016 Y75.067 E455.00646
G1 X85.476 Y74.764 E455.03211
G1 X85.708 Y74.435 E455.05086
G1 X85.894 Y74.151 E455.06667
G1 X85.963 Y74.223 E455.07131
G1 X86.124 Y74.543 E455.08799
G1 X86.474 Y74.903 E455.11137
G1 X86.979 Y75.143 E455.13741
G1 X86.827 Y75.249 E455.14603
G1 X86.469 Y75.414 E455.16439
G1 X86.121 Y75.79 E455.18825
G1 X85.908 Y76.287 E455.21342
G1 X85.91 Y76.861 E455.24015
G1 X86.106 Y77.393 E455.26655
G1 X86.462 Y77.746 E455.2899
G1 X86.692 Y77.889 E455.30251
G1 X87.218 Y78.048 E455.32809
G1 X87.461 Y78.047 E455.33941
G1 F2400 E452.33941
G0 F9000 X87.432 Y77.789
G0 X88.57 Y76.987
G0 X98.731 Y76.578
G0 X100.532 Y77.316
G1 F2400 E455.33941
G1 F1800 X101.211 Y77.243 E455.37121
G1 X101.899 Y77.039 E455.40462
G1 X102.501 Y76.711 E455.43655
G1 X102.984 Y76.315 E455.46563
G1 X103.424 Y75.774 E455.4981
G1 X103.753 Y75.155 E455.53074
G1 X103.947 Y74.549 E455.56037
G1 X104.02 Y73.868 E455.59226
G1 X103.956 Y73.188 E455.62407
G1 X103.763 Y72.571 E455.65417
G1 X103.444 Y71.941 E455.68705
G1 X102.988 Y71.389 E455.72039
G1 X102.48 Y70.969 E455.75108
G1 X101.867 Y70.646 E455.78335
G1 X101.207 Y70.453 E455.81537
G1 X100.552 Y70.38 E455.84605
G1 X99.881 Y70.454 E455.87749
G1 X99.223 Y70.651 E455.90947
G1 X98.632 Y70.965 E455.94063
G1 X98.113 Y71.395 E455.97202
G1 X97.68 Y71.916 E456.00356
G1 X97.353 Y72.51 E456.03514
G1 X97.153 Y73.189 E456.0681
G1 X97.084 Y73.857 E456.09937
G1 X97.159 Y74.528 E456.13081
G1 X97.349 Y75.175 E456.1622
G1 X97.674 Y75.773 E456.1939
G1 X98.129 Y76.321 E456.22706
G1 X98.625 Y76.723 E456.25679
G1 X99.214 Y77.037 E456.28787
G1 X99.888 Y77.252 E456.32081
G1 X100.532 Y77.316 E456.35095
G1 F2400 E453.35095
G0 F9000 X100.557 Y77.058
G0 X102.4 Y76.563
G0 X109.151 Y77.64
G0 X114.777 Y80.84
G1 F2400 E456.35095
G1 F1800 X116.136 Y80.712 E456.41451
G1 X117.483 Y80.305 E456.48003
G1 X118.651 Y79.677 E456.54178
G1 X119.708 Y78.811 E456.60541
G1 X120.59 Y77.745 E456.66984
G1 X121.22 Y76.57 E456.73192
G1 X121.633 Y75.229 E456.79725
G1 X121.764 Y73.852 E456.86166
G1 X121.62 Y72.497 E456.92511
G1 X121.225 Y71.206 E456.98798
G1 X120.582 Y70.007 E457.05133
G1 X119.722 Y68.954 E457.11464
G1 X118.651 Y68.083 E457.17892
G1 X117.479 Y67.451 E457.24092
G1 X116.132 Y67.04 E457.3065
G1 X114.812 Y66.912 E457.36825
G1 X113.461 Y67.042 E457.43145
G1 X112.113 Y67.451 E457.49704
G1 X110.945 Y68.079 E457.55879
G1 X109.874 Y68.95 E457.62307
G1 X109.001 Y70.016 E457.68723
G1 X108.371 Y71.193 E457.74939
G1 X107.96 Y72.544 E457.81515
G1 X107.828 Y73.893 E457.87826
G1 X107.956 Y75.2 E457.93941
G1 X108.364 Y76.539 E458.00459
G1 X108.999 Y77.736 E458.06769
G1 X109.87 Y78.798 E458.13164
G1 X110.945 Y79.677 E458.1963
G1 X112.109 Y80.305 E458.25789
G1 X113.461 Y80.716 E458.32369
G1 X114.777 Y80.84 E458.38524
G1 F2400 E455.38524
G0 F9000 X114.801 Y80.581
G0 X117.397 Y80.15
G0 X129.71 Y80.149
G0 X132.296 Y80.84
G1 F2400 E458.38524
G1 F1800 X133.664 Y80.707 E458.44924
G1 X134.982 Y80.306 E458.51339
G1 X136.171 Y79.675 E458.57607
G1 X137.23 Y78.798 E458.64009
G1 X138.099 Y77.744 E458.7037
G1 X138.729 Y76.567 E458.76586
G1 X139.142 Y75.211 E458.83187
G1 X139.276 Y73.88 E458.89416
G1 X139.136 Y72.501 E458.9587
G1 X138.74 Y71.213 E459.02145
G1 X138.089 Y69.997 E459.08567
G1 X137.23 Y68.954 E459.14859
G1 X136.2 Y68.101 E459.21086
G1 X134.991 Y67.451 E459.27478
G1 X133.644 Y67.04 E459.34036
G1 X132.324 Y66.912 E459.40211
G1 X130.973 Y67.042 E459.46531
G1 X129.625 Y67.451 E459.5309
G1 X128.457 Y68.079 E459.59265
G1 X127.386 Y68.95 E459.65693
G1 X126.522 Y70.007 E459.7205
G1 X125.887 Y71.189 E459.78298
G1 X125.48 Y72.515 E459.84757
G1 X125.34 Y73.901 E459.91243
G1 X125.479 Y75.236 E459.97493
G1 X125.883 Y76.554 E460.03912
G1 X126.522 Y77.749 E460.10222
G1 X127.378 Y78.794 E460.16512
G1 X128.457 Y79.677 E460.23004
G1 X129.639 Y80.313 E460.29255
G1 X130.972 Y80.712 E460.35734
G1 X132.296 Y80.84 E460.41927
G1 F2400 E457.41927
G0 F9000 X132.321 Y80.581
G0 X134.78 Y79.841
G0 X135.896 Y79.246
G0 X136.873 Y78.442
G0 X137.676 Y77.465
G0 X138.271 Y76.349
G0 X138.639 Y75.138
G0 X138.74 Y74.12
G0 X138.576 Y71.28
G0 X143.718 Y64.785
G0 X144.616 Y65.14
G1 F2400 E460.41927
G1 F1800 X145.06 Y65.096 E460.44005
G1 X145.531 Y64.956 E460.46293
G1 X145.963 Y64.729 E460.48565
G1 X146.336 Y64.427 E460.508
G1 X146.651 Y64.052 E460.53081
G1 X146.888 Y63.62 E460.55375
G1 X147.034 Y63.123 E460.57787
G1 X147.076 Y62.656 E460.5997
G1 X147.036 Y62.201 E460.62097
G1 X146.885 Y61.69 E460.64578
G1 X146.654 Y61.263 E460.66839
G1 X146.354 Y60.907 E460.69007
G1 X145.987 Y60.604 E460.71223
G1 X145.581 Y60.376 E460.73391
G1 X145.057 Y60.22 E460.75937
G1 X144.617 Y60.184 E460.77993
G1 X144.151 Y60.22 E460.80169
G1 X143.672 Y60.355 E460.82486
G1 X143.213 Y60.604 E460.84918
G1 X142.865 Y60.888 E460.87009
G1 X142.523 Y61.301 E460.89506
G1 X142.319 Y61.681 E460.91514
G1 X142.168 Y62.156 E460.93835
G1 X142.116 Y62.636 E460.96083
G1 X142.16 Y63.12 E460.98346
G1 X142.314 Y63.612 E461.00747
G1 X142.544 Y64.039 E461.03005
G1 X142.857 Y64.424 E461.05316
G1 X143.233 Y64.72 E461.07544
G1 X143.631 Y64.94 E461.09662
G1 X144.103 Y65.086 E461.11962
G1 X144.616 Y65.14 E461.14364
G1 F2400 E458.14364
G0 F9000 X144.594 Y64.882
G0 X145.696 Y64.296
G0 X146.239 Y63.753
G0 X146.532 Y63.043
G0 X146.532 Y62.425
G0 X146.22 Y61.027
G0 X146.22 Y58.228
G0 X148.532 Y58.588
G1 F2400 E461.14364
G1 F1800 X148.836 Y58.892 E461.16366
G0 F9000 X148.836 Y59.458
G1 F1800 X147.966 Y58.588 E461.22095
G0 F9000 X147.401 Y58.588
G1 F1800 X148.836 Y60.023 E461.31545
G0 F9000 X148.836 Y60.589
G1 F1800 X146.835 Y58.588 E461.44722
G0 F9000 X146.269 Y58.588
G1 F1800 X148.836 Y61.155 E461.61626
G0 F9000 X148.836 Y61.721
G1 F1800 X145.704 Y58.588 E461.82254
G0 F9000 X145.138 Y58.588
G1 F1800 X148.836 Y62.286 E462.06606
G0 F9000 X148.836 Y62.852
G1 F1800 X144.572 Y58.588 E462.34685
G0 F9000 X144.007 Y58.588
G1 F1800 X145.581 Y60.162 E462.4505
G0 F9000 X144.856 Y60.004
G1 F1800 X143.441 Y58.588 E462.54371
G0 F9000 X142.875 Y58.588
G1 F1800 X144.295 Y60.008 E462.63722
G0 F9000 X143.824 Y60.103
G1 F1800 X142.309 Y58.588 E462.73699
G0 F9000 X141.744 Y58.588
G1 F1800 X143.419 Y60.263 E462.84729
G0 F9000 X143.06 Y60.47
G1 F1800 X141.178 Y58.588 E462.97122
G0 F9000 X140.612 Y58.588
G1 F1800 X142.749 Y60.725 E463.11195
G0 F9000 X142.486 Y61.028
G1 F1800 X140.047 Y58.588 E463.27259
G0 F9000 X139.481 Y58.588
G1 F1800 X142.261 Y61.368 E463.45566
G0 F9000 X142.083 Y61.755
G1 F1800 X138.915 Y58.588 E463.66425
G0 F9000 X138.35 Y58.588
G1 F1800 X141.959 Y62.198 E463.90194
G0 F9000 X141.92 Y62.724
G1 F1800 X137.784 Y58.588 E464.1743
G0 F9000 X137.218 Y58.588
G1 F1800 X142.04 Y63.41 E464.49184
G1 F2400 E461.49184
G0 F9000 X142.479 Y63.27
G0 X143.978 Y64.78
G0 X143.847 Y65.217
G1 F2400 E464.49184
G1 F1800 X148.836 Y70.206 E464.82037
G0 F9000 X148.836 Y70.771
G1 F1800 X136.653 Y58.588 E465.62264
G0 F9000 X136.087 Y58.588
G1 F1800 X148.836 Y71.337 E466.46219
G0 F9000 X148.836 Y71.903
G1 F1800 X135.521 Y58.588 E467.339
G0 F9000 X134.956 Y58.588
G1 F1800 X148.836 Y72.469 E468.25306
G0 F9000 X148.836 Y73.034
G1 F1800 X134.39 Y58.588 E469.20435
G0 F9000 X133.824 Y58.588
G1 F1800 X148.836 Y73.6 E470.19292
G0 F9000 X148.836 Y74.166
G1 F1800 X133.259 Y58.588 E471.21872
G0 F9000 X132.693 Y58.588
G1 F1800 X148.836 Y74.731 E472.28177
G0 F9000 X148.836 Y75.297
G1 F1800 X132.127 Y58.588 E473.38208
G0 F9000 X131.561 Y58.588
G1 F1800 X148.836 Y75.863 E474.51967
G0 F9000 X148.836 Y76.428
G1 F1800 X130.996 Y58.588 E475.69447
G0 F9000 X130.43 Y58.588
G1 F1800 X148.836 Y76.994 E476.90653
G0 F9000 X148.836 Y77.56
G1 F1800 X129.864 Y58.588 E478.15587
G0 F9000 X129.299 Y58.588
G1 F1800 X148.836 Y78.125 E479.44241
G0 F9000 X148.836 Y78.691
G1 F1800 X128.733 Y58.588 E480.76623
G0 F9000 X128.167 Y58.588
G1 F1800 X148.836 Y79.257 E482.12732
G0 F9000 X148.836 Y79.822
G1 F1800 X127.602 Y58.588 E483.52562
G0 F9000 X127.036 Y58.588
G1 F1800 X136.718 Y68.27 E484.16319
G1 F2400 E481.16319
G0 F9000 X136.424 Y68.626
G0 X137.533 Y69.732
G0 X137.889 Y69.441
G1 F2400 E484.16319
G1 F1800 X148.836 Y80.388 E484.88407
G0 F9000 X148.836 Y80.954
G1 F1800 X138.814 Y70.932 E485.54404
G0 F9000 X139.135 Y71.819
G1 F1800 X148.836 Y81.52 E486.18286
G0 F9000 X148.836 Y82.085
G1 F1800 X139.35 Y72.599 E486.80753
G0 F9000 X139.411 Y73.226
G1 F1800 X148.836 Y82.651 E487.42819
G0 F9000 X148.836 Y83.217
G1 F1800 X139.473 Y73.853 E488.04479
G0 F9000 X139.426 Y74.372
G1 F1800 X148.836 Y83.782 E488.66445
G0 F9000 X148.836 Y84.348
G1 F1800 X139.375 Y74.887 E489.28748
G0 F9000 X139.299 Y75.377
G1 F1800 X148.836 Y84.914 E489.9155
G0 F9000 X148.836 Y85.479
G1 F1800 X139.169 Y75.812 E490.55209
G0 F9000 X139.038 Y76.247
G1 F1800 X148.836 Y86.045 E491.19731
G0 F9000 X148.836 Y86.611
G1 F1800 X138.898 Y76.673 E491.85174
G0 F9000 X138.701 Y77.041
G1 F1800 X148.836 Y87.176 E492.51915
G0 F9000 X148.836 Y87.742
G1 F1800 X138.504 Y77.41 E493.19953
G0 F9000 X138.307 Y77.778
G1 F1800 X148.836 Y88.308 E493.89291
G0 F9000 X148.836 Y88.873
G1 F1800 X138.063 Y78.101 E494.6023
G0 F9000 X137.808 Y78.411
G1 F1800 X148.836 Y89.439 E495.32851
G0 F9000 X148.836 Y90.005
G1 F1800 X137.553 Y78.721 E496.07155
G0 F9000 X137.282 Y79.016
G1 F1800 X148.836 Y90.57 E496.8324
G0 F9000 X148.836 Y91.136
G1 F1800 X136.973 Y79.273 E497.6136
G0 F9000 X136.664 Y79.53
G1 F1800 X148.836 Y91.702 E498.41515
G0 F9000 X148.836 Y92.268
G1 F1800 X136.354 Y79.786 E499.23711
G0 F9000 X135.999 Y79.996
G1 F1800 X148.836 Y92.833 E500.08245
G0 F9000 X148.836 Y93.399
G1 F1800 X135.629 Y80.192 E500.95215
G0 F9000 X135.258 Y80.387
G1 F1800 X148.836 Y93.965 E501.84629
G0 F9000 X148.836 Y94.53
G1 F1800 X134.857 Y80.551 E502.76683
G0 F9000 X134.424 Y80.684
G1 F1800 X148.836 Y95.096 E503.71588
G0 F9000 X148.836 Y95.662
G1 F1800 X133.99 Y80.816 E504.69352
G0 F9000 X133.529 Y80.92
G1 F1800 X148.836 Y96.227 E505.70151
G0 F9000 X148.836 Y96.793
G1 F1800 X133.015 Y80.972 E506.74335
G0 F9000 X132.502 Y81.025
G1 F1800 X148.836 Y97.359 E507.81897
G0 F9000 X148.836 Y97.924
G1 F1800 X131.911 Y81 E508.93348
G0 F9000 X131.287 Y80.941
G1 F1800 X148.836 Y98.49 E510.08911
G0 F9000 X148.836 Y99.056
G1 F1800 X130.586 Y80.805 E511.29093
G0 F9000 X129.775 Y80.56
G1 F1800 X148.836 Y99.621 E512.54613
G0 F9000 X148.836 Y100.187
G1 F1800 X128.666 Y80.017 E513.87436
G1 F2400 E510.87436
G0 F9000 X128.884 Y79.613
G0 X126.584 Y77.314
G0 X126.179 Y77.53
G1 F2400 E513.87436
G1 F1800 X121.901 Y73.252 E514.15608
G0 F9000 X121.964 Y73.881
G1 F1800 X148.836 Y100.753 E515.92564
G0 F9000 X148.836 Y101.319
G1 F1800 X121.914 Y74.396 E517.69854
G0 F9000 X121.863 Y74.912
G1 F1800 X148.836 Y101.884 E519.47472
G0 F9000 X148.836 Y102.45
G1 F1800 X121.788 Y75.402 E521.25588
G0 F9000 X121.656 Y75.836
G1 F1800 X148.836 Y103.016 E523.04573
G0 F9000 X148.836 Y103.581
G1 F1800 X121.525 Y76.27 E524.8442
G0 F9000 X121.381 Y76.692
G1 F1800 X148.836 Y104.147 E526.65216
G0 F9000 X148.836 Y104.713
G1 F1800 X121.183 Y77.06 E528.47316
G0 F9000 X120.986 Y77.428
G1 F1800 X148.836 Y105.278 E530.30713
G0 F9000 X148.836 Y105.844
G1 F1800 X120.789 Y77.797 E532.15407
G0 F9000 X120.543 Y78.116
G1 F1800 X148.836 Y106.41 E534.01725
G0 F9000 X148.836 Y106.975
G1 F1800 X120.287 Y78.426 E535.89725
G0 F9000 X120.031 Y78.736
G1 F1800 X148.836 Y107.541 E537.79411
G0 F9000 X148.836 Y108.107
G1 F1800 X119.757 Y79.028 E539.70901
G0 F9000 X119.447 Y79.284
G1 F1800 X148.836 Y108.672 E541.64429
G0 F9000 X148.836 Y109.238
G1 F1800 X119.138 Y79.54 E543.59996
G0 F9000 X118.828 Y79.796
G1 F1800 X148.836 Y109.804 E545.57603
G0 F9000 X148.836 Y110.369
G1 F1800 X118.469 Y80.003 E547.57572
G0 F9000 X118.101 Y80.2
G1 F1800 X126.931 Y89.03 E548.15719
G0 F9000 X126.365 Y89.03
G1 F1800 X117.733 Y80.398 E548.72562
G0 F9000 X117.332 Y80.563
G1 F1800 X125.799 Y89.03 E549.28319
G0 F9000 X125.234 Y89.03
G1 F1800 X116.898 Y80.694 E549.83213
G0 F9000 X116.463 Y80.825
G1 F1800 X124.668 Y89.03 E550.37244
G0 F9000 X124.102 Y89.03
G1 F1800 X115.999 Y80.927 E550.90604
G0 F9000 X115.483 Y80.976
G1 F1800 X123.537 Y89.03 E551.43641
G0 F9000 X122.971 Y89.03
G1 F1800 X114.968 Y81.027 E551.96342
G0 F9000 X114.379 Y81.003
G1 F1800 X122.405 Y89.03 E552.49198
G0 F9000 X121.839 Y89.03
G1 F1800 X113.754 Y80.944 E553.02442
G0 F9000 X113.047 Y80.803
G1 F1800 X121.274 Y89.03 E553.56618
G0 F9000 X120.708 Y89.03
G1 F1800 X112.235 Y80.556 E554.12418
G0 F9000 X112.369 Y80.117
G0 X111.32 Y79.585
G0 X111.102 Y79.989
G1 F1800 X120.142 Y89.03 E554.71951
G0 F9000 X119.577 Y89.03
G1 F1800 X104.203 Y73.656 E555.73191
G0 F9000 X104.187 Y74.205
G1 F1800 X119.011 Y89.03 E556.70813
G0 F9000 X118.445 Y89.03
G1 F1800 X104.109 Y74.694 E557.65218
G0 F9000 X103.973 Y75.123
G1 F1800 X117.88 Y89.03 E558.56798
G0 F9000 X117.314 Y89.03
G1 F1800 X103.791 Y75.506 E559.45853
G0 F9000 X103.596 Y75.878
G1 F1800 X116.748 Y89.03 E560.32461
G0 F9000 X116.183 Y89.03
G1 F1800 X103.344 Y76.191 E561.17008
G0 F9000 X103.081 Y76.494
G1 F1800 X115.616 Y89.029 E561.99553
G0 F9000 X115.051 Y89.029
G1 F1800 X102.769 Y76.748 E562.80429
G0 F9000 X102.433 Y76.977
G1 F1800 X114.485 Y89.029 E563.59793
G0 F9000 X113.919 Y89.029
G1 F1800 X102.066 Y77.176 E564.37847
G0 F9000 X101.648 Y77.324
G1 F1800 X113.353 Y89.029 E565.14927
G0 F9000 X112.788 Y89.029
G1 F1800 X101.205 Y77.446 E565.91203
G0 F9000 X100.696 Y77.503
G1 F1800 X112.222 Y89.029 E566.67104
G0 F9000 X111.656 Y89.029
G1 F1800 X100.1 Y77.473 E567.43202
G0 F9000 X99.351 Y77.29
G1 F1800 X111.091 Y89.029 E568.20508
G0 F9000 X110.525 Y89.029
G1 F1800 X80.084 Y58.588 E570.20968
G0 F9000 X79.518 Y58.588
G1 F1800 X109.959 Y89.029 E572.21427
G0 F9000 X109.394 Y89.029
G1 F1800 X78.953 Y58.588 E574.21886
G0 F9000 X78.387 Y58.588
G1 F1800 X108.828 Y89.029 E576.22345
G0 F9000 X108.262 Y89.029
G1 F1800 X77.821 Y58.588 E578.22804
G0 F9000 X77.256 Y58.588
G1 F1800 X87.878 Y69.21 E578.92752
G0 F9000 X87.242 Y69.14
G1 F1800 X76.69 Y58.588 E579.62239
G0 F9000 X76.124 Y58.588
G1 F1800 X86.785 Y69.249 E580.32443
G0 F9000 X86.405 Y69.434
G1 F1800 X75.559 Y58.588 E581.03866
G0 F9000 X74.993 Y58.588
G1 F1800 X76.724 Y60.319 E581.15265
G0 F9000 X75.856 Y60.017
G1 F1800 X74.427 Y58.588 E581.24675
G0 F9000 X73.862 Y58.588
G1 F1800 X75.271 Y59.997 E581.33954
G0 F9000 X74.777 Y60.069
G1 F1800 X73.296 Y58.588 E581.43706
G0 F9000 X72.73 Y58.588
G1 F1800 X74.352 Y60.21 E581.54387
G0 F9000 X73.988 Y60.412
G1 F1800 X72.164 Y58.588 E581.66399
G0 F9000 X71.599 Y58.588
G1 F1800 X73.667 Y60.656 E581.80017
G0 F9000 X73.393 Y60.948
G1 F1800 X71.16 Y58.715 E581.94722
G0 F9000 X71.16 Y59.28
G1 F1800 X73.154 Y61.274 E582.07852
G0 F9000 X72.959 Y61.646
G1 F1800 X71.16 Y59.846 E582.19702
G0 F9000 X71.16 Y60.412
G1 F1800 X72.825 Y62.077 E582.30667
G0 F9000 X72.761 Y62.579
G1 F1800 X71.16 Y60.977 E582.41213
G0 F9000 X71.16 Y61.543
G1 F1800 X72.824 Y63.207 E582.52171
G0 F9000 X73.262 Y63.072
G0 X73.652 Y63.963
G0 X73.299 Y64.248
G1 F1800 X71.16 Y62.109 E582.66256
G0 F9000 X71.16 Y62.674
G1 F1800 X82.979 Y74.494 E583.4409
G0 F9000 X82.799 Y73.748
G1 F1800 X73.895 Y64.845 E584.02721
G0 F9000 X74.186 Y64.487
G0 X75.009 Y64.839
G0 X74.902 Y65.286
G1 F1800 X82.855 Y73.238 E584.55089
G0 F9000 X83.02 Y72.838
G1 F1800 X75.517 Y65.335 E585.04498
G0 F9000 X76.014 Y65.266
G1 F1800 X83.288 Y72.54 E585.52398
G0 F9000 X83.598 Y72.285
G1 F1800 X76.45 Y65.137 E585.99469
G0 F9000 X76.826 Y64.946
G1 F1800 X83.994 Y72.114 E586.46672
G0 F9000 X84.514 Y72.069
G1 F1800 X77.148 Y64.703 E586.95178
G0 F9000 X77.437 Y64.426
G1 F1800 X85.356 Y72.346 E587.47329
G0 F9000 X85.821 Y72.81
G1 F1800 X85.9 Y72.889 E587.4785
G0 F9000 X86.146 Y72.57
G1 F1800 X77.688 Y64.112 E588.03547
G0 F9000 X77.879 Y63.737
G1 F1800 X86.441 Y72.299 E588.59929
G0 F9000 X87.292 Y72.364
G0 X86.165 Y71.011
G0 X85.707 Y70.999
G1 F1800 X78.024 Y63.316 E589.10523
G0 F9000 X78.103 Y62.829
G1 F1800 X85.717 Y70.443 E589.60663
G0 F9000 X85.882 Y70.043
G1 F1800 X78.082 Y62.242 E590.1203
G0 F9000 X77.777 Y61.372
G1 F1800 X86.112 Y69.707 E590.66918
G1 F2400 E587.66918
G0 F9000 X86.439 Y70.034
G0 X87.329 Y69.834
G0 X87.644 Y69.893
G0 X88.504 Y70.428
G0 X88.924 Y70.256
G1 F2400 E590.66918
G1 F1800 X90.861 Y72.193 E590.79673
G0 F9000 X90.17 Y72.068
G1 F1800 X89.001 Y70.899 E590.87371
G0 F9000 X88.899 Y71.363
G1 F1800 X89.693 Y72.157 E590.926
G0 F9000 X89.303 Y72.333
G1 F1800 X88.704 Y71.734 E590.96544
G0 F9000 X88.444 Y72.039
G1 F1800 X89.016 Y72.611 E591.00311
G0 F9000 X88.991 Y73.34
G0 X88.709 Y73.919
G0 X88.731 Y74.588
G1 F1800 X103.17 Y89.028 E591.95398
G0 F9000 X102.605 Y89.028
G1 F1800 X88.486 Y74.909 E592.88374
G0 F9000 X88.767 Y75.756
G1 F1800 X102.039 Y89.028 E593.75772
G0 F9000 X101.473 Y89.028
G1 F1800 X89.001 Y76.556 E594.57902
G0 F9000 X88.938 Y77.058
G1 F1800 X100.908 Y89.028 E595.36727
G0 F9000 X100.342 Y89.028
G1 F1800 X88.759 Y77.445 E596.13003
G0 F9000 X88.52 Y77.772
G1 F1800 X99.776 Y89.028 E596.87125
G0 F9000 X99.211 Y89.028
G1 F1800 X88.192 Y78.01 E597.59684
G0 F9000 X87.799 Y78.182
G1 F1800 X98.645 Y89.028 E598.31107
G0 F9000 X98.079 Y89.028
G1 F1800 X87.297 Y78.246 E599.02108
G0 F9000 X86.469 Y77.983
G1 F1800 X97.514 Y89.028 E599.74841
G0 F9000 X96.948 Y89.028
G1 F1800 X71.16 Y63.24 E601.4466
G0 F9000 X71.16 Y63.806
G1 F1800 X96.382 Y89.028 E603.10751
G0 F9000 X95.817 Y89.028
G1 F1800 X71.16 Y64.371 E604.73122
G0 F9000 X71.16 Y64.937
G1 F1800 X95.251 Y89.028 E606.31765
G0 F9000 X94.685 Y89.028
G1 F1800 X71.16 Y65.503 E607.86681
G0 F9000 X71.16 Y66.069
G1 F1800 X94.119 Y89.028 E609.3787
G0 F9000 X93.554 Y89.028
G1 F1800 X71.16 Y66.634 E610.85338
G0 F9000 X71.16 Y67.2
G1 F1800 X92.988 Y89.028 E612.29079
G0 F9000 X92.49 Y89.095
G1 F1800 X71.16 Y67.766 E613.69538
G0 F9000 X71.16 Y68.331
G1 F1800 X92.132 Y89.304 E615.07645
G0 F9000 X91.877 Y89.614
G1 F1800 X71.16 Y68.897 E616.4407
G0 F9000 X71.16 Y69.463
G1 F1800 X91.74 Y90.043 E617.79593
G0 F9000 X91.729 Y90.597
G1 F1800 X71.16 Y70.028 E619.15043
G0 F9000 X71.16 Y70.594
G1 F1800 X91.729 Y91.163 E620.50494
G0 F9000 X91.729 Y91.729
G1 F1800 X71.16 Y71.16 E621.85944
G0 F9000 X71.16 Y71.725
G1 F1800 X91.729 Y92.294 E623.21395
G0 F9000 X91.729 Y92.86
G1 F1800 X71.16 Y72.291 E624.56845
G0 F9000 X71.16 Y72.857
G1 F1800 X91.729 Y93.426 E625.92295
G0 F9000 X91.729 Y93.991
G1 F1800 X71.16 Y73.422 E627.27746
G0 F9000 X71.16 Y73.988
G1 F1800 X91.729 Y94.557 E628.63196
G0 F9000 X91.729 Y95.123
G1 F1800 X71.16 Y74.554 E629.98646
G0 F9000 X71.16 Y75.119
G1 F1800 X91.729 Y95.689 E631.341
G0 F9000 X91.729 Y96.254
G1 F1800 X71.16 Y75.685 E632.69551
G0 F9000 X71.16 Y76.251
G1 F1800 X91.729 Y96.82 E634.05001
G0 F9000 X91.729 Y97.386
G1 F1800 X71.16 Y76.817 E635.40451
G0 F9000 X71.16 Y77.382
G1 F1800 X91.729 Y97.951 E636.75902
G0 F9000 X91.729 Y98.517
G1 F1800 X71.16 Y77.948 E638.11352
G0 F9000 X71.16 Y78.514
G1 F1800 X91.729 Y99.083 E639.46802
G0 F9000 X91.729 Y99.648
G1 F1800 X71.16 Y79.079 E640.82253
G0 F9000 X71.16 Y79.645
G1 F1800 X91.729 Y100.214 E642.17703
G0 F9000 X91.729 Y100.78
G1 F1800 X71.16 Y80.211 E643.53154
G0 F9000 X71.16 Y80.776
G1 F1800 X91.729 Y101.345 E644.88604
G0 F9000 X91.729 Y101.911
G1 F1800 X71.16 Y81.342 E646.24054
G0 F9000 X71.16 Y81.908
G1 F1800 X91.729 Y102.477 E647.59505
G0 F9000 X91.729 Y103.042
G1 F1800 X71.16 Y82.473 E648.94955
G0 F9000 X71.16 Y83.039
G1 F1800 X91.729 Y103.608 E650.30405
G0 F9000 X91.729 Y104.174
G1 F1800 X71.16 Y83.605 E651.65856
G0 F9000 X71.16 Y84.17
G1 F1800 X91.729 Y104.739 E653.01306
G0 F9000 X91.729 Y105.305
G1 F1800 X71.16 Y84.736 E654.36757
G0 F9000 X71.16 Y85.302
G1 F1800 X91.729 Y105.871 E655.72207
G0 F9000 X91.729 Y106.437
G1 F1800 X71.16 Y85.868 E657.07657
G0 F9000 X71.16 Y86.433
G1 F1800 X91.729 Y107.003 E658.43111
G0 F9000 X91.729 Y107.569
G1 F1800 X71.16 Y86.999 E659.78565
G0 F9000 X71.16 Y87.565
G1 F1800 X91.729 Y108.134 E661.14015
G0 F9000 X91.729 Y108.7
G1 F1800 X71.16 Y88.13 E662.49469
G0 F9000 X71.16 Y88.696
G1 F1800 X91.729 Y109.266 E663.84922
G0 F9000 X91.729 Y109.831
G1 F1800 X71.16 Y89.262 E665.20373
G0 F9000 X71.16 Y89.827
G1 F1800 X91.729 Y110.397 E666.55826
G0 F9000 X91.729 Y110.963
G1 F1800 X71.16 Y90.393 E667.9128
G0 F9000 X71.16 Y90.959
G1 F1800 X91.729 Y111.528 E669.2673
G0 F9000 X91.729 Y112.094
G1 F1800 X71.16 Y91.524 E670.62184
G0 F9000 X71.16 Y92.09
G1 F1800 X91.729 Y112.66 E671.97638
G0 F9000 X91.729 Y113.225
G1 F1800 X71.16 Y92.656 E673.33088
G0 F9000 X71.16 Y93.221
G1 F1800 X91.729 Y113.791 E674.68542
G0 F9000 X91.729 Y114.357
G1 F1800 X71.16 Y93.787 E676.03996
G0 F9000 X71.16 Y94.353
G1 F1800 X91.729 Y114.923 E677.39449
G0 F9000 X91.729 Y115.488
G1 F1800 X71.16 Y94.918 E678.74903
G0 F9000 X71.16 Y95.484
G1 F1800 X91.729 Y116.054 E680.10357
G0 F9000 X91.729 Y116.62
G1 F1800 X71.16 Y96.05 E681.4581
G0 F9000 X71.16 Y96.616
G1 F1800 X91.729 Y117.185 E682.81261
G0 F9000 X91.729 Y117.751
G1 F1800 X71.16 Y97.181 E684.16714
G0 F9000 X71.16 Y97.747
G1 F1800 X91.729 Y118.317 E685.52168
G0 F9000 X91.729 Y118.882
G1 F1800 X71.16 Y98.313 E686.87618
G0 F9000 X71.16 Y98.878
G1 F1800 X91.729 Y119.448 E688.23072
G0 F9000 X91.729 Y120.014
G1 F1800 X71.16 Y99.444 E689.58526
G0 F9000 X71.16 Y100.01
G1 F1800 X91.729 Y120.579 E690.93976
G0 F9000 X91.729 Y121.145
G1 F1800 X71.16 Y100.575 E692.2943
G0 F9000 X71.16 Y101.141
G1 F1800 X91.729 Y121.711 E693.64883
G0 F9000 X91.729 Y122.276
G1 F1800 X71.16 Y101.707 E695.00334
G0 F9000 X71.16 Y102.272
G1 F1800 X91.729 Y122.842 E696.35787
G0 F9000 X91.729 Y123.408
G1 F1800 X71.16 Y102.838 E697.71241
G0 F9000 X71.16 Y103.404
G1 F1800 X129.164 Y161.408 E701.53207
G0 F9000 X129.729 Y161.408
G1 F1800 X92.631 Y124.309 E703.97507
G0 F9000 X93.233 Y124.345
G1 F1800 X130.295 Y161.408 E706.4157
G0 F9000 X130.861 Y161.408
G1 F1800 X93.798 Y124.345 E708.85636
G0 F9000 X94.364 Y124.345
G1 F1800 X131.426 Y161.408 E711.29699
G0 F9000 X131.992 Y161.408
G1 F1800 X94.93 Y124.345 E713.73762
G0 F9000 X95.495 Y124.345
G1 F1800 X132.558 Y161.408 E716.17828
G0 F9000 X133.123 Y161.408
G1 F1800 X96.061 Y124.345 E718.61891
G0 F9000 X96.627 Y124.345
G1 F1800 X133.689 Y161.408 E721.05954
G0 F9000 X134.255 Y161.408
G1 F1800 X97.193 Y124.345 E723.50017
G0 F9000 X97.758 Y124.345
G1 F1800 X134.821 Y161.408 E725.94083
G0 F9000 X135.386 Y161.408
G1 F1800 X98.324 Y124.345 E728.38146
G0 F9000 X98.89 Y124.345
G1 F1800 X135.952 Y161.408 E730.82209
G0 F9000 X136.518 Y161.408
G1 F1800 X99.455 Y124.345 E733.26275
G0 F9000 X100.021 Y124.345
G1 F1800 X137.083 Y161.408 E735.70338
G0 F9000 X137.649 Y161.408
G1 F1800 X100.587 Y124.345 E738.14401
G0 F9000 X101.152 Y124.345
G1 F1800 X138.215 Y161.408 E740.58467
G0 F9000 X138.78 Y161.408
G1 F1800 X101.718 Y124.345 E743.0253
G0 F9000 X102.284 Y124.345
G1 F1800 X139.346 Y161.408 E745.46593
G0 F9000 X139.912 Y161.408
G1 F1800 X102.849 Y124.345 E747.90659
G0 F9000 X103.415 Y124.345
G1 F1800 X140.477 Y161.408 E750.34722
G0 F9000 X141.043 Y161.408
G1 F1800 X103.981 Y124.345 E752.78785
G0 F9000 X104.546 Y124.345
G1 F1800 X141.609 Y161.408 E755.22851
G0 F9000 X142.174 Y161.408
G1 F1800 X105.112 Y124.345 E757.66914
G0 F9000 X105.678 Y124.345
G1 F1800 X142.74 Y161.408 E760.10977
G0 F9000 X143.306 Y161.408
G1 F1800 X106.244 Y124.345 E762.5504
G0 F9000 X106.809 Y124.345
G1 F1800 X143.871 Y161.408 E764.99103
G0 F9000 X144.437 Y161.408
G1 F1800 X107.375 Y124.345 E767.43166
G0 F9000 X107.941 Y124.345
G1 F1800 X145.003 Y161.408 E769.87228
G0 F9000 X145.569 Y161.408
G1 F1800 X108.506 Y124.345 E772.31295
G0 F9000 X109.072 Y124.345
G1 F1800 X146.134 Y161.408 E774.75358
G0 F9000 X146.7 Y161.408
G1 F1800 X109.638 Y124.345 E777.1942
G0 F9000 X110.203 Y124.345
G1 F1800 X147.266 Y161.408 E779.63487
G0 F9000 X147.831 Y161.408
G1 F1800 X110.768 Y124.345 E782.07553
G0 F9000 X111.334 Y124.345
G1 F1800 X148.397 Y161.408 E784.51619
G0 F9000 X148.836 Y161.281
G1 F1800 X111.9 Y124.345 E786.94849
G0 F9000 X112.465 Y124.345
G1 F1800 X148.836 Y160.715 E789.34355
G0 F9000 X148.836 Y160.15
G1 F1800 X113.031 Y124.345 E791.70137
G0 F9000 X113.597 Y124.345
G1 F1800 X148.836 Y159.584 E794.02192
G0 F9000 X148.836 Y159.018
G1 F1800 X114.162 Y124.345 E796.30523
G0 F9000 X114.728 Y124.345
G1 F1800 X148.836 Y158.453 E798.5513
G0 F9000 X148.836 Y157.887
G1 F1800 X115.294 Y124.345 E800.76009
G0 F9000 X115.859 Y124.345
G1 F1800 X148.836 Y157.321 E802.93165
G0 F9000 X148.836 Y156.756
G1 F1800 X116.425 Y124.345 E805.06597
G0 F9000 X116.991 Y124.345
G1 F1800 X148.836 Y156.19 E807.16302
G0 F9000 X148.836 Y155.624
G1 F1800 X117.557 Y124.345 E809.2228
G0 F9000 X118.122 Y124.345
G1 F1800 X148.836 Y155.059 E811.24536
G0 F9000 X148.836 Y154.493
G1 F1800 X118.688 Y124.345 E813.23066
G0 F9000 X119.254 Y124.345
G1 F1800 X148.836 Y153.927 E815.17869
G0 F9000 X148.836 Y153.362
G1 F1800 X119.819 Y124.345 E817.08951
G0 F9000 X120.385 Y124.345
G1 F1800 X148.836 Y152.796 E818.96305
G0 F9000 X148.836 Y152.23
G1 F1800 X120.951 Y124.345 E820.79933
G0 F9000 X121.516 Y124.345
G1 F1800 X148.836 Y151.665 E822.5984
G0 F9000 X148.836 Y151.099
G1 F1800 X122.082 Y124.345 E824.36019
G0 F9000 X122.648 Y124.345
G1 F1800 X148.836 Y150.533 E826.08472
G0 F9000 X148.836 Y149.967
G1 F1800 X123.213 Y124.345 E827.772
G0 F9000 X123.779 Y124.345
G1 F1800 X148.836 Y149.402 E829.42205
G0 F9000 X148.836 Y148.836
G1 F1800 X124.345 Y124.345 E831.03482
G0 F9000 X124.91 Y124.345
G1 F1800 X148.836 Y148.27 E832.61036
G0 F9000 X148.836 Y147.705
G1 F1800 X125.476 Y124.345 E834.14865
G0 F9000 X126.042 Y124.345
G1 F1800 X148.836 Y147.139 E835.64968
G0 F9000 X148.836 Y146.573
G1 F1800 X126.607 Y124.345 E837.11346
G0 F9000 X127.135 Y124.307
G1 F1800 X148.836 Y146.008 E838.54251
G0 F9000 X148.836 Y145.442
G1 F1800 X127.534 Y124.14 E839.94528
G0 F9000 X127.825 Y123.865
G1 F1800 X148.836 Y144.876 E841.32889
G0 F9000 X148.836 Y144.311
G1 F1800 X127.991 Y123.465 E842.70161
G0 F9000 X128.039 Y122.948
G1 F1800 X148.836 Y143.745 E844.07112
G0 F9000 X148.836 Y143.179
G1 F1800 X128.039 Y122.383 E845.44061
G0 F9000 X128.039 Y121.817
G1 F1800 X148.836 Y142.614 E846.81013
G0 F9000 X148.836 Y142.048
G1 F1800 X128.039 Y121.251 E848.17964
G0 F9000 X128.039 Y120.685
G1 F1800 X148.836 Y141.482 E849.54916
G0 F9000 X148.836 Y140.916
G1 F1800 X128.04 Y120.12 E850.91861
G0 F9000 X128.04 Y119.555
G1 F1800 X148.836 Y140.351 E852.28807
G0 F9000 X148.836 Y139.785
G1 F1800 X128.04 Y118.989 E853.65752
G0 F9000 X128.04 Y118.423
G1 F1800 X148.836 Y139.219 E855.02697
G0 F9000 X148.836 Y138.654
G1 F1800 X128.04 Y117.858 E856.39642
G0 F9000 X128.04 Y117.292
G1 F1800 X148.836 Y138.088 E857.76588
G0 F9000 X148.836 Y137.522
G1 F1800 X128.041 Y116.727 E859.13526
G0 F9000 X128.041 Y116.161
G1 F1800 X148.836 Y136.957 E860.50468
G0 F9000 X148.836 Y136.391
G1 F1800 X128.041 Y115.596 E861.87407
G0 F9000 X128.041 Y115.03
G1 F1800 X148.836 Y135.825 E863.24345
G0 F9000 X148.836 Y135.26
G1 F1800 X128.041 Y114.464 E864.61287
G0 F9000 X128.041 Y113.899
G1 F1800 X148.836 Y134.694 E865.98226
G0 F9000 X148.836 Y134.128
G1 F1800 X128.041 Y113.334 E867.35161
G0 F9000 X128.041 Y112.768
G1 F1800 X148.836 Y133.563 E868.721
G0 F9000 X148.836 Y132.997
G1 F1800 X128.041 Y112.202 E870.09038
G0 F9000 X128.041 Y111.637
G1 F1800 X148.836 Y132.431 E871.45974
G0 F9000 X148.836 Y131.866
G1 F1800 X128.042 Y111.072 E872.82906
G0 F9000 X128.042 Y110.506
G1 F1800 X148.836 Y131.3 E874.19838
G0 F9000 X148.836 Y130.734
G1 F1800 X128.042 Y109.94 E875.5677
G0 F9000 X128.042 Y109.375
G1 F1800 X148.836 Y130.168 E876.93699
G0 F9000 X148.836 Y129.603
G1 F1800 X128.042 Y108.809 E878.30631
G0 F9000 X128.042 Y108.243
G1 F1800 X148.836 Y129.037 E879.67563
G0 F9000 X148.836 Y128.471
G1 F1800 X128.043 Y107.678 E881.04488
G0 F9000 X128.043 Y107.113
G1 F1800 X148.836 Y127.906 E882.41414
G0 F9000 X148.836 Y127.34
G1 F1800 X128.043 Y106.547 E883.78339
G0 F9000 X128.043 Y105.981
G1 F1800 X148.836 Y126.774 E885.15265
G0 F9000 X148.836 Y126.209
G1 F1800 X128.043 Y105.415 E886.52193
G0 F9000 X128.044 Y104.851
G1 F1800 X148.836 Y125.643 E887.89112
G0 F9000 X148.836 Y125.077
G1 F1800 X128.044 Y104.285 E889.26031
G0 F9000 X128.044 Y103.719
G1 F1800 X148.836 Y124.512 E890.62953
G0 F9000 X148.836 Y123.946
G1 F1800 X128.044 Y103.153 E891.99875
G0 F9000 X128.044 Y102.588
G1 F1800 X148.836 Y123.38 E893.36794
G0 F9000 X148.836 Y122.815
G1 F1800 X128.044 Y102.023 E894.73713
G0 F9000 X128.044 Y101.457
G1 F1800 X148.836 Y122.249 E896.10632
G0 F9000 X148.836 Y121.683
G1 F1800 X128.044 Y100.891 E897.47551
G0 F9000 X128.044 Y100.326
G1 F1800 X148.836 Y121.117 E898.84466
G0 F9000 X148.836 Y120.552
G1 F1800 X128.044 Y99.76 E900.21385
G0 F9000 X128.044 Y99.194
G1 F1800 X148.836 Y119.986 E901.58304
G0 F9000 X148.836 Y119.42
G1 F1800 X128.045 Y98.629 E902.95216
G0 F9000 X128.045 Y98.064
G1 F1800 X148.836 Y118.855 E904.32129
G0 F9000 X148.836 Y118.289
G1 F1800 X128.045 Y97.498 E905.69041
G0 F9000 X128.045 Y96.932
G1 F1800 X148.836 Y117.723 E907.05953
G0 F9000 X148.836 Y117.158
G1 F1800 X128.045 Y96.367 E908.42866
G0 F9000 X128.046 Y95.802
G1 F1800 X148.836 Y116.592 E909.79771
G0 F9000 X148.836 Y116.026
G1 F1800 X128.046 Y95.236 E911.16677
G0 F9000 X128.046 Y94.67
G1 F1800 X148.836 Y115.461 E912.53586
G0 F9000 X148.836 Y114.895
G1 F1800 X128.046 Y94.105 E913.90492
G0 F9000 X128.046 Y93.539
G1 F1800 X148.836 Y114.329 E915.27397
G0 F9000 X148.836 Y113.764
G1 F1800 X128.046 Y92.974 E916.64303
G0 F9000 X128.046 Y92.408
G1 F1800 X148.836 Y113.198 E918.01209
G0 F9000 X148.836 Y112.632
G1 F1800 X128.046 Y91.843 E919.38111
G0 F9000 X128.046 Y91.277
G1 F1800 X148.836 Y112.067 E920.75017
G0 F9000 X148.836 Y111.501
G1 F1800 X128.046 Y90.711 E922.11923
G0 F9000 X128.046 Y90.146
G1 F1800 X148.836 Y110.935 E923.48825
G1 F2400 E920.48825
G0 F9000 X149.296 Y110.935
G0 X149.296 Y69.64
G0 X148.836 Y69.64
G1 F2400 E923.48825
G1 F1800 X144.532 Y65.336 E923.77168
G0 F9000 X145.059 Y65.297
G1 F1800 X148.836 Y69.074 E924.0204
G0 F9000 X148.836 Y68.509
G1 F1800 X145.501 Y65.174 E924.24001
G0 F9000 X145.889 Y64.996
G1 F1800 X148.836 Y67.943 E924.43408
G0 F9000 X148.836 Y67.377
G1 F1800 X146.231 Y64.772 E924.60562
G0 F9000 X146.532 Y64.508
G1 F1800 X148.836 Y66.812 E924.75734
G0 F9000 X148.836 Y66.246
G1 F1800 X146.789 Y64.199 E924.89214
G0 F9000 X146.995 Y63.839
G1 F1800 X148.836 Y65.68 E925.01338
G0 F9000 X148.836 Y65.115
G1 F1800 X147.154 Y63.432 E925.12417
G0 F9000 X147.248 Y62.961
G1 F1800 X148.836 Y64.549 E925.22874
G0 F9000 X148.836 Y63.983
G1 F1800 X147.254 Y62.401 E925.33292
G0 F9000 X147.093 Y61.675
G1 F1800 X148.836 Y63.418 E925.4477
G1 F2400 E922.4477
G0 F9000 X149.296 Y63.418
G0 X149.196 Y67.763
G0 X136.084 Y68.242
G0 X135.238 Y67.356
G1 F2400 E925.4477
G1 F1800 X126.47 Y58.588 E926.02509
G0 F9000 X125.905 Y58.588
G1 F1800 X134.363 Y67.046 E926.58206
G0 F9000 X133.584 Y66.834
G1 F1800 X125.339 Y58.588 E927.12504
G0 F9000 X124.773 Y58.588
G1 F1800 X132.957 Y66.772 E927.66397
G0 F9000 X132.331 Y66.711
G1 F1800 X124.208 Y58.588 E928.19889
G0 F9000 X123.642 Y58.588
G1 F1800 X131.812 Y66.758 E928.7369
G0 F9000 X131.297 Y66.809
G1 F1800 X123.076 Y58.588 E929.27826
G0 F9000 X122.51 Y58.588
G1 F1800 X130.806 Y66.884 E929.82457
G0 F9000 X130.371 Y67.015
G1 F1800 X121.945 Y58.588 E930.37947
G0 F9000 X121.379 Y58.588
G1 F1800 X129.936 Y67.145 E930.94296
G0 F9000 X129.51 Y67.285
G1 F1800 X120.813 Y58.588 E931.51567
G0 F9000 X120.248 Y58.588
G1 F1800 X129.142 Y67.483 E932.10139
G0 F9000 X128.775 Y67.681
G1 F1800 X119.682 Y58.588 E932.70018
G0 F9000 X119.116 Y58.588
G1 F1800 X128.406 Y67.878 E933.31194
G0 F9000 X128.084 Y68.121
G1 F1800 X118.551 Y58.588 E933.93971
G0 F9000 X117.985 Y58.588
G1 F1800 X127.773 Y68.376 E934.58426
G0 F9000 X127.461 Y68.63
G1 F1800 X117.419 Y58.588 E935.24555
G0 F9000 X116.854 Y58.588
G1 F1800 X127.168 Y68.903 E935.92477
G0 F9000 X126.914 Y69.214
G1 F1800 X116.288 Y58.588 E936.62451
G0 F9000 X115.722 Y58.588
G1 F1800 X126.659 Y69.525 E937.34473
G0 F9000 X126.405 Y69.836
G1 F1800 X115.157 Y58.588 E938.08543
G0 F9000 X114.591 Y58.588
G1 F1800 X126.196 Y70.193 E938.84964
G0 F9000 X125.998 Y70.561
G1 F1800 X114.025 Y58.588 E939.63809
G0 F9000 X113.46 Y58.588
G1 F1800 X125.801 Y70.929 E940.45076
G0 F9000 X125.633 Y71.327
G1 F1800 X112.894 Y58.588 E941.28965
G0 F9000 X112.328 Y58.588
G1 F1800 X125.502 Y71.761 E942.15714
G0 F9000 X125.37 Y72.196
G1 F1800 X111.762 Y58.588 E943.05325
G0 F9000 X111.197 Y58.588
G1 F1800 X125.266 Y72.657 E943.97972
G0 F9000 X125.212 Y73.169
G1 F1800 X110.631 Y58.588 E944.93991
G0 F9000 X110.065 Y58.588
G1 F1800 X125.159 Y73.681 E945.93384
G0 F9000 X125.177 Y74.265
G1 F1800 X120.489 Y69.577 E946.24255
G1 F2400 E943.24255
G0 F9000 X120.133 Y69.868
G0 X120.927 Y71.203
G0 X121.333 Y70.987
G1 F2400 E946.24255
G1 F1800 X125.243 Y74.897 E946.50003
G0 F9000 X125.383 Y75.603
G1 F1800 X121.628 Y71.848 E946.7473
G0 F9000 X121.834 Y72.62
G1 F1800 X125.634 Y76.419 E946.99751
G1 F2400 E943.99751
G0 F9000 X126.072 Y76.286
G0 X125.523 Y73.885
G0 X121.06 Y71.281
G0 X119.095 Y68.183
G1 F2400 E946.99751
G1 F1800 X109.5 Y58.588 E947.62935
G0 F9000 X108.934 Y58.588
G1 F1800 X117.675 Y67.329 E948.20496
G0 F9000 X116.816 Y67.036
G1 F1800 X108.368 Y58.588 E948.76128
G0 F9000 X107.803 Y58.588
G1 F1800 X116.045 Y66.831 E949.30406
G0 F9000 X115.419 Y66.77
G1 F1800 X107.237 Y58.588 E949.84286
G0 F9000 X106.671 Y58.588
G1 F1800 X114.792 Y66.709 E950.37764
G0 F9000 X114.278 Y66.76
G1 F1800 X106.106 Y58.588 E950.91578
G0 F9000 X105.54 Y58.588
G1 F1800 X113.763 Y66.811 E951.45728
G0 F9000 X113.276 Y66.889
G1 F1800 X104.974 Y58.588 E952.00395
G0 F9000 X104.409 Y58.588
G1 F1800 X112.841 Y67.02 E952.55921
G0 F9000 X112.405 Y67.15
G1 F1800 X103.843 Y58.588 E953.12303
G0 F9000 X103.277 Y58.588
G1 F1800 X111.982 Y67.293 E953.69627
G0 F9000 X111.615 Y67.491
G1 F1800 X102.712 Y58.588 E954.28255
G0 F9000 X102.146 Y58.588
G1 F1800 X111.247 Y67.689 E954.88187
G0 F9000 X110.879 Y67.887
G1 F1800 X101.58 Y58.588 E955.49422
G0 F9000 X101.014 Y58.588
G1 F1800 X110.559 Y68.133 E956.12278
G0 F9000 X110.248 Y68.387
G1 F1800 X100.449 Y58.588 E956.76806
G0 F9000 X99.883 Y58.588
G1 F1800 X109.937 Y68.642 E957.43013
G0 F9000 X109.645 Y68.916
G1 F1800 X99.317 Y58.588 E958.11025
G0 F9000 X98.752 Y58.588
G1 F1800 X109.391 Y69.227 E958.81084
G0 F9000 X109.136 Y69.538
G1 F1800 X98.186 Y58.588 E959.53192
G0 F9000 X97.62 Y58.588
G1 F1800 X108.881 Y69.849 E960.27348
G0 F9000 X108.674 Y70.207
G1 F1800 X97.055 Y58.588 E961.03861
G0 F9000 X96.489 Y58.588
G1 F1800 X108.477 Y70.576 E961.82804
G0 F9000 X108.28 Y70.945
G1 F1800 X95.923 Y58.588 E962.64177
G0 F9000 X95.358 Y58.588
G1 F1800 X108.115 Y71.345 E963.48184
G0 F9000 X107.982 Y71.778
G1 F1800 X94.792 Y58.588 E964.35042
G0 F9000 X94.226 Y58.588
G1 F1800 X107.849 Y72.211 E965.24752
G0 F9000 X107.746 Y72.674
G1 F1800 X93.661 Y58.588 E966.17507
G0 F9000 X93.095 Y58.588
G1 F1800 X107.695 Y73.188 E967.13651
G0 F9000 X107.644 Y73.702
G1 F1800 X92.529 Y58.588 E968.13182
G0 F9000 X91.963 Y58.588
G1 F1800 X107.667 Y74.291 E969.16593
G0 F9000 X107.729 Y74.919
G1 F1800 X91.398 Y58.588 E970.24135
G0 F9000 X90.832 Y58.588
G1 F1800 X107.878 Y75.634 E971.36386
G0 F9000 X108.128 Y76.45
G1 F1800 X103.714 Y72.036 E971.65453
G0 F9000 X103.308 Y72.246
G0 X103.67 Y73.131
G0 X104.107 Y72.994
G1 F1800 X108.69 Y77.577 E971.95633
G1 F2400 E968.95633
G0 F9000 X109.095 Y77.363
G0 X108.14 Y75.189
G0 X103.593 Y72.621
G0 X102.354 Y70.676
G1 F2400 E971.95633
G1 F1800 X90.266 Y58.588 E972.75234
G0 F9000 X89.701 Y58.588
G1 F1800 X101.415 Y70.302 E973.52373
G0 F9000 X100.75 Y70.203
G1 F1800 X89.135 Y58.588 E974.2886
G0 F9000 X88.569 Y58.588
G1 F1800 X100.199 Y70.218 E975.05445
G0 F9000 X99.711 Y70.296
G1 F1800 X88.004 Y58.588 E975.82541
G0 F9000 X87.438 Y58.588
G1 F1800 X99.274 Y70.424 E976.60483
G0 F9000 X98.886 Y70.602
G1 F1800 X86.872 Y58.588 E977.39597
G0 F9000 X86.307 Y58.588
G1 F1800 X98.518 Y70.8 E978.20012
G0 F9000 X98.209 Y71.056
G1 F1800 X85.741 Y58.588 E979.02116
G0 F9000 X85.175 Y58.588
G1 F1800 X97.913 Y71.326 E979.85998
G0 F9000 X97.655 Y71.633
G1 F1800 X84.61 Y58.588 E980.71901
G0 F9000 X84.044 Y58.588
G1 F1800 X97.427 Y71.971 E981.60031
G0 F9000 X97.224 Y72.334
G1 F1800 X83.478 Y58.588 E982.50551
G0 F9000 X82.913 Y58.588
G1 F1800 X97.075 Y72.751 E983.43813
G0 F9000 X96.954 Y73.195
G1 F1800 X82.347 Y58.588 E984.40003
G0 F9000 X81.781 Y58.588
G1 F1800 X96.9 Y73.707 E985.39564
G0 F9000 X96.934 Y74.306
G1 F1800 X81.215 Y58.588 E986.43073
G0 F9000 X80.65 Y58.588
G1 F1800 X97.104 Y75.042 E987.51425
G1 F2400 E984.51425
G0 F9000 X97.544 Y74.912
G0 X97.267 Y73.847
G0 X91.545 Y73.716
G0 X91.909 Y73.807
G1 F2400 E987.51425
G1 F1800 X107.131 Y89.029 E988.51665
G0 F9000 X106.565 Y89.029
G1 F1800 X91.807 Y74.27 E989.48852
G0 F9000 X91.601 Y74.63
G1 F1800 X106 Y89.029 E990.43672
G0 F9000 X105.434 Y89.029
G1 F1800 X91.349 Y74.944 E991.36424
G0 F9000 X91.015 Y75.175
G1 F1800 X104.868 Y89.029 E992.27652
G0 F9000 X104.302 Y89.029
G1 F1800 X90.601 Y75.327 E993.17878
G0 F9000 X90.067 Y75.359
G1 F1800 X103.736 Y89.028 E994.07891
G1 F2400 E991.07891
G0 F9000 X103.735 Y89.488
G0 X107.696 Y89.488
G0 X107.697 Y89.029
G1 F2400 E994.07891
G1 F1800 X91.794 Y73.127 E995.12612
G1 F2400 E992.12612
G0 F9000 X91.353 Y73.236
G0 X91.125 Y74.088
G0 X90.92 Y74.397
G0 X90.61 Y74.602
G0 X90.222 Y74.681
G0 X89.149 Y74.331
G0 X88.799 Y73.848
G0 X87.235 Y75.281
G0 X86.499 Y75.185
G1 F2400 E995.12612
G1 F1800 X86.365 Y75.051 E995.13494
G0 F9000 X86.181 Y75.433
G1 F1800 X85.633 Y74.885 E995.17103
G0 F9000 X85.303 Y75.121
G1 F1800 X85.925 Y75.742 E995.21196
G0 F9000 X85.754 Y76.138
G1 F1800 X84.915 Y75.298 E995.26724
G0 F9000 X84.424 Y75.373
G1 F1800 X85.708 Y76.657 E995.35179
G0 F9000 X85.905 Y77.42
G1 F1800 X83.646 Y75.161 E995.50055
G1 F2400 E992.50055
G0 F9000 X83.872 Y74.763
G0 X84.81 Y74.602
G0 X85.734 Y73.915
G0 X85.867 Y74.553
G1 F2400 E995.50055
G1 F1800 X85.976 Y74.662 E995.50773
G1 F2400 E992.50773
G0 F9000 X86.036 Y73.886
G0 X86.273 Y74.44
G0 X70.781 Y74.438
G0 X71.16 Y103.969
G1 F2400 E995.50773
G1 F1800 X128.598 Y161.408 E999.29015
G0 F9000 X128.032 Y161.408
G1 F1800 X71.16 Y104.535 E1003.0353
G0 F9000 X71.16 Y105.101
G1 F1800 X127.467 Y161.408 E1006.74321
G0 F9000 X126.901 Y161.408
G1 F1800 X71.16 Y105.667 E1010.41385
G0 F9000 X71.16 Y106.232
G1 F1800 X126.335 Y161.408 E1014.04726
G0 F9000 X125.77 Y161.408
G1 F1800 X71.16 Y106.798 E1017.64342
G0 F9000 X71.16 Y107.364
G1 F1800 X125.204 Y161.408 E1021.20231
G0 F9000 X124.638 Y161.408
G1 F1800 X71.16 Y107.929 E1024.72396
G0 F9000 X71.16 Y108.495
G1 F1800 X124.072 Y161.408 E1028.20834
G0 F9000 X123.507 Y161.408
G1 F1800 X71.16 Y109.061 E1031.65548
G0 F9000 X71.16 Y109.626
G1 F1800 X122.941 Y161.408 E1035.06538
G0 F9000 X122.375 Y161.408
G1 F1800 X71.16 Y110.192 E1038.438
G0 F9000 X71.16 Y110.758
G1 F1800 X121.81 Y161.408 E1041.77339
G0 F9000 X121.244 Y161.408
G1 F1800 X71.16 Y111.323 E1045.07154
G0 F9000 X71.16 Y111.889
G1 F1800 X120.678 Y161.408 E1048.33242
G0 F9000 X120.113 Y161.408
G1 F1800 X71.16 Y112.455 E1051.55606
G0 F9000 X71.16 Y113.02
G1 F1800 X119.547 Y161.408 E1054.74246
G0 F9000 X118.981 Y161.408
G1 F1800 X71.16 Y113.586 E1057.89159
G0 F9000 X71.16 Y114.152
G1 F1800 X118.416 Y161.408 E1061.00347
G0 F9000 X117.85 Y161.408
G1 F1800 X71.16 Y114.717 E1064.07812
G0 F9000 X71.16 Y115.283
G1 F1800 X117.284 Y161.408 E1067.1155
G0 F9000 X116.719 Y161.408
G1 F1800 X71.16 Y115.849 E1070.11564
G0 F9000 X71.16 Y116.415
G1 F1800 X116.153 Y161.408 E1073.0785
G0 F9000 X115.587 Y161.408
G1 F1800 X71.16 Y116.98 E1076.00413
G0 F9000 X71.16 Y117.546
G1 F1800 X115.022 Y161.408 E1078.89252
G0 F9000 X114.456 Y161.408
G1 F1800 X71.16 Y118.112 E1081.74363
G0 F9000 X71.16 Y118.677
G1 F1800 X113.89 Y161.408 E1084.55751
G0 F9000 X113.324 Y161.408
G1 F1800 X71.16 Y119.243 E1087.33411
G0 F9000 X71.16 Y119.809
G1 F1800 X112.759 Y161.408 E1090.07348
G0 F9000 X112.193 Y161.408
G1 F1800 X71.16 Y120.374 E1092.77561
G0 F9000 X71.16 Y120.94
G1 F1800 X111.627 Y161.408 E1095.44046
G0 F9000 X111.062 Y161.408
G1 F1800 X71.16 Y121.506 E1098.06808
G0 F9000 X71.16 Y122.071
G1 F1800 X110.496 Y161.408 E1100.65845
G0 F9000 X109.93 Y161.408
G1 F1800 X71.16 Y122.637 E1103.21155
G0 F9000 X71.16 Y123.203
G1 F1800 X109.365 Y161.408 E1105.72742
G0 F9000 X108.799 Y161.408
G1 F1800 X71.16 Y123.768 E1108.20604
G0 F9000 X71.16 Y124.334
G1 F1800 X108.233 Y161.408 E1110.6474
G0 F9000 X107.668 Y161.408
G1 F1800 X71.16 Y124.9 E1113.05151
G0 F9000 X71.16 Y125.465
G1 F1800 X107.102 Y161.408 E1115.41839
G0 F9000 X106.536 Y161.408
G1 F1800 X71.16 Y126.031 E1117.74799
G0 F9000 X71.16 Y126.597
G1 F1800 X105.971 Y161.408 E1120.04035
G0 F9000 X105.405 Y161.408
G1 F1800 X71.16 Y127.163 E1122.29545
G0 F9000 X71.16 Y127.728
G1 F1800 X104.839 Y161.408 E1124.5133
G0 F9000 X104.274 Y161.408
G1 F1800 X71.16 Y128.294 E1126.69391
G0 F9000 X71.16 Y128.86
G1 F1800 X103.708 Y161.408 E1128.83725
G0 F9000 X103.142 Y161.408
G1 F1800 X71.16 Y129.425 E1130.94335
G0 F9000 X71.16 Y129.991
G1 F1800 X102.576 Y161.408 E1133.01218
G0 F9000 X102.011 Y161.408
G1 F1800 X71.16 Y130.557 E1135.04378
G0 F9000 X71.16 Y131.122
G1 F1800 X101.445 Y161.408 E1137.03813
G0 F9000 X100.879 Y161.408
G1 F1800 X71.16 Y131.688 E1138.99521
G0 F9000 X71.16 Y132.254
G1 F1800 X100.314 Y161.408 E1140.91505
G0 F9000 X99.748 Y161.408
G1 F1800 X71.16 Y132.819 E1142.79765
G0 F9000 X71.16 Y133.385
G1 F1800 X99.182 Y161.408 E1144.64298
G0 F9000 X98.617 Y161.408
G1 F1800 X71.16 Y133.951 E1146.45107
G0 F9000 X71.16 Y134.516
G1 F1800 X98.051 Y161.408 E1148.22192
G0 F9000 X97.485 Y161.408
G1 F1800 X71.16 Y135.082 E1149.9555
G0 F9000 X71.16 Y135.648
G1 F1800 X96.92 Y161.408 E1151.65184
G0 F9000 X96.354 Y161.408
G1 F1800 X71.16 Y136.214 E1153.31091
G0 F9000 X71.16 Y136.779
G1 F1800 X95.788 Y161.408 E1154.93274
G0 F9000 X95.223 Y161.408
G1 F1800 X71.16 Y137.345 E1156.51733
G0 F9000 X71.16 Y137.911
G1 F1800 X94.657 Y161.408 E1158.06464
G0 F9000 X94.091 Y161.408
G1 F1800 X71.16 Y138.476 E1159.57472
G0 F9000 X71.16 Y139.042
G1 F1800 X93.525 Y161.408 E1161.04753
G0 F9000 X92.96 Y161.408
G1 F1800 X71.16 Y139.608 E1162.4831
G0 F9000 X71.16 Y140.173
G1 F1800 X92.394 Y161.408 E1163.88142
G0 F9000 X91.828 Y161.408
G1 F1800 X71.16 Y140.739 E1165.24248
G0 F9000 X71.16 Y141.305
G1 F1800 X91.263 Y161.408 E1166.5663
G0 F9000 X90.697 Y161.408
G1 F1800 X71.16 Y141.87 E1167.85287
G0 F9000 X71.16 Y142.436
G1 F1800 X90.131 Y161.408 E1169.10218
G0 F9000 X89.566 Y161.408
G1 F1800 X71.16 Y143.002 E1170.31425
G0 F9000 X71.16 Y143.567
G1 F1800 X89 Y161.408 E1171.48907
G0 F9000 X88.434 Y161.408
G1 F1800 X71.16 Y144.133 E1172.62663
G0 F9000 X71.16 Y144.699
G1 F1800 X87.869 Y161.408 E1173.72695
G0 F9000 X87.303 Y161.408
G1 F1800 X71.16 Y145.264 E1174.79002
G0 F9000 X71.16 Y145.83
G1 F1800 X86.737 Y161.408 E1175.81583
G0 F9000 X86.172 Y161.408
G1 F1800 X71.16 Y146.396 E1176.80439
G0 F9000 X71.16 Y146.962
G1 F1800 X85.606 Y161.408 E1177.75569
G0 F9000 X85.04 Y161.408
G1 F1800 X71.16 Y147.527 E1178.66974
G0 F9000 X71.16 Y148.093
G1 F1800 X84.475 Y161.408 E1179.54656
G0 F9000 X83.909 Y161.408
G1 F1800 X71.16 Y148.659 E1180.3861
G0 F9000 X71.16 Y149.224
G1 F1800 X83.343 Y161.408 E1181.18841
G0 F9000 X82.777 Y161.408
G1 F1800 X71.16 Y149.79 E1181.95344
G0 F9000 X71.16 Y150.356
G1 F1800 X82.212 Y161.408 E1182.68123
G0 F9000 X81.646 Y161.408
G1 F1800 X71.16 Y150.921 E1183.37178
G0 F9000 X71.16 Y151.487
G1 F1800 X81.08 Y161.408 E1184.02507
G0 F9000 X80.515 Y161.408
G1 F1800 X71.16 Y152.053 E1184.64111
G0 F9000 X71.16 Y152.618
G1 F1800 X79.949 Y161.408 E1185.21991
G0 F9000 X79.383 Y161.408
G1 F1800 X71.16 Y153.184 E1185.76144
G0 F9000 X71.16 Y153.75
G1 F1800 X78.818 Y161.408 E1186.26574
G0 F9000 X78.252 Y161.408
G1 F1800 X71.16 Y154.315 E1186.73279
G0 F9000 X71.16 Y154.881
G1 F1800 X77.686 Y161.408 E1187.16257
G0 F9000 X77.121 Y161.408
G1 F1800 X71.16 Y155.447 E1187.55511
G0 F9000 X71.16 Y156.013
G1 F1800 X76.555 Y161.408 E1187.91038
G0 F9000 X75.989 Y161.408
G1 F1800 X71.16 Y156.578 E1188.22841
G0 F9000 X71.16 Y157.144
G1 F1800 X75.424 Y161.408 E1188.50921
G0 F9000 X74.858 Y161.408
G1 F1800 X71.16 Y157.71 E1188.75273
G0 F9000 X71.16 Y158.275
G1 F1800 X74.292 Y161.408 E1188.95901
G0 F9000 X73.726 Y161.408
G1 F1800 X71.16 Y158.841 E1189.12801
G0 F9000 X71.16 Y159.407
G1 F1800 X73.161 Y161.408 E1189.25978
G0 F9000 X72.595 Y161.408
G1 F1800 X71.16 Y159.972 E1189.35431
G0 F9000 X71.16 Y160.538
G1 F1800 X72.029 Y161.408 E1189.41157
G0 F9000 X71.464 Y161.408
G1 F1800 X71.16 Y161.104 E1189.43159
M104 S220
G1 F2400 E1186.43159
;MESH:NONMESH
G0 F300 Z0.56
G0 F9000 X70.701 Y161.103
G0 X70.781 Y64.778
G0 X73.525 Y63.932
G0 X75.443 Y64.78
;TIME_ELAPSED:944.544763
;LAYER:1
M106 S85
;TYPE:WALL-INNER
;MESH:lid.stl
G1 F2400 E1189.43159
G1 F3600 X75.032 Y64.74 E1189.45082
G1 X74.626 Y64.616 E1189.47059
G1 X74.266 Y64.423 E1189.48961
G1 X73.941 Y64.159 E1189.5091
G1 X73.678 Y63.835 E1189.52853
G1 X73.487 Y63.474 E1189.54755
G1 X73.359 Y63.07 E1189.56729
G1 X73.324 Y62.66 E1189.58645
G1 X73.359 Y62.25 E1189.60561
G1 X73.487 Y61.846 E1189.62534
G1 X73.678 Y61.485 E1189.64436
G1 X73.919 Y61.188 E1189.66217
G1 X74.261 Y60.9 E1189.68299
G1 X74.628 Y60.703 E1189.70238
G1 X75.044 Y60.58 E1189.72258
G1 X75.438 Y60.54 E1189.74102
G1 X75.852 Y60.58 E1189.76039
G1 X76.259 Y60.704 E1189.7802
G1 X76.617 Y60.897 E1189.79914
G1 X76.939 Y61.161 E1189.81853
G1 X77.203 Y61.483 E1189.83792
G1 X77.398 Y61.855 E1189.85748
G1 X77.52 Y62.245 E1189.8765
G1 X77.56 Y62.665 E1189.89615
G1 X77.51 Y63.106 E1189.91681
G1 X77.389 Y63.48 E1189.93512
G1 X77.201 Y63.836 E1189.95387
G1 X76.942 Y64.155 E1189.973
G1 X76.636 Y64.407 E1189.99146
G1 X76.258 Y64.617 E1190.01159
G1 X75.854 Y64.736 E1190.0312
G1 X75.443 Y64.78 E1190.05045
G1 F2400 E1187.05045
G0 F12000 X76.331 Y64.784
G0 X83.666 Y72.701
G0 X84.351 Y74.82
G1 F2400 E1190.05045
G1 F3600 X83.841 Y74.659 E1190.07535
G1 X83.516 Y74.334 E1190.09676
G1 X83.356 Y73.93 E1190.11699
G1 X83.356 Y73.55 E1190.13468
G1 X83.472 Y73.202 E1190.15176
G1 X83.564 Y73.053 E1190.15992
G1 X83.845 Y72.782 E1190.1781
G1 X84.252 Y72.635 E1190.19825
G1 X84.602 Y72.631 E1190.21454
G1 X84.77 Y72.675 E1190.22263
G1 F3428.6 X85.209 Y72.901 E1190.24677
G1 F3137.3 X85.456 Y73.269 E1190.27045
G1 F2779.9 X85.617 Y73.647 E1190.29523
G1 F2571.4 X85.614 Y73.81 E1190.30586
G1 F3000 X85.406 Y74.239 E1190.3325
G1 F3600 X85.219 Y74.508 E1190.34775
G1 X84.893 Y74.73 E1190.36612
G1 X84.569 Y74.807 E1190.38162
G1 X84.351 Y74.82 E1190.39179
G1 F2400 E1187.39179
G0 F12000 X85.557 Y74.338
G0 X86.108 Y74.11
G0 X87.384 Y75.125
G0 X87.468 Y74.881
G1 F2400 E1190.39179
G1 F2818 X87.251 Y74.881 E1190.4047
G1 F3272.7 X86.698 Y74.617 E1190.43609
G1 F3546.8 X86.419 Y74.333 E1190.4549
G1 F3478.3 X86.286 Y74.043 E1190.47028
G1 F2938.8 X86.172 Y73.839 E1190.48361
G1 F2769.2 X86.173 Y73.597 E1190.49826
G1 F3076.9 X86.553 Y72.919 E1190.5406
G1 X86.892 Y72.694 E1190.56277
G1 F2790.7 X87.297 Y72.517 E1190.58932
G1 F2599.3 X87.415 Y72.517 E1190.59693
G1 F2926.8 X87.641 Y72.634 E1190.6115
G1 F3461.5 X87.991 Y72.774 E1190.62976
G1 F3600 X88.265 Y73.072 E1190.64861
G1 F3025.2 X88.524 Y73.596 E1190.681
G1 F2599.3 X88.523 Y73.857 E1190.69783
G1 F3012.6 X88.374 Y74.077 E1190.71262
G1 F3600 X88.176 Y74.439 E1190.73183
G1 X88.047 Y74.556 E1190.73994
G1 F3044.4 X87.468 Y74.881 E1190.7765
G1 F2400 E1187.7765
G0 F12000 X87.384 Y75.125
G0 X88.155 Y76.062
G0 X88.298 Y76.407
G0 X88.297 Y76.803
G0 X88.078 Y77.213
G0 X87.42 Y77.689
G1 F2400 E1190.7765
G1 F3600 X87.221 Y77.677 E1190.78578
G1 X86.755 Y77.539 E1190.80841
G1 X86.405 Y77.182 E1190.83169
G1 X86.259 Y76.691 E1190.85554
G1 X86.267 Y76.476 E1190.86556
G1 X86.388 Y76.059 E1190.88578
G1 X86.489 Y75.915 E1190.89397
G1 X86.788 Y75.664 E1190.91215
G1 F3295.2 X87.199 Y75.426 E1190.93631
G1 F2823.5 X87.444 Y75.423 E1190.95086
G1 F3044.4 X87.988 Y75.681 E1190.98401
G1 F3600 X88.286 Y75.984 E1191.0038
G1 X88.445 Y76.385 E1191.02388
G1 X88.446 Y76.823 E1191.04428
G1 X88.185 Y77.345 E1191.07145
G1 X87.779 Y77.615 E1191.09416
G1 X87.42 Y77.689 E1191.11123
G1 F2400 E1188.11123
G0 F12000 X88.054 Y77.258
G0 X88.549 Y76.197
G0 X87.096 Y75.039
G0 X88.799 Y73.845
G0 X89.57 Y74.488
G0 X90.322 Y74.816
G1 F2400 E1191.11123
G1 F3600 X90.064 Y74.793 E1191.12329
G1 X89.728 Y74.684 E1191.13974
G1 X89.577 Y74.591 E1191.14799
G1 X89.32 Y74.322 E1191.16532
G1 X89.23 Y74.129 E1191.17523
G1 F3012.6 X89.076 Y73.865 E1191.19224
G1 F2599.3 X89.076 Y73.602 E1191.2092
G1 F3025.2 X89.211 Y73.355 E1191.2248
G1 F3600 X89.34 Y73.085 E1191.23873
G1 X89.607 Y72.809 E1191.25661
G1 X89.993 Y72.638 E1191.27627
G1 X90.466 Y72.624 E1191.29831
G1 X90.919 Y72.857 E1191.32203
G1 X91.049 Y72.969 E1191.33002
G1 X91.27 Y73.29 E1191.34816
G1 X91.348 Y73.73 E1191.36897
G1 X91.276 Y74.093 E1191.3862
G1 X91.04 Y74.496 E1191.40795
G1 X90.66 Y74.743 E1191.42905
G1 X90.322 Y74.816 E1191.44515
G1 F2400 E1188.44515
G0 F12000 X89.726 Y74.53
G0 X87.4 Y72.241
G0 X87.415 Y71.967
G1 F2400 E1191.44515
G1 F2599.3 X87.297 Y71.967 E1191.45276
G1 F2926.8 X87.071 Y71.85 E1191.46734
G1 F3404.3 X86.745 Y71.717 E1191.48468
G1 F3529.4 X86.515 Y71.497 E1191.49979
G1 F3600 X86.381 Y71.291 E1191.51124
G1 X86.263 Y70.887 E1191.53084
G1 X86.266 Y70.682 E1191.54038
G1 X86.385 Y70.281 E1191.55986
G1 X86.535 Y70.068 E1191.57199
G1 X86.909 Y69.776 E1191.59408
G1 X87.252 Y69.7 E1191.61044
G1 X87.46 Y69.7 E1191.62013
G1 X87.884 Y69.829 E1191.64077
G1 X88.014 Y69.909 E1191.64787
G1 X88.283 Y70.185 E1191.66582
G1 X88.44 Y70.556 E1191.68458
G1 X88.451 Y71.024 E1191.70638
G1 X88.195 Y71.522 E1191.73245
G1 X87.87 Y71.76 E1191.75121
G1 F3018.9 X87.415 Y71.967 E1191.77896
G1 F2400 E1188.77896
G0 F12000 X87.421 Y72.136
G0 X88.8 Y73.635
G0 X89.711 Y72.923
G0 X90.056 Y72.78
G0 X90.451 Y72.781
G0 X90.906 Y73.024
G0 X91.454 Y74.167
G0 X97.517 Y75.104
G0 X100.552 Y76.956
G1 F2400 E1191.77896
G1 F3600 X99.948 Y76.896 E1191.80723
G1 X99.364 Y76.71 E1191.83577
G1 X98.828 Y76.43 E1191.86392
G1 X98.374 Y76.055 E1191.89134
G1 X97.976 Y75.574 E1191.92041
G1 X97.685 Y75.035 E1191.94894
G1 X97.511 Y74.451 E1191.97731
G1 X97.448 Y73.847 E1192.00559
G1 X97.514 Y73.232 E1192.03439
G1 X97.697 Y72.643 E1192.06311
G1 X97.976 Y72.124 E1192.09055
G1 X98.38 Y71.643 E1192.1198
G1 X98.83 Y71.267 E1192.1471
G1 X99.361 Y70.982 E1192.17516
G1 X99.95 Y70.807 E1192.20378
G1 X100.552 Y70.744 E1192.23196
G1 X101.154 Y70.807 E1192.26014
G1 X101.734 Y70.982 E1192.28835
G1 X102.295 Y71.283 E1192.318
G1 X102.747 Y71.658 E1192.34535
G1 X103.139 Y72.132 E1192.37399
G1 X103.423 Y72.683 E1192.40285
G1 X103.601 Y73.247 E1192.43039
G1 X103.656 Y73.851 E1192.45863
G1 X103.601 Y74.454 E1192.48683
G1 X103.419 Y75.028 E1192.51487
G1 X103.135 Y75.564 E1192.54311
G1 X102.744 Y76.046 E1192.57201
G1 X102.264 Y76.437 E1192.60084
G1 X101.744 Y76.712 E1192.62823
G1 X101.153 Y76.896 E1192.65705
G1 X100.552 Y76.956 E1192.68518
G1 F2400 E1189.68518
G0 F12000 X102.4 Y76.563
G0 X109.151 Y77.64
G0 X114.796 Y80.48
G1 F2400 E1192.68518
G1 F3600 X113.514 Y80.36 E1192.74513
G1 X112.267 Y79.981 E1192.80582
G1 X111.133 Y79.371 E1192.86578
G1 X110.126 Y78.544 E1192.92646
G1 X109.321 Y77.564 E1192.98551
G1 X108.704 Y76.417 E1193.04616
G1 X108.32 Y75.167 E1193.10705
G1 X108.192 Y73.873 E1193.1676
G1 X108.329 Y72.566 E1193.22879
G1 X108.71 Y71.33 E1193.28901
G1 X109.323 Y70.193 E1193.34916
G1 X110.132 Y69.21 E1193.40844
G1 X111.129 Y68.393 E1193.46846
G1 X112.271 Y67.777 E1193.52888
G1 X113.514 Y67.4 E1193.58936
G1 X114.796 Y67.276 E1193.64934
G1 X116.078 Y67.399 E1193.70931
G1 X117.327 Y67.78 E1193.77011
G1 X118.467 Y68.393 E1193.83038
G1 X119.462 Y69.212 E1193.89039
G1 X120.285 Y70.211 E1193.95066
G1 X120.894 Y71.352 E1194.01089
G1 X121.273 Y72.593 E1194.07131
G1 X121.403 Y73.88 E1194.13154
G1 X121.273 Y75.167 E1194.19177
G1 X120.899 Y76.41 E1194.25222
G1 X120.289 Y77.549 E1194.31238
G1 X119.468 Y78.542 E1194.37237
G1 X118.463 Y79.37 E1194.43301
G1 X117.331 Y79.98 E1194.49288
G1 X116.078 Y80.357 E1194.55381
G1 X114.796 Y80.48 E1194.61378
G1 F2400 E1191.61378
G0 F12000 X117.397 Y80.15
G0 X129.71 Y80.149
G0 X132.312 Y80.48
G1 F2400 E1194.61378
G1 F3600 X131.026 Y80.36 E1194.67392
G1 X129.779 Y79.981 E1194.73461
G1 X128.645 Y79.371 E1194.79457
G1 X127.636 Y78.542 E1194.85538
G1 X126.819 Y77.549 E1194.91526
G1 X126.214 Y76.413 E1194.97519
G1 X125.835 Y75.167 E1195.03583
G1 X125.705 Y73.882 E1195.09597
G1 X125.835 Y72.593 E1195.1563
G1 X126.21 Y71.347 E1195.21689
G1 X126.823 Y70.211 E1195.27699
G1 X127.642 Y69.212 E1195.33714
G1 X128.641 Y68.393 E1195.3973
G1 X129.783 Y67.777 E1195.45772
G1 X131.026 Y67.4 E1195.5182
G1 X132.308 Y67.276 E1195.57817
G1 X133.59 Y67.399 E1195.63814
G1 X134.84 Y67.781 E1195.699
G1 X136.003 Y68.41 E1195.76057
G1 X136.975 Y69.209 E1195.81916
G1 X137.794 Y70.206 E1195.87924
G1 X138.396 Y71.329 E1195.93857
G1 X138.789 Y72.597 E1196.00039
G1 X138.916 Y73.88 E1196.06042
G1 X138.788 Y75.152 E1196.11995
G1 X138.407 Y76.411 E1196.1812
G1 X137.799 Y77.547 E1196.24119
G1 X136.976 Y78.546 E1196.30146
G1 X135.973 Y79.372 E1196.36197
G1 X134.849 Y79.974 E1196.42134
G1 X133.589 Y80.357 E1196.48266
G1 X132.312 Y80.48 E1196.5424
G1 F2400 E1193.5424
G0 F12000 X133.567 Y80.209
G0 X134.78 Y79.841
G0 X135.896 Y79.246
G0 X136.873 Y78.442
G0 X137.676 Y77.465
G0 X138.271 Y76.349
G0 X138.639 Y75.138
G0 X138.74 Y74.12
G0 X138.576 Y71.28
G0 X143.718 Y64.785
G0 X144.596 Y64.78
G1 F2400 E1196.5424
G1 F3600 X144.175 Y64.734 E1196.56212
G1 X143.784 Y64.616 E1196.58114
G1 X143.434 Y64.422 E1196.59977
G1 X143.103 Y64.157 E1196.61951
G1 X142.84 Y63.833 E1196.63895
G1 X142.651 Y63.479 E1196.65763
G1 X142.52 Y63.071 E1196.67759
G1 X142.48 Y62.66 E1196.69681
G1 X142.52 Y62.246 E1196.71618
G1 X142.647 Y61.846 E1196.73572
G1 X142.839 Y61.482 E1196.75489
G1 X143.107 Y61.159 E1196.77443
G1 X143.427 Y60.9 E1196.7936
G1 X143.787 Y60.703 E1196.81271
G1 X144.204 Y60.58 E1196.83295
G1 X144.599 Y60.54 E1196.85144
G1 X145.008 Y60.58 E1196.87057
G1 X145.416 Y60.702 E1196.8904
G1 X145.781 Y60.902 E1196.90978
G1 X146.116 Y61.183 E1196.93014
G1 X146.364 Y61.481 E1196.9482
G1 X146.559 Y61.848 E1196.96755
G1 X146.681 Y62.255 E1196.98733
G1 X146.716 Y62.66 E1197.00626
G1 X146.68 Y63.056 E1197.02478
G1 X146.56 Y63.469 E1197.0448
G1 X146.364 Y63.838 E1197.06426
G1 X146.097 Y64.161 E1197.08377
G1 X145.777 Y64.42 E1197.10294
G1 X145.416 Y64.618 E1197.12211
G1 X145.008 Y64.74 E1197.14194
G1 X144.596 Y64.78 E1197.16122
G1 F2400 E1194.16122
G0 F12000 X143.718 Y64.785
G0 X127.298 Y89.778
G0 X110 Y123.785
G1 F2400 E1197.16122
G1 F3600 X92.841 Y123.787 E1197.96021
G1 X92.692 Y123.756 E1197.9673
G1 X92.499 Y123.646 E1197.97764
G1 X92.324 Y123.396 E1197.99185
G1 X92.289 Y123.231 E1197.99971
G1 X92.289 Y90.149 E1199.54014
G1 X92.355 Y89.91 E1199.55169
G1 X92.463 Y89.763 E1199.56018
G1 X92.661 Y89.632 E1199.57124
G1 X92.835 Y89.59 E1199.57957
G1 X127.018 Y89.589 E1201.17128
G1 X127.266 Y89.721 E1201.18436
G1 X127.414 Y89.898 E1201.1951
G1 X127.482 Y90.097 E1201.20489
G1 X127.487 Y123.231 E1202.74775
G1 X127.42 Y123.468 E1202.75922
G1 X127.253 Y123.665 E1202.77125
G1 X126.963 Y123.784 E1202.78584
G1 X110 Y123.785 E1203.57571
G1 F2400 E1200.57571
G0 F12000 X109.998 Y161.768
G0 X110 Y161.968
G1 F2400 E1203.57571
G1 F3600 X149.396 Y161.968 E1205.41015
G1 X149.396 Y58.028 E1210.25004
G1 X70.604 Y58.028 E1213.91892
G1 X70.604 Y161.968 E1218.7588
G1 X110 Y161.968 E1220.59325
G0 F12000 X110 Y162.368
;TYPE:WALL-OUTER
G1 F3600 X149.796 Y162.368 E1222.44631
G1 X149.796 Y57.628 E1227.32345
G1 X70.204 Y57.628 E1231.02958
G1 X70.204 Y162.368 E1235.90672
G1 X110 Y162.368 E1237.75979
G1 F2400 E1234.75979
G0 F12000 X110 Y162.059
G0 X110 Y161.768
G0 X109.998 Y123.986
G0 X110 Y123.387
G1 F2400 E1237.75979
G1 F3600 X92.848 Y123.385 E1238.55845
G1 X92.776 Y123.355 E1238.56209
G1 X92.688 Y123.23 E1238.5692
G1 X92.689 Y90.116 E1240.11113
G1 X92.817 Y89.988 E1240.11956
G1 X126.922 Y89.99 E1241.70763
G1 X126.998 Y90.02 E1241.71144
G1 X127.088 Y90.134 E1241.7182
G1 X127.086 Y123.223 E1243.25896
G1 X126.992 Y123.36 E1243.2667
G1 X126.905 Y123.388 E1243.27095
G1 X110 Y123.387 E1244.05812
G1 F2400 E1241.05812
G0 F12000 X110 Y123.698
G0 X127.326 Y123.626
G0 X127.326 Y89.75
G0 X114.744 Y89.409
G0 X114.796 Y80.66
G0 X114.776 Y80.08
G1 F2400 E1244.05812
G1 F3600 X113.612 Y79.968 E1244.11257
G1 X112.405 Y79.601 E1244.17132
G1 X111.356 Y79.039 E1244.22673
G1 X110.41 Y78.262 E1244.28373
G1 X109.645 Y77.33 E1244.33988
G1 X109.064 Y76.239 E1244.39744
G1 X108.712 Y75.068 E1244.45437
G1 X108.596 Y73.86 E1244.51088
G1 X108.72 Y72.653 E1244.56738
G1 X109.079 Y71.485 E1244.62428
G1 X109.646 Y70.429 E1244.68009
G1 X110.414 Y69.494 E1244.73643
G1 X111.352 Y68.725 E1244.79291
G1 X112.441 Y68.144 E1244.85038
G1 X113.612 Y67.792 E1244.90732
G1 X114.816 Y67.68 E1244.96363
G1 X115.984 Y67.792 E1245.01826
G1 X117.187 Y68.159 E1245.07683
G1 X118.244 Y68.725 E1245.13266
G1 X119.178 Y69.494 E1245.18899
G1 X119.954 Y70.435 E1245.24579
G1 X120.525 Y71.506 E1245.3023
G1 X120.881 Y72.672 E1245.35907
G1 X121 Y73.898 E1245.41643
G1 X120.881 Y75.088 E1245.47211
G1 X120.517 Y76.275 E1245.52993
G1 X119.954 Y77.325 E1245.5854
G1 X119.183 Y78.261 E1245.64187
G1 X118.223 Y79.049 E1245.6997
G1 X117.191 Y79.601 E1245.7542
G1 X115.984 Y79.964 E1245.81289
G1 X114.776 Y80.08 E1245.8694
G1 F2400 E1242.8694
G0 F12000 X114.746 Y80.388
G0 X113.542 Y80.209
G0 X112.33 Y79.841
G0 X111.426 Y79.359
G0 X109.151 Y77.64
G0 X102.4 Y76.563
G0 X100.532 Y76.552
G1 F2400 E1245.8694
G1 F3600 X100.048 Y76.504 E1245.89205
G1 X99.518 Y76.341 E1245.91786
G1 X99.053 Y76.095 E1245.94236
G1 X98.633 Y75.748 E1245.96773
G1 X98.295 Y75.331 E1245.99272
G1 X98.055 Y74.876 E1246.01668
G1 X97.903 Y74.372 E1246.04119
G1 X97.852 Y73.868 E1246.06478
G1 X97.9 Y73.344 E1246.08928
G1 X98.061 Y72.809 E1246.11529
G1 X98.306 Y72.35 E1246.13952
G1 X98.652 Y71.937 E1246.16461
G1 X99.073 Y71.591 E1246.18998
G1 X99.534 Y71.348 E1246.21425
G1 X100.028 Y71.199 E1246.23828
G1 X100.572 Y71.148 E1246.26372
G1 X101.076 Y71.199 E1246.28731
G1 X101.607 Y71.363 E1246.31318
G1 X102.059 Y71.606 E1246.33708
G1 X102.474 Y71.956 E1246.36236
G1 X102.802 Y72.353 E1246.38634
G1 X103.048 Y72.822 E1246.411
G1 X103.208 Y73.344 E1246.43642
G1 X103.256 Y73.868 E1246.46092
G1 X103.208 Y74.356 E1246.48376
G1 X103.047 Y74.882 E1246.50937
G1 X102.8 Y75.346 E1246.53385
G1 X102.444 Y75.775 E1246.55981
G1 X102.051 Y76.098 E1246.58349
G1 X101.601 Y76.336 E1246.6072
G1 X101.056 Y76.504 E1246.63375
G1 X100.532 Y76.552 E1246.65825
G1 F2400 E1243.65825
G0 F12000 X100.502 Y76.857
G0 X99.424 Y76.576
G0 X99.012 Y76.356
G0 X97.517 Y75.104
G0 X91.454 Y74.167
G0 X90.21 Y74.418
G1 F2400 E1246.65825
G1 F3600 X89.854 Y74.3 E1246.67572
G1 X89.638 Y74.071 E1246.69038
G1 X89.552 Y73.831 E1246.70225
G1 X89.566 Y73.545 E1246.71558
G1 X89.662 Y73.321 E1246.72693
G1 X89.863 Y73.13 E1246.73984
G1 X90.109 Y73.031 E1246.75219
G1 X90.388 Y73.03 E1246.76518
G1 X90.738 Y73.213 E1246.78357
G1 X90.898 Y73.471 E1246.79771
G1 X90.94 Y73.703 E1246.80868
G1 X90.895 Y73.97 E1246.82129
G1 X90.738 Y74.214 E1246.8348
G1 X90.491 Y74.372 E1246.84846
G1 X90.21 Y74.418 E1246.86171
G1 F2400 E1243.86171
G0 F12000 X90.119 Y74.714
G0 X89.079 Y74.183
G0 X88.799 Y73.845
G0 X87.636 Y74.936
G0 X87.501 Y74.404
G1 F2400 E1246.86171
G1 F3600 X87.226 Y74.408 E1246.87452
G1 X86.954 Y74.3 E1246.88815
G1 X86.765 Y74.118 E1246.90037
G1 X86.659 Y73.872 E1246.91284
G1 X86.651 Y73.577 E1246.92658
G1 X86.847 Y73.208 E1246.94604
G1 X87.093 Y73.046 E1246.95975
G1 X87.367 Y72.986 E1246.97281
G1 X87.729 Y73.098 E1246.99046
G1 X87.937 Y73.301 E1247.00399
G1 X88.036 Y73.526 E1247.01544
G1 X88.049 Y73.837 E1247.02993
G1 X87.833 Y74.222 E1247.05049
G1 X87.501 Y74.404 E1247.06812
G1 F2400 E1244.06812
G0 F12000 X87.636 Y74.936
G0 X87.096 Y75.039
G0 X88.155 Y76.062
G0 X88.298 Y76.407
G0 X88.297 Y76.803
G0 X88.054 Y77.258
G0 X87.788 Y77.436
G0 X87.255 Y77.593
G0 X87.344 Y77.298
G1 F2400 E1247.06812
G1 F3600 X86.968 Y77.185 E1247.0864
G1 X86.757 Y76.955 E1247.10093
G1 X86.648 Y76.587 E1247.1188
G1 X86.77 Y76.194 E1247.13797
G1 X87.075 Y75.946 E1247.15627
G1 X87.374 Y75.892 E1247.17042
G1 X87.73 Y75.994 E1247.18766
G1 X87.94 Y76.206 E1247.20156
G1 X88.042 Y76.445 E1247.21366
G1 X88.049 Y76.738 E1247.2273
G1 X87.864 Y77.09 E1247.24582
G1 X87.607 Y77.244 E1247.25977
G1 X87.344 Y77.298 E1247.27227
G1 F2400 E1244.27227
G0 F12000 X87.255 Y77.593
G0 X86.842 Y77.406
G0 X86.603 Y77.167
G0 X86.222 Y75.983
G0 X85.335 Y74.671
G0 X84.424 Y74.42
G1 F2400 E1247.27227
G1 F3600 X84.058 Y74.308 E1247.2901
G1 X83.847 Y74.091 E1247.30419
G1 X83.753 Y73.842 E1247.31658
G1 X83.753 Y73.596 E1247.32804
G1 X83.853 Y73.335 E1247.34105
G1 X84.041 Y73.145 E1247.3535
G1 X84.292 Y73.034 E1247.36628
G1 X84.586 Y73.028 E1247.37997
G1 X84.926 Y73.205 E1247.39782
G1 X85.089 Y73.446 E1247.41137
G1 X85.14 Y73.695 E1247.4232
G1 X85.096 Y73.965 E1247.43594
G1 X84.946 Y74.206 E1247.44916
G1 X84.705 Y74.367 E1247.46265
G1 X84.424 Y74.42 E1247.47597
G1 F2400 E1244.47597
G0 F12000 X84.332 Y74.718
G0 X84.81 Y74.602
G0 X85.12 Y74.397
G0 X85.286 Y74.147
G0 X85.552 Y73.086
G0 X86.164 Y73.248
G0 X87.344 Y71.498
G1 F2400 E1247.47597
G1 F3600 X86.966 Y71.38 E1247.49441
G1 X86.769 Y71.177 E1247.50758
G1 X86.647 Y70.788 E1247.52656
G1 X86.771 Y70.395 E1247.54575
G1 X87.063 Y70.158 E1247.56326
G1 X87.359 Y70.084 E1247.57747
G1 X87.719 Y70.193 E1247.59499
G1 X87.931 Y70.393 E1247.60856
G1 X88.042 Y70.644 E1247.62134
G1 X88.045 Y70.943 E1247.63526
G1 X87.867 Y71.285 E1247.65321
G1 X87.622 Y71.439 E1247.66669
G1 X87.344 Y71.498 E1247.67992
G1 F2400 E1244.67992
G0 F12000 X87.211 Y72.077
G0 X86.834 Y71.643
G0 X86.088 Y70.647
G0 X76.722 Y64.567
G0 X75.42 Y64.376
G1 F2400 E1247.67992
G1 F3600 X75.128 Y64.348 E1247.69358
G1 X74.765 Y64.237 E1247.71125
G1 X74.505 Y64.097 E1247.72501
G1 X74.242 Y63.888 E1247.74065
G1 X74.003 Y63.594 E1247.75829
G1 X73.853 Y63.305 E1247.77345
G1 X73.752 Y62.972 E1247.78966
G1 X73.724 Y62.64 E1247.80517
G1 X73.752 Y62.348 E1247.81883
G1 X73.853 Y62.015 E1247.83503
G1 X74.024 Y61.694 E1247.85197
G1 X74.218 Y61.454 E1247.86634
G1 X74.505 Y61.223 E1247.88349
G1 X74.801 Y61.068 E1247.89905
G1 X75.113 Y60.974 E1247.91422
G1 X75.459 Y60.944 E1247.9304
G1 X75.795 Y60.98 E1247.94613
G1 X76.119 Y61.083 E1247.96196
G1 X76.412 Y61.245 E1247.97755
G1 X76.667 Y61.46 E1247.99308
G1 X76.878 Y61.723 E1248.00878
G1 X77.018 Y61.991 E1248.02286
G1 X77.128 Y62.345 E1248.04012
G1 X77.156 Y62.679 E1248.05573
G1 X77.128 Y62.975 E1248.06957
G1 X77.028 Y63.306 E1248.08568
G1 X76.875 Y63.603 E1248.10123
G1 X76.64 Y63.887 E1248.1184
G1 X76.397 Y64.086 E1248.13302
G1 X76.082 Y64.252 E1248.1496
G1 X75.78 Y64.343 E1248.16429
G1 X75.42 Y64.376 E1248.18112
G1 F2400 E1245.18112
G0 F12000 X75.39 Y64.682
G0 X76.722 Y64.567
G0 X126.673 Y77.65
G0 X132.288 Y80.08
G1 F2400 E1248.18112
G1 F3600 X131.124 Y79.968 E1248.23557
G1 X129.917 Y79.601 E1248.29432
G1 X128.868 Y79.039 E1248.34973
G1 X127.921 Y78.261 E1248.4068
G1 X127.154 Y77.325 E1248.46315
G1 X126.583 Y76.258 E1248.5195
G1 X126.227 Y75.088 E1248.57645
G1 X126.108 Y73.898 E1248.63213
G1 X126.224 Y72.692 E1248.68855
G1 X126.583 Y71.502 E1248.74643
G1 X127.154 Y70.435 E1248.80278
G1 X127.913 Y69.508 E1248.85857
G1 X128.864 Y68.725 E1248.91593
G1 X129.953 Y68.144 E1248.9734
G1 X131.124 Y67.792 E1249.03034
G1 X132.328 Y67.68 E1249.08664
G1 X133.496 Y67.792 E1249.14128
G1 X134.663 Y68.144 E1249.19804
G1 X135.746 Y68.719 E1249.25513
G1 X136.691 Y69.495 E1249.31207
G1 X137.477 Y70.453 E1249.36977
G1 X138.034 Y71.499 E1249.42495
G1 X138.396 Y72.692 E1249.48301
G1 X138.512 Y73.86 E1249.53766
G1 X138.394 Y75.083 E1249.59487
G1 X138.029 Y76.275 E1249.65292
G1 X137.467 Y77.324 E1249.70834
G1 X136.68 Y78.275 E1249.76582
G1 X135.735 Y79.049 E1249.82269
G1 X134.689 Y79.608 E1249.87792
G1 X133.507 Y79.962 E1249.93537
G1 X132.288 Y80.08 E1249.9924
G1 F2400 E1246.9924
G0 F12000 X132.258 Y80.388
G0 X133.567 Y80.209
G0 X134.78 Y79.841
G0 X135.896 Y79.246
G0 X136.873 Y78.442
G0 X137.676 Y77.465
G0 X138.271 Y76.349
G0 X138.639 Y75.138
G0 X138.74 Y74.12
G0 X138.576 Y71.28
G0 X143.335 Y64.573
G0 X144.58 Y64.376
G1 F2400 E1249.9924
G1 F3600 X144.263 Y64.344 E1250.00724
G1 X143.961 Y64.252 E1250.02194
G1 X143.654 Y64.088 E1250.03814
G1 X143.377 Y63.86 E1250.05485
G1 X143.179 Y63.62 E1250.06934
G1 X143.019 Y63.323 E1250.08505
G1 X142.918 Y63.005 E1250.10058
G1 X142.884 Y62.64 E1250.11765
G1 X142.912 Y62.348 E1250.13131
G1 X143.013 Y62.015 E1250.14751
G1 X143.185 Y61.692 E1250.16455
G1 X143.406 Y61.432 E1250.18044
G1 X143.668 Y61.224 E1250.19602
G1 X143.961 Y61.068 E1250.21148
G1 X144.273 Y60.974 E1250.22665
G1 X144.62 Y60.944 E1250.24287
G1 X144.912 Y60.972 E1250.25653
G1 X145.28 Y61.084 E1250.27444
G1 X145.566 Y61.244 E1250.2897
G1 X145.827 Y61.46 E1250.30547
G1 X146.019 Y61.692 E1250.3195
G1 X146.192 Y62.018 E1250.33668
G1 X146.288 Y62.348 E1250.35268
G1 X146.316 Y62.68 E1250.3682
G1 X146.286 Y62.987 E1250.38256
G1 X146.177 Y63.338 E1250.39968
G1 X146.019 Y63.628 E1250.41505
G1 X145.798 Y63.888 E1250.43094
G1 X145.536 Y64.096 E1250.44652
G1 X145.242 Y64.252 E1250.46202
G1 X144.912 Y64.348 E1250.47802
G1 X144.58 Y64.376 E1250.49353
G1 F2400 E1247.49353
G0 F12000 X144.548 Y64.683
G0 X143.718 Y64.785
G0 X143.718 Y161.768
G0 X110 Y161.608
;TYPE:SKIN
G1 F2400 E1250.49353
G1 F3600 X70.964 Y161.608 E1252.31121
G1 X70.965 Y58.389 E1257.11752
G1 X149.036 Y58.388 E1260.75284
G1 X149.036 Y161.608 E1265.55919
G1 X110 Y161.608 E1267.37687
G1 F2400 E1264.37687
G0 F12000 X110 Y161.868
G0 X109.998 Y123.986
G0 X110 Y124.145
G1 F2400 E1267.37687
G1 F3600 X126.986 Y124.142 E1268.16781
G1 X127.332 Y124.037 E1268.18465
G1 X127.57 Y123.861 E1268.19843
G1 X127.718 Y123.673 E1268.20957
G1 X127.84 Y123.281 E1268.22869
G1 X127.848 Y90.137 E1269.77201
G1 X127.787 Y89.849 E1269.78572
G1 X127.624 Y89.569 E1269.80081
G1 X127.474 Y89.428 E1269.81039
G1 X127.166 Y89.268 E1269.82655
G1 X126.968 Y89.229 E1269.83595
G1 X92.767 Y89.228 E1271.42849
G1 X92.434 Y89.337 E1271.44481
G1 X92.27 Y89.451 E1271.45411
G1 X92.06 Y89.692 E1271.46899
G1 X91.931 Y90.104 E1271.4891
G1 X91.928 Y123.263 E1273.03312
G1 X91.97 Y123.472 E1273.04304
G1 X92.115 Y123.757 E1273.05793
G1 X92.253 Y123.909 E1273.06749
G1 X92.589 Y124.101 E1273.08551
G1 X92.839 Y124.148 E1273.09736
G1 X110 Y124.145 E1273.89645
G1 F2400 E1270.89645
G0 F12000 X110 Y123.886
G0 X92.45 Y123.626
G0 X92.46 Y89.743
G0 X76.331 Y64.784
G0 X75.42 Y65.14
G1 F2400 E1273.89645
G1 F3600 X75.912 Y65.087 E1273.91949
G1 X76.396 Y64.95 E1273.94291
G1 X76.815 Y64.718 E1273.96521
G1 X77.189 Y64.411 E1273.98774
G1 X77.511 Y64.025 E1274.01115
G1 X77.716 Y63.624 E1274.03212
G1 X77.866 Y63.155 E1274.05505
G1 X77.92 Y62.64 E1274.07916
G1 X77.876 Y62.192 E1274.10012
G1 X77.731 Y61.723 E1274.12298
G1 X77.518 Y61.304 E1274.14487
G1 X77.179 Y60.888 E1274.16986
G1 X76.831 Y60.604 E1274.19077
G1 X76.378 Y60.36 E1274.21473
G1 X75.897 Y60.22 E1274.23806
G1 X75.457 Y60.184 E1274.25861
G1 X74.991 Y60.22 E1274.28038
G1 X74.512 Y60.355 E1274.30355
G1 X74.049 Y60.604 E1274.32803
G1 X73.701 Y60.888 E1274.34895
G1 X73.388 Y61.27 E1274.37194
G1 X73.16 Y61.684 E1274.39395
G1 X73 Y62.192 E1274.41875
G1 X72.956 Y62.66 E1274.44064
G1 X73.006 Y63.115 E1274.46195
G1 X73.139 Y63.587 E1274.48479
G1 X73.363 Y64.015 E1274.50728
G1 X73.673 Y64.399 E1274.53026
G1 X74.049 Y64.711 E1274.55301
G1 X74.502 Y64.956 E1274.57699
G1 X74.942 Y65.088 E1274.59838
G1 X75.42 Y65.14 E1274.62077
G1 F2400 E1271.62077
G0 F12000 X75.445 Y64.882
G0 X76.331 Y64.784
G0 X86.372 Y75.767
G0 X87.46 Y78.048
G1 F2400 E1274.62077
G1 F3600 X87.923 Y77.945 E1274.64286
G1 X88.298 Y77.707 E1274.66354
G1 X88.494 Y77.521 E1274.67612
G1 X88.734 Y77.051 E1274.70069
G1 X88.803 Y76.787 E1274.7134
G1 X88.801 Y76.273 E1274.73733
G1 X88.555 Y75.747 E1274.76437
G1 X88.256 Y75.44 E1274.78433
G1 X87.763 Y75.163 E1274.81066
G1 X87.908 Y75.044 E1274.81939
G1 X88.232 Y74.874 E1274.83643
G1 X88.466 Y74.651 E1274.85148
G1 X88.673 Y74.275 E1274.87147
G1 X88.793 Y74.145 E1274.87971
G1 X88.908 Y74.294 E1274.88847
G1 X89.051 Y74.58 E1274.90336
G1 X89.332 Y74.856 E1274.9217
G1 X89.557 Y75.002 E1274.93419
G1 X89.977 Y75.142 E1274.9548
G1 X90.276 Y75.188 E1274.96889
G1 X90.795 Y75.086 E1274.99352
G1 X91.183 Y74.832 E1275.01511
G1 X91.364 Y74.646 E1275.0272
G1 X91.617 Y74.238 E1275.04955
G1 X91.708 Y73.668 E1275.07643
G1 X91.61 Y73.169 E1275.10011
G1 X91.368 Y72.8 E1275.12066
G1 X91.126 Y72.567 E1275.1363
G1 X90.584 Y72.281 E1275.16484
G1 X89.948 Y72.261 E1275.19447
G1 X89.395 Y72.513 E1275.22276
G1 X89.041 Y72.871 E1275.24621
G1 X88.82 Y73.329 E1275.26989
G1 X88.714 Y73.183 E1275.27829
G1 X88.56 Y72.865 E1275.29474
G1 X88.308 Y72.59 E1275.31211
G1 X88.08 Y72.424 E1275.32524
G1 X87.701 Y72.251 E1275.34464
G1 X88.042 Y72.074 E1275.36253
G1 X88.357 Y71.855 E1275.38039
G1 X88.545 Y71.621 E1275.39437
G1 X88.811 Y71.109 E1275.42124
G1 X88.791 Y70.531 E1275.44817
G1 X88.649 Y70.125 E1275.4682
G1 X88.541 Y69.939 E1275.47821
G1 X88.228 Y69.617 E1275.49912
G1 X87.941 Y69.466 E1275.51422
G1 X87.517 Y69.341 E1275.53481
G1 X87.201 Y69.341 E1275.54952
G1 X86.859 Y69.42 E1275.56586
G1 X86.609 Y69.546 E1275.5789
G1 X86.297 Y69.795 E1275.59749
G1 X86.045 Y70.139 E1275.61734
G1 X85.91 Y70.61 E1275.64016
G1 X85.909 Y70.976 E1275.6572
G1 X86.1 Y71.591 E1275.68719
G1 X86.533 Y72.012 E1275.71531
G1 X86.993 Y72.226 E1275.73893
G1 X86.634 Y72.431 E1275.75818
G1 X86.352 Y72.632 E1275.77431
G1 X86.188 Y72.831 E1275.78632
G1 X86.017 Y73.142 E1275.80284
G1 X85.894 Y73.313 E1275.81265
G1 X85.713 Y73.004 E1275.82933
G1 X85.406 Y72.594 E1275.85318
G1 X84.927 Y72.349 E1275.87823
G1 X84.64 Y72.269 E1275.8921
G1 X84.235 Y72.27 E1275.91096
G1 X83.787 Y72.416 E1275.9329
G1 X83.552 Y72.561 E1275.94576
G1 X83.204 Y72.908 E1275.96864
G1 X83.001 Y73.411 E1275.9939
G1 X82.997 Y73.991 E1276.02091
G1 X83.211 Y74.533 E1276.04804
G1 X83.568 Y74.886 E1276.07142
G1 X83.816 Y75.03 E1276.08477
G1 X84.29 Y75.178 E1276.10789
G1 X84.65 Y75.159 E1276.12468
G1 X85.046 Y75.056 E1276.14373
G1 X85.441 Y74.793 E1276.16583
G1 X85.699 Y74.445 E1276.186
G1 X85.908 Y74.117 E1276.20411
G1 X86.124 Y74.543 E1276.22635
G1 X86.48 Y74.909 E1276.25013
G1 X86.829 Y75.081 E1276.26825
G1 X86.919 Y75.167 E1276.27404
G1 X86.557 Y75.385 E1276.29372
G1 X86.238 Y75.642 E1276.31279
G1 X86.06 Y75.903 E1276.3275
G1 X85.916 Y76.383 E1276.35084
G1 X85.898 Y76.754 E1276.36813
G1 X86.048 Y77.238 E1276.39173
G1 X86.195 Y77.477 E1276.40479
G1 X86.445 Y77.736 E1276.42156
G1 X86.685 Y77.885 E1276.43471
G1 X87.206 Y78.047 E1276.46012
G1 X87.46 Y78.048 E1276.47194
G1 F2400 E1273.47194
G0 F12000 X87.432 Y77.789
G0 X88.57 Y76.987
G0 X98.731 Y76.578
G0 X100.532 Y77.316
G1 F2400 E1276.47194
G1 F3600 X101.211 Y77.243 E1276.50374
G1 X101.899 Y77.039 E1276.53716
G1 X102.501 Y76.711 E1276.56908
G1 X102.984 Y76.315 E1276.59816
G1 X103.424 Y75.774 E1276.63063
G1 X103.753 Y75.155 E1276.66328
G1 X103.947 Y74.549 E1276.6929
G1 X104.02 Y73.867 E1276.72484
G1 X103.947 Y73.151 E1276.75835
G1 X103.763 Y72.567 E1276.78687
G1 X103.444 Y71.941 E1276.81958
G1 X102.988 Y71.389 E1276.85292
G1 X102.48 Y70.969 E1276.88361
G1 X101.867 Y70.646 E1276.91588
G1 X101.207 Y70.453 E1276.9479
G1 X100.552 Y70.38 E1276.97859
G1 X99.881 Y70.454 E1277.01002
G1 X99.219 Y70.651 E1277.04218
G1 X98.62 Y70.977 E1277.07394
G1 X98.1 Y71.412 E1277.1055
G1 X97.667 Y71.934 E1277.13708
G1 X97.356 Y72.51 E1277.16757
G1 X97.163 Y73.155 E1277.19892
G1 X97.084 Y73.856 E1277.23176
G1 X97.155 Y74.52 E1277.26286
G1 X97.349 Y75.17 E1277.29444
G1 X97.675 Y75.774 E1277.3264
G1 X98.129 Y76.321 E1277.3595
G1 X98.625 Y76.723 E1277.38923
G1 X99.214 Y77.037 E1277.42031
G1 X99.888 Y77.252 E1277.45326
G1 X100.532 Y77.316 E1277.48339
G1 F2400 E1274.48339
G0 F12000 X100.557 Y77.058
G0 X102.4 Y76.563
G0 X109.151 Y77.64
G0 X114.777 Y80.84
G1 F2400 E1277.48339
G1 F3600 X116.136 Y80.712 E1277.54695
G1 X117.483 Y80.305 E1277.61247
G1 X118.651 Y79.677 E1277.67422
G1 X119.708 Y78.811 E1277.73785
G1 X120.59 Y77.745 E1277.80228
G1 X121.22 Y76.57 E1277.86436
G1 X121.629 Y75.229 E1277.92964
G1 X121.764 Y73.862 E1277.9936
G1 X121.62 Y72.497 E1278.05752
G1 X121.225 Y71.206 E1278.12038
G1 X120.582 Y70.007 E1278.18373
G1 X119.722 Y68.954 E1278.24704
G1 X118.651 Y68.083 E1278.31132
G1 X117.479 Y67.451 E1278.37332
G1 X116.132 Y67.04 E1278.4389
G1 X114.812 Y66.912 E1278.50065
G1 X113.461 Y67.042 E1278.56385
G1 X112.113 Y67.451 E1278.62945
G1 X110.945 Y68.079 E1278.6912
G1 X109.87 Y68.954 E1278.75574
G1 X109.001 Y70.016 E1278.81964
G1 X108.371 Y71.193 E1278.8818
G1 X107.96 Y72.544 E1278.94755
G1 X107.828 Y73.893 E1279.01067
G1 X107.956 Y75.2 E1279.07182
G1 X108.364 Y76.539 E1279.137
G1 X108.999 Y77.736 E1279.20009
G1 X109.87 Y78.798 E1279.26405
G1 X110.945 Y79.677 E1279.32871
G1 X112.109 Y80.305 E1279.39029
G1 X113.461 Y80.716 E1279.45609
G1 X114.777 Y80.84 E1279.51764
G1 F2400 E1276.51764
G0 F12000 X114.801 Y80.581
G0 X117.397 Y80.15
G0 X129.71 Y80.149
G0 X132.296 Y80.84
G1 F2400 E1279.51764
G1 F3600 X133.664 Y80.707 E1279.58164
G1 X134.982 Y80.306 E1279.64579
G1 X136.171 Y79.675 E1279.70847
G1 X137.23 Y78.798 E1279.7725
G1 X138.099 Y77.744 E1279.83611
G1 X138.729 Y76.567 E1279.89827
G1 X139.142 Y75.211 E1279.96427
G1 X139.276 Y73.876 E1280.02675
G1 X139.136 Y72.501 E1280.09111
G1 X138.74 Y71.213 E1280.15385
G1 X138.089 Y69.997 E1280.21808
G1 X137.23 Y68.954 E1280.28099
G1 X136.188 Y68.092 E1280.34397
G1 X134.991 Y67.451 E1280.40719
G1 X133.644 Y67.04 E1280.47277
G1 X132.324 Y66.912 E1280.53452
G1 X130.973 Y67.042 E1280.59772
G1 X129.625 Y67.451 E1280.66331
G1 X128.457 Y68.079 E1280.72506
G1 X127.386 Y68.95 E1280.78934
G1 X126.522 Y70.007 E1280.85291
G1 X125.887 Y71.189 E1280.91539
G1 X125.484 Y72.497 E1280.97912
G1 X125.34 Y73.902 E1281.04489
G1 X125.479 Y75.236 E1281.10734
G1 X125.883 Y76.554 E1281.17153
G1 X126.522 Y77.749 E1281.23463
G1 X127.378 Y78.794 E1281.29753
G1 X128.457 Y79.677 E1281.36245
G1 X129.639 Y80.313 E1281.42495
G1 X130.972 Y80.712 E1281.48975
G1 X132.296 Y80.84 E1281.55168
G1 F2400 E1278.55168
G0 F12000 X132.321 Y80.581
G0 X134.78 Y79.841
G0 X135.896 Y79.246
G0 X136.873 Y78.442
G0 X137.676 Y77.465
G0 X138.271 Y76.349
G0 X138.639 Y75.138
G0 X138.74 Y74.12
G0 X138.576 Y71.28
G0 X143.718 Y64.785
G0 X144.616 Y65.14
G1 F2400 E1281.55168
G1 F3600 X145.06 Y65.096 E1281.57246
G1 X145.572 Y64.94 E1281.59738
G1 X145.991 Y64.708 E1281.61968
G1 X146.335 Y64.428 E1281.64034
G1 X146.677 Y64.015 E1281.66531
G1 X146.889 Y63.619 E1281.68622
G1 X147.034 Y63.123 E1281.71028
G1 X147.076 Y62.656 E1281.73212
G1 X147.036 Y62.201 E1281.75339
G1 X146.885 Y61.69 E1281.7782
G1 X146.654 Y61.263 E1281.8008
G1 X146.354 Y60.907 E1281.82248
G1 X145.987 Y60.604 E1281.84464
G1 X145.581 Y60.376 E1281.86632
G1 X145.057 Y60.22 E1281.89178
G1 X144.617 Y60.184 E1281.91234
G1 X144.151 Y60.22 E1281.9341
G1 X143.672 Y60.355 E1281.95728
G1 X143.213 Y60.604 E1281.98159
G1 X142.865 Y60.888 E1282.00251
G1 X142.523 Y61.301 E1282.02747
G1 X142.319 Y61.681 E1282.04756
G1 X142.168 Y62.156 E1282.07077
G1 X142.116 Y62.636 E1282.09325
G1 X142.16 Y63.124 E1282.11606
G1 X142.314 Y63.62 E1282.14025
G1 X142.54 Y64.035 E1282.16225
G1 X142.857 Y64.424 E1282.18562
G1 X143.233 Y64.72 E1282.2079
G1 X143.631 Y64.94 E1282.22907
G1 X144.103 Y65.086 E1282.25208
G1 X144.616 Y65.14 E1282.2761
G1 F2400 E1279.2761
G0 F12000 X144.594 Y64.882
G0 X142.689 Y63.933
G0 X70.804 Y63.933
G0 X71.165 Y58.942
G1 F2400 E1282.2761
G1 F3600 X71.52 Y58.588 E1282.29944
G0 F12000 X72.085 Y58.588
G1 F3600 X71.165 Y59.508 E1282.36003
G0 F12000 X71.165 Y60.074
G1 F3600 X72.651 Y58.588 E1282.45788
G0 F12000 X73.217 Y58.588
G1 F3600 X71.165 Y60.639 E1282.59298
G0 F12000 X71.165 Y61.205
G1 F3600 X73.782 Y58.588 E1282.76531
G0 F12000 X74.348 Y58.588
G1 F3600 X71.165 Y61.771 E1282.97492
G0 F12000 X71.165 Y62.336
G1 F3600 X74.914 Y58.588 E1283.22176
G0 F12000 X75.479 Y58.588
G1 F3600 X71.165 Y62.902 E1283.50585
G0 F12000 X71.165 Y63.468
G1 F3600 X72.944 Y61.689 E1283.623
G0 F12000 X72.778 Y62.421
G1 F3600 X71.165 Y64.033 E1283.72918
G0 F12000 X71.165 Y64.599
G1 F3600 X72.79 Y62.974 E1283.83619
G0 F12000 X72.891 Y63.439
G1 F3600 X71.165 Y65.165 E1283.94985
G0 F12000 X71.165 Y65.731
G1 F3600 X73.047 Y63.849 E1284.07379
G0 F12000 X73.256 Y64.206
G1 F3600 X71.165 Y66.296 E1284.21145
G0 F12000 X71.165 Y66.862
G1 F3600 X73.51 Y64.517 E1284.36587
G0 F12000 X73.816 Y64.777
G1 F3600 X71.165 Y67.428 E1284.54044
G0 F12000 X71.165 Y67.993
G1 F3600 X74.16 Y64.999 E1284.73764
G0 F12000 X74.546 Y65.178
G1 F3600 X71.165 Y68.559 E1284.96028
G0 F12000 X71.165 Y69.125
G1 F3600 X74.992 Y65.298 E1285.2123
G0 F12000 X75.522 Y65.334
G1 F3600 X71.165 Y69.69 E1285.49918
G0 F12000 X71.165 Y70.256
G1 F3600 X76.214 Y65.207 E1285.83166
G1 F2400 E1282.83166
G0 F12000 X76.087 Y64.772
G0 X77.552 Y63.296
G0 X77.988 Y63.434
G1 F2400 E1285.83166
G1 F3600 X82.833 Y58.588 E1286.15075
G0 F12000 X82.268 Y58.588
G1 F3600 X78.113 Y62.742 E1286.42433
G0 F12000 X78.079 Y62.211
G1 F3600 X81.702 Y58.588 E1286.66291
G0 F12000 X81.136 Y58.588
G1 F3600 X77.956 Y61.768 E1286.87232
G0 F12000 X77.78 Y61.378
G1 F3600 X80.571 Y58.588 E1287.05608
G0 F12000 X80.005 Y58.588
G1 F3600 X77.561 Y61.032 E1287.21702
G0 F12000 X77.299 Y60.728
G1 F3600 X79.439 Y58.588 E1287.35794
G0 F12000 X78.874 Y58.588
G1 F3600 X76.987 Y60.475 E1287.4822
G0 F12000 X76.629 Y60.267
G1 F3600 X78.308 Y58.588 E1287.59277
G0 F12000 X77.742 Y58.588
G1 F3600 X76.225 Y60.105 E1287.69267
G0 F12000 X75.754 Y60.01
G1 F3600 X77.176 Y58.588 E1287.78631
G0 F12000 X76.611 Y58.588
G1 F3600 X75.195 Y60.004 E1287.87955
G0 F12000 X74.475 Y60.159
G1 F3600 X76.045 Y58.588 E1287.98297
G1 F2400 E1284.98297
G0 F12000 X76.045 Y58.128
G0 X83.399 Y58.128
G0 X83.399 Y58.588
G1 F2400 E1287.98297
G1 F3600 X71.165 Y70.822 E1288.7886
G0 F12000 X71.165 Y71.387
G1 F3600 X83.965 Y58.588 E1289.63147
G0 F12000 X84.53 Y58.588
G1 F3600 X71.165 Y71.953 E1290.51158
G0 F12000 X71.165 Y72.519
G1 F3600 X85.096 Y58.588 E1291.42896
G0 F12000 X85.662 Y58.588
G1 F3600 X71.165 Y73.084 E1292.38358
G0 F12000 X71.165 Y73.65
G1 F3600 X86.227 Y58.588 E1293.37544
G0 F12000 X86.793 Y58.588
G1 F3600 X71.165 Y74.216 E1294.40457
G0 F12000 X71.165 Y74.781
G1 F3600 X87.359 Y58.588 E1295.47094
G0 F12000 X87.924 Y58.588
G1 F3600 X71.165 Y75.347 E1296.57455
G0 F12000 X71.165 Y75.913
G1 F3600 X88.49 Y58.588 E1297.71543
G0 F12000 X89.056 Y58.588
G1 F3600 X71.165 Y76.479 E1298.89358
G0 F12000 X71.165 Y77.044
G1 F3600 X89.622 Y58.588 E1300.10897
G0 F12000 X90.187 Y58.588
G1 F3600 X71.165 Y77.61 E1301.3616
G0 F12000 X71.165 Y78.176
G1 F3600 X90.753 Y58.588 E1302.65151
G0 F12000 X91.319 Y58.588
G1 F3600 X71.165 Y78.741 E1303.97865
G0 F12000 X71.165 Y79.307
G1 F3600 X91.884 Y58.588 E1305.34303
G0 F12000 X92.45 Y58.588
G1 F3600 X71.165 Y79.873 E1306.74468
G0 F12000 X71.165 Y80.438
G1 F3600 X93.016 Y58.588 E1308.18358
G0 F12000 X93.581 Y58.588
G1 F3600 X71.165 Y81.004 E1309.65971
G0 F12000 X71.165 Y81.57
G1 F3600 X94.147 Y58.588 E1311.17311
G0 F12000 X94.713 Y58.588
G1 F3600 X71.165 Y82.135 E1312.72376
G0 F12000 X71.165 Y82.701
G1 F3600 X95.278 Y58.588 E1314.31164
G0 F12000 X95.844 Y58.588
G1 F3600 X71.165 Y83.267 E1315.93679
G0 F12000 X71.165 Y83.832
G1 F3600 X96.41 Y58.588 E1317.59919
G0 F12000 X96.975 Y58.588
G1 F3600 X71.165 Y84.398 E1319.29882
G0 F12000 X71.165 Y84.964
G1 F3600 X82.827 Y73.302 E1320.06678
G0 F12000 X82.798 Y73.897
G1 F3600 X71.165 Y85.53 E1320.83283
G0 F12000 X71.165 Y86.095
G1 F3600 X82.919 Y74.342 E1321.60682
G0 F12000 X83.112 Y74.714
G1 F3600 X71.165 Y86.661 E1322.39355
G0 F12000 X71.165 Y87.227
G1 F3600 X83.395 Y74.997 E1323.19892
G0 F12000 X83.743 Y75.215
G1 F3600 X71.165 Y87.792 E1324.02717
G0 F12000 X71.165 Y88.358
G1 F3600 X84.175 Y75.349 E1324.88387
G0 F12000 X84.75 Y75.339
G1 F3600 X71.165 Y88.924 E1325.77846
G0 F12000 X71.165 Y89.489
G1 F3600 X85.981 Y74.673 E1326.75412
G0 F12000 X86.255 Y74.965
G1 F3600 X71.165 Y90.055 E1327.74782
G0 F12000 X71.165 Y90.621
G1 F3600 X85.841 Y75.945 E1328.71426
G0 F12000 X85.699 Y76.653
G1 F3600 X71.165 Y91.186 E1329.67132
G0 F12000 X71.165 Y91.752
G1 F3600 X85.802 Y77.115 E1330.63519
G0 F12000 X85.978 Y77.505
G1 F3600 X71.165 Y92.318 E1331.61065
G0 F12000 X71.165 Y92.883
G1 F3600 X86.241 Y77.808 E1332.6034
G0 F12000 X86.571 Y78.043
G1 F3600 X71.165 Y93.449 E1333.61791
G0 F12000 X71.165 Y94.015
G1 F3600 X86.988 Y78.192 E1334.65988
G0 F12000 X87.504 Y78.241
G1 F3600 X71.165 Y94.58 E1335.73583
G0 F12000 X71.165 Y95.146
G1 F3600 X107.723 Y58.588 E1338.14324
G0 F12000 X107.158 Y58.588
G1 F3600 X91.884 Y73.862 E1339.14906
G0 F12000 X91.846 Y73.334
G1 F3600 X106.592 Y58.588 E1340.12011
G0 F12000 X106.026 Y58.588
G1 F3600 X91.69 Y72.925 E1341.06419
G0 F12000 X91.448 Y72.601
G1 F3600 X105.461 Y58.588 E1341.98697
G0 F12000 X104.895 Y58.588
G1 F3600 X91.133 Y72.35 E1342.89322
G0 F12000 X90.764 Y72.154
G1 F3600 X104.329 Y58.588 E1343.78653
G0 F12000 X103.764 Y58.588
G1 F3600 X90.282 Y72.07 E1344.67435
G0 F12000 X89.578 Y72.208
G1 F3600 X103.198 Y58.588 E1345.57125
G0 F12000 X102.632 Y58.588
G1 F3600 X88.603 Y72.617 E1346.49508
G0 F12000 X88.308 Y72.347
G1 F3600 X102.067 Y58.588 E1347.40113
G0 F12000 X101.501 Y58.588
G1 F3600 X89.013 Y71.076 E1348.22349
G0 F12000 X88.995 Y70.528
G1 F3600 X100.935 Y58.588 E1349.00976
G0 F12000 X100.37 Y58.588
G1 F3600 X88.855 Y70.103 E1349.76804
G0 F12000 X88.64 Y69.752
G1 F3600 X99.804 Y58.588 E1350.50321
G0 F12000 X99.238 Y58.588
G1 F3600 X88.358 Y69.468 E1351.21968
G0 F12000 X87.992 Y69.268
G1 F3600 X98.673 Y58.588 E1351.92301
G0 F12000 X98.107 Y58.588
G1 F3600 X87.55 Y69.145 E1352.6182
G0 F12000 X86.929 Y69.2
G1 F3600 X97.541 Y58.588 E1353.31702
G1 F2400 E1350.31702
G0 F12000 X97.541 Y58.128
G0 X108.289 Y58.128
G0 X108.289 Y58.588
G1 F2400 E1353.31702
G1 F3600 X71.165 Y95.712 E1355.7617
G0 F12000 X71.165 Y96.278
G1 F3600 X108.855 Y58.588 E1358.24365
G0 F12000 X109.421 Y58.588
G1 F3600 X71.165 Y96.843 E1360.76284
G0 F12000 X71.165 Y97.409
G1 F3600 X109.986 Y58.588 E1363.31927
G0 F12000 X110.552 Y58.588
G1 F3600 X71.165 Y97.975 E1365.91297
G0 F12000 X71.165 Y98.54
G1 F3600 X97.132 Y72.573 E1367.62294
G0 F12000 X96.942 Y73.329
G1 F3600 X71.165 Y99.106 E1369.3204
G0 F12000 X71.165 Y99.672
G1 F3600 X96.892 Y73.945 E1371.01457
G0 F12000 X96.947 Y74.456
G1 F3600 X71.165 Y100.237 E1372.71232
G0 F12000 X71.165 Y100.803
G1 F3600 X97.063 Y74.905 E1374.41775
G0 F12000 X97.207 Y75.327
G1 F3600 X71.165 Y101.369 E1376.13266
G0 F12000 X71.165 Y101.934
G1 F3600 X97.405 Y75.694 E1377.86061
G0 F12000 X97.632 Y76.034
G1 F3600 X71.165 Y102.5 E1379.60348
G0 F12000 X71.165 Y103.066
G1 F3600 X97.888 Y76.343 E1381.36323
G0 F12000 X98.179 Y76.618
G1 F3600 X71.165 Y103.631 E1383.14212
G0 F12000 X71.165 Y104.197
G1 F3600 X98.491 Y76.872 E1384.94155
G0 F12000 X98.856 Y77.073
G1 F3600 X71.165 Y104.763 E1386.76501
G0 F12000 X71.165 Y105.329
G1 F3600 X99.241 Y77.253 E1388.61387
G0 F12000 X99.667 Y77.392
G1 F3600 X71.165 Y105.894 E1390.49077
G0 F12000 X71.165 Y106.46
G1 F3600 X100.148 Y77.477 E1392.39935
G0 F12000 X100.688 Y77.503
G1 F3600 X71.165 Y107.026 E1394.34349
G0 F12000 X71.165 Y107.591
G1 F3600 X101.348 Y77.408 E1396.33109
G0 F12000 X102.243 Y77.079
G1 F3600 X71.165 Y108.157 E1398.37763
G0 F12000 X71.165 Y108.723
G1 F3600 X107.924 Y71.964 E1400.79828
G0 F12000 X107.742 Y72.712
G1 F3600 X71.165 Y109.288 E1403.2069
G0 F12000 X71.165 Y109.854
G1 F3600 X107.679 Y73.34 E1405.61141
G0 F12000 X107.633 Y73.952
G1 F3600 X92.48 Y89.105 E1406.60926
G0 F12000 X93.121 Y89.03
G1 F3600 X107.683 Y74.468 E1407.56819
G0 F12000 X107.733 Y74.983
G1 F3600 X93.687 Y89.03 E1408.49318
G0 F12000 X94.252 Y89.03
G1 F3600 X107.823 Y75.459 E1409.38685
G0 F12000 X107.956 Y75.892
G1 F3600 X94.818 Y89.03 E1410.25201
G0 F12000 X95.384 Y89.03
G1 F3600 X108.089 Y76.324 E1411.08869
G0 F12000 X108.24 Y76.739
G1 F3600 X95.949 Y89.03 E1411.89807
G0 F12000 X96.515 Y89.03
G1 F3600 X108.438 Y77.107 E1412.68322
G0 F12000 X108.635 Y77.476
G1 F3600 X97.081 Y89.03 E1413.44408
G0 F12000 X97.646 Y89.03
G1 F3600 X108.832 Y77.844 E1414.18069
G0 F12000 X109.085 Y78.157
G1 F3600 X98.212 Y89.03 E1414.8967
G0 F12000 X98.778 Y89.03
G1 F3600 X109.34 Y78.468 E1415.59222
G0 F12000 X109.595 Y78.778
G1 F3600 X99.344 Y89.03 E1416.2673
G0 F12000 X99.909 Y89.03
G1 F3600 X109.877 Y79.062 E1416.92371
G0 F12000 X110.188 Y79.317
G1 F3600 X100.475 Y89.03 E1417.56333
G0 F12000 X101.041 Y89.03
G1 F3600 X110.498 Y79.572 E1418.18612
G0 F12000 X110.808 Y79.828
G1 F3600 X101.606 Y89.03 E1418.79209
G0 F12000 X102.172 Y89.03
G1 F3600 X111.174 Y80.028 E1419.38489
G0 F12000 X111.542 Y80.226
G1 F3600 X102.738 Y89.03 E1419.96465
G0 F12000 X103.303 Y89.03
G1 F3600 X111.909 Y80.424 E1420.53137
G0 F12000 X112.318 Y80.58
G1 F3600 X103.869 Y89.03 E1421.08778
G0 F12000 X104.435 Y89.03
G1 F3600 X112.752 Y80.713 E1421.63547
G0 F12000 X113.186 Y80.844
G1 F3600 X105 Y89.03 E1422.17453
G0 F12000 X105.566 Y89.03
G1 F3600 X113.661 Y80.935 E1422.7076
G0 F12000 X114.178 Y80.984
G1 F3600 X106.132 Y89.03 E1423.23744
G0 F12000 X106.697 Y89.03
G1 F3600 X114.694 Y81.033 E1423.76406
G0 F12000 X115.299 Y80.994
G1 F3600 X107.263 Y89.03 E1424.29324
G0 F12000 X107.829 Y89.03
G1 F3600 X115.925 Y80.933 E1424.82641
G0 F12000 X116.658 Y80.766
G1 F3600 X108.395 Y89.03 E1425.37058
G0 F12000 X108.96 Y89.03
G1 F3600 X117.47 Y80.52 E1425.93097
G0 F12000 X117.34 Y80.083
G0 X118.434 Y79.499
G0 X118.652 Y79.904
G1 F3600 X109.526 Y89.03 E1426.53194
G0 F12000 X110.091 Y89.03
G1 F3600 X125.146 Y73.975 E1427.52334
G0 F12000 X125.2 Y74.487
G1 F3600 X110.657 Y89.03 E1428.48102
G0 F12000 X111.222 Y89.03
G1 F3600 X125.253 Y74.999 E1429.40498
G0 F12000 X125.344 Y75.474
G1 F3600 X111.788 Y89.03 E1430.29767
G0 F12000 X112.354 Y89.03
G1 F3600 X125.477 Y75.907 E1431.16184
G0 F12000 X125.609 Y76.341
G1 F3600 X112.919 Y89.03 E1431.99746
G0 F12000 X113.485 Y89.03
G1 F3600 X125.763 Y76.752 E1432.80599
G0 F12000 X125.96 Y77.121
G1 F3600 X114.051 Y89.03 E1433.59022
G0 F12000 X114.616 Y89.03
G1 F3600 X126.157 Y77.49 E1434.35018
G0 F12000 X126.354 Y77.859
G1 F3600 X115.182 Y89.03 E1435.08584
G0 F12000 X115.748 Y89.03
G1 F3600 X126.608 Y78.17 E1435.80099
G0 F12000 X126.863 Y78.481
G1 F3600 X116.313 Y89.03 E1436.4957
G0 F12000 X116.879 Y89.03
G1 F3600 X127.117 Y78.792 E1437.16989
G0 F12000 X127.402 Y79.073
G1 F3600 X117.445 Y89.03 E1437.82557
G0 F12000 X118.01 Y89.03
G1 F3600 X127.713 Y79.328 E1438.4645
G0 F12000 X128.023 Y79.583
G1 F3600 X118.576 Y89.03 E1439.0866
G0 F12000 X119.142 Y89.03
G1 F3600 X128.335 Y79.837 E1439.69197
G0 F12000 X128.702 Y80.036
G1 F3600 X119.708 Y89.03 E1440.28424
G0 F12000 X120.273 Y89.03
G1 F3600 X129.07 Y80.234 E1440.86351
G0 F12000 X129.437 Y80.432
G1 F3600 X120.839 Y89.03 E1441.4297
G0 F12000 X121.405 Y89.03
G1 F3600 X129.852 Y80.583 E1441.98595
G0 F12000 X130.287 Y80.714
G1 F3600 X121.97 Y89.03 E1442.53361
G0 F12000 X122.536 Y89.03
G1 F3600 X130.721 Y80.846 E1443.07257
G0 F12000 X131.2 Y80.932
G1 F3600 X123.102 Y89.03 E1443.60584
G0 F12000 X123.667 Y89.03
G1 F3600 X131.717 Y80.981 E1444.13591
G0 F12000 X132.234 Y81.029
G1 F3600 X124.233 Y89.03 E1444.66279
G0 F12000 X124.799 Y89.03
G1 F3600 X132.84 Y80.989 E1445.1923
G0 F12000 X133.47 Y80.925
G1 F3600 X125.364 Y89.03 E1445.72606
G0 F12000 X125.93 Y89.03
G1 F3600 X134.213 Y80.747 E1446.27151
G0 F12000 X135.028 Y80.498
G1 F3600 X126.496 Y89.03 E1446.83336
G0 F12000 X127.05 Y89.042
G1 F3600 X136.208 Y79.884 E1447.43643
G1 F2400 E1444.43643
G0 F12000 X135.994 Y79.478
G0 X137.897 Y77.576
G0 X138.3 Y77.792
G1 F2400 E1447.43643
G1 F3600 X148.836 Y67.256 E1448.13024
G0 F12000 X148.836 Y67.821
G1 F3600 X127.462 Y89.196 E1449.53779
G0 F12000 X127.78 Y89.443
G1 F3600 X148.836 Y68.387 E1450.92436
G0 F12000 X148.836 Y68.953
G1 F3600 X127.987 Y89.802 E1452.29731
G0 F12000 X128.047 Y90.307
G1 F3600 X148.836 Y69.518 E1453.6663
G0 F12000 X148.836 Y70.084
G1 F3600 X128.047 Y90.873 E1455.03529
G0 F12000 X128.047 Y91.439
G1 F3600 X148.836 Y70.65 E1456.40428
G0 F12000 X148.836 Y71.216
G1 F3600 X128.047 Y92.004 E1457.77324
G0 F12000 X128.047 Y92.57
G1 F3600 X148.836 Y71.781 E1459.14223
G0 F12000 X148.836 Y72.347
G1 F3600 X128.046 Y93.137 E1460.51129
G0 F12000 X128.046 Y93.702
G1 F3600 X148.836 Y72.913 E1461.88031
G0 F12000 X148.836 Y73.478
G1 F3600 X128.046 Y94.268 E1463.24937
G0 F12000 X128.046 Y94.834
G1 F3600 X148.836 Y74.044 E1464.61843
G0 F12000 X148.836 Y74.61
G1 F3600 X128.046 Y95.399 E1465.98745
G0 F12000 X128.046 Y95.965
G1 F3600 X148.836 Y75.175 E1467.35651
G0 F12000 X148.836 Y75.741
G1 F3600 X128.046 Y96.531 E1468.72556
G0 F12000 X128.046 Y97.097
G1 F3600 X148.836 Y76.307 E1470.09462
G0 F12000 X148.836 Y76.872
G1 F3600 X128.046 Y97.663 E1471.46371
G0 F12000 X128.046 Y98.228
G1 F3600 X148.836 Y77.438 E1472.83277
G0 F12000 X148.836 Y78.004
G1 F3600 X128.046 Y98.794 E1474.20182
G0 F12000 X128.045 Y99.361
G1 F3600 X148.836 Y78.569 E1475.57098
G0 F12000 X148.836 Y79.135
G1 F3600 X128.045 Y99.926 E1476.9401
G0 F12000 X128.045 Y100.492
G1 F3600 X148.836 Y79.701 E1478.30923
G0 F12000 X148.836 Y80.267
G1 F3600 X128.045 Y101.058 E1479.67835
G0 F12000 X128.045 Y101.623
G1 F3600 X148.836 Y80.832 E1481.04747
G0 F12000 X148.836 Y81.398
G1 F3600 X128.044 Y102.19 E1482.41666
G0 F12000 X128.044 Y102.755
G1 F3600 X148.836 Y81.964 E1483.78582
G0 F12000 X148.836 Y82.529
G1 F3600 X128.044 Y103.321 E1485.155
G0 F12000 X128.044 Y103.887
G1 F3600 X148.836 Y83.095 E1486.52419
G0 F12000 X148.836 Y83.661
G1 F3600 X128.044 Y104.452 E1487.89335
G0 F12000 X128.044 Y105.018
G1 F3600 X148.836 Y84.226 E1489.26254
G0 F12000 X148.836 Y84.792
G1 F3600 X128.044 Y105.584 E1490.63173
G0 F12000 X128.044 Y106.15
G1 F3600 X148.836 Y85.358 E1492.00092
G0 F12000 X148.836 Y85.923
G1 F3600 X128.044 Y106.716 E1493.37014
G0 F12000 X128.044 Y107.282
G1 F3600 X148.836 Y86.489 E1494.73936
G0 F12000 X148.836 Y87.055
G1 F3600 X128.044 Y107.847 E1496.10855
G0 F12000 X128.043 Y108.414
G1 F3600 X148.836 Y87.62 E1497.47783
G0 F12000 X148.836 Y88.186
G1 F3600 X128.043 Y108.979 E1498.84709
G0 F12000 X128.043 Y109.545
G1 F3600 X148.836 Y88.752 E1500.21634
G0 F12000 X148.836 Y89.317
G1 F3600 X128.043 Y110.111 E1501.58563
G0 F12000 X128.043 Y110.676
G1 F3600 X148.836 Y89.883 E1502.95489
G0 F12000 X148.836 Y90.449
G1 F3600 X128.042 Y111.243 E1504.32421
G0 F12000 X128.042 Y111.808
G1 F3600 X148.836 Y91.015 E1505.69349
G0 F12000 X148.836 Y91.58
G1 F3600 X128.042 Y112.374 E1507.06281
G0 F12000 X128.042 Y112.94
G1 F3600 X148.836 Y92.146 E1508.43213
G0 F12000 X148.836 Y92.712
G1 F3600 X128.042 Y113.505 E1509.80142
G0 F12000 X128.042 Y114.071
G1 F3600 X148.836 Y93.277 E1511.17074
G0 F12000 X148.836 Y93.843
G1 F3600 X128.041 Y114.638 E1512.54013
G0 F12000 X128.041 Y115.203
G1 F3600 X148.836 Y94.409 E1513.90948
G0 F12000 X148.836 Y94.974
G1 F3600 X128.041 Y115.769 E1515.27887
G0 F12000 X128.041 Y116.335
G1 F3600 X148.836 Y95.54 E1516.64825
G0 F12000 X148.836 Y96.106
G1 F3600 X128.041 Y116.9 E1518.01761
G0 F12000 X128.041 Y117.467
G1 F3600 X148.836 Y96.671 E1519.38703
G0 F12000 X148.836 Y97.237
G1 F3600 X128.041 Y118.032 E1520.75641
G0 F12000 X128.041 Y118.598
G1 F3600 X148.836 Y97.803 E1522.1258
G0 F12000 X148.836 Y98.368
G1 F3600 X128.041 Y119.164 E1523.49522
G0 F12000 X128.041 Y119.729
G1 F3600 X148.836 Y98.934 E1524.8646
G0 F12000 X148.836 Y99.5
G1 F3600 X128.04 Y120.296 E1526.23406
G0 F12000 X128.04 Y120.862
G1 F3600 X148.836 Y100.066 E1527.60351
G0 F12000 X148.836 Y100.631
G1 F3600 X128.04 Y121.427 E1528.97296
G0 F12000 X128.04 Y121.993
G1 F3600 X148.836 Y101.197 E1530.34241
G0 F12000 X148.836 Y101.763
G1 F3600 X128.04 Y122.559 E1531.71187
G0 F12000 X128.04 Y123.124
G1 F3600 X148.836 Y102.328 E1533.08132
G0 F12000 X148.836 Y102.894
G1 F3600 X90.322 Y161.408 E1536.93456
G0 F12000 X90.887 Y161.408
G1 F3600 X148.836 Y103.46 E1540.75057
G0 F12000 X148.836 Y104.025
G1 F3600 X91.453 Y161.408 E1544.52934
G0 F12000 X92.019 Y161.408
G1 F3600 X148.836 Y104.591 E1548.27084
G0 F12000 X148.836 Y105.157
G1 F3600 X92.584 Y161.408 E1551.97509
G0 F12000 X93.15 Y161.408
G1 F3600 X148.836 Y105.722 E1555.64211
G0 F12000 X148.836 Y106.288
G1 F3600 X93.716 Y161.408 E1559.27186
G0 F12000 X94.281 Y161.408
G1 F3600 X148.836 Y106.854 E1562.86437
G0 F12000 X148.836 Y107.419
G1 F3600 X94.847 Y161.408 E1566.41963
G0 F12000 X95.413 Y161.408
G1 F3600 X148.836 Y107.985 E1569.93763
G0 F12000 X148.836 Y108.551
G1 F3600 X95.978 Y161.408 E1573.41839
G0 F12000 X96.544 Y161.408
G1 F3600 X148.836 Y109.116 E1576.8619
G0 F12000 X148.836 Y109.682
G1 F3600 X97.11 Y161.408 E1580.26815
G0 F12000 X97.675 Y161.408
G1 F3600 X148.836 Y110.248 E1583.63716
G0 F12000 X148.836 Y110.814
G1 F3600 X98.241 Y161.408 E1586.96889
G0 F12000 X98.807 Y161.408
G1 F3600 X148.836 Y111.379 E1590.26338
G0 F12000 X148.836 Y111.945
G1 F3600 X99.373 Y161.408 E1593.52061
G0 F12000 X99.938 Y161.408
G1 F3600 X148.836 Y112.511 E1596.74059
G0 F12000 X148.836 Y113.076
G1 F3600 X100.504 Y161.408 E1599.92334
G0 F12000 X101.07 Y161.408
G1 F3600 X148.836 Y113.642 E1603.06881
G0 F12000 X148.836 Y114.208
G1 F3600 X101.635 Y161.408 E1606.17704
G0 F12000 X102.201 Y161.408
G1 F3600 X148.836 Y114.773 E1609.24804
G0 F12000 X148.836 Y115.339
G1 F3600 X102.767 Y161.408 E1612.28176
G0 F12000 X103.332 Y161.408
G1 F3600 X148.836 Y115.905 E1615.27824
G0 F12000 X148.836 Y116.47
G1 F3600 X103.898 Y161.408 E1618.23749
G0 F12000 X104.464 Y161.408
G1 F3600 X148.836 Y117.036 E1621.15946
G0 F12000 X148.836 Y117.602
G1 F3600 X105.029 Y161.408 E1624.04419
G0 F12000 X105.595 Y161.408
G1 F3600 X148.836 Y118.167 E1626.89168
G0 F12000 X148.836 Y118.733
G1 F3600 X106.161 Y161.408 E1629.70191
G0 F12000 X106.726 Y161.408
G1 F3600 X148.836 Y119.299 E1632.47489
G0 F12000 X148.836 Y119.864
G1 F3600 X107.292 Y161.408 E1635.21063
G0 F12000 X107.858 Y161.408
G1 F3600 X148.836 Y120.43 E1637.9091
G0 F12000 X148.836 Y120.996
G1 F3600 X108.424 Y161.408 E1640.5703
G0 F12000 X108.989 Y161.408
G1 F3600 X148.836 Y121.562 E1643.19426
G0 F12000 X148.836 Y122.127
G1 F3600 X109.555 Y161.408 E1645.78098
G0 F12000 X110.121 Y161.408
G1 F3600 X148.836 Y122.693 E1648.33043
G0 F12000 X148.836 Y123.259
G1 F3600 X110.686 Y161.408 E1650.84264
G0 F12000 X111.252 Y161.408
G1 F3600 X148.836 Y123.824 E1653.31761
G0 F12000 X148.836 Y124.39
G1 F3600 X111.818 Y161.408 E1655.75531
G0 F12000 X112.383 Y161.408
G1 F3600 X148.836 Y124.956 E1658.15577
G0 F12000 X148.836 Y125.521
G1 F3600 X112.949 Y161.408 E1660.51899
G0 F12000 X113.515 Y161.408
G1 F3600 X148.836 Y126.087 E1662.84494
G0 F12000 X148.836 Y126.653
G1 F3600 X114.08 Y161.408 E1665.13365
G0 F12000 X114.646 Y161.408
G1 F3600 X148.836 Y127.218 E1667.38512
G0 F12000 X148.836 Y127.784
G1 F3600 X115.212 Y161.408 E1669.59932
G0 F12000 X115.777 Y161.408
G1 F3600 X148.836 Y128.35 E1671.77627
G0 F12000 X148.836 Y128.915
G1 F3600 X116.343 Y161.408 E1673.91599
G0 F12000 X116.909 Y161.408
G1 F3600 X148.836 Y129.481 E1676.01844
G0 F12000 X148.836 Y130.047
G1 F3600 X117.474 Y161.408 E1678.08365
G0 F12000 X118.04 Y161.408
G1 F3600 X148.836 Y130.613 E1680.11159
G0 F12000 X148.836 Y131.178
G1 F3600 X118.606 Y161.408 E1682.10228
G0 F12000 X119.172 Y161.408
G1 F3600 X148.836 Y131.744 E1684.05571
G0 F12000 X148.836 Y132.31
G1 F3600 X119.737 Y161.408 E1685.97189
G0 F12000 X120.303 Y161.408
G1 F3600 X148.836 Y132.875 E1687.85084
G0 F12000 X148.836 Y133.441
G1 F3600 X120.869 Y161.408 E1689.69252
G0 F12000 X121.434 Y161.408
G1 F3600 X148.836 Y134.007 E1691.49695
G0 F12000 X148.836 Y134.572
G1 F3600 X122 Y161.408 E1693.26415
G0 F12000 X122.566 Y161.408
G1 F3600 X148.836 Y135.138 E1694.99407
G0 F12000 X148.836 Y135.704
G1 F3600 X123.131 Y161.408 E1696.68676
G0 F12000 X123.697 Y161.408
G1 F3600 X148.836 Y136.269 E1698.3422
G0 F12000 X148.836 Y136.835
G1 F3600 X124.263 Y161.408 E1699.96038
G0 F12000 X124.828 Y161.408
G1 F3600 X148.836 Y137.401 E1701.54131
G0 F12000 X148.836 Y137.966
G1 F3600 X125.394 Y161.408 E1703.08501
G0 F12000 X125.96 Y161.408
G1 F3600 X148.836 Y138.532 E1704.59143
G0 F12000 X148.836 Y139.098
G1 F3600 X126.525 Y161.408 E1706.06062
G0 F12000 X127.091 Y161.408
G1 F3600 X148.836 Y139.663 E1707.49256
G0 F12000 X148.836 Y140.229
G1 F3600 X127.657 Y161.408 E1708.88724
G0 F12000 X128.223 Y161.408
G1 F3600 X148.836 Y140.795 E1710.24464
G0 F12000 X148.836 Y141.361
G1 F3600 X128.788 Y161.408 E1711.5648
G0 F12000 X129.354 Y161.408
G1 F3600 X148.836 Y141.926 E1712.84772
G0 F12000 X148.836 Y142.492
G1 F3600 X129.92 Y161.408 E1714.09337
G0 F12000 X130.485 Y161.408
G1 F3600 X148.836 Y143.058 E1715.30178
G0 F12000 X148.836 Y143.623
G1 F3600 X131.051 Y161.408 E1716.47296
G0 F12000 X131.617 Y161.408
G1 F3600 X148.836 Y144.189 E1717.60686
G0 F12000 X148.836 Y144.755
G1 F3600 X132.182 Y161.408 E1718.70352
G0 F12000 X132.748 Y161.408
G1 F3600 X148.836 Y145.32 E1719.76294
G0 F12000 X148.836 Y145.886
G1 F3600 X133.314 Y161.408 E1720.78509
G0 F12000 X133.879 Y161.408
G1 F3600 X148.836 Y146.452 E1721.77
G0 F12000 X148.836 Y147.017
G1 F3600 X134.445 Y161.408 E1722.71767
G0 F12000 X135.011 Y161.408
G1 F3600 X148.836 Y147.583 E1723.62807
G0 F12000 X148.836 Y148.149
G1 F3600 X135.576 Y161.408 E1724.50123
G0 F12000 X136.142 Y161.408
G1 F3600 X148.836 Y148.714 E1725.33716
G0 F12000 X148.836 Y149.28
G1 F3600 X136.708 Y161.408 E1726.13581
G0 F12000 X137.273 Y161.408
G1 F3600 X148.836 Y149.846 E1726.89722
G0 F12000 X148.836 Y150.412
G1 F3600 X137.839 Y161.408 E1727.62135
G0 F12000 X138.405 Y161.408
G1 F3600 X148.836 Y150.977 E1728.30825
G0 F12000 X148.836 Y151.543
G1 F3600 X138.971 Y161.408 E1728.95788
G0 F12000 X139.536 Y161.408
G1 F3600 X148.836 Y152.109 E1729.57027
G0 F12000 X148.836 Y152.674
G1 F3600 X140.102 Y161.408 E1730.14542
G0 F12000 X140.668 Y161.408
G1 F3600 X148.836 Y153.24 E1730.68329
G0 F12000 X148.836 Y153.806
G1 F3600 X141.233 Y161.408 E1731.18393
G0 F12000 X141.799 Y161.408
G1 F3600 X148.836 Y154.371 E1731.64733
G0 F12000 X148.836 Y154.937
G1 F3600 X142.365 Y161.408 E1732.07346
G0 F12000 X142.93 Y161.408
G1 F3600 X148.836 Y155.503 E1732.46234
G0 F12000 X148.836 Y156.068
G1 F3600 X143.496 Y161.408 E1732.81399
G0 F12000 X144.062 Y161.408
G1 F3600 X148.836 Y156.634 E1733.12837
G0 F12000 X148.836 Y157.2
G1 F3600 X144.627 Y161.408 E1733.40551
G0 F12000 X145.193 Y161.408
G1 F3600 X148.836 Y157.765 E1733.6454
G0 F12000 X148.836 Y158.331
G1 F3600 X145.759 Y161.408 E1733.84803
G0 F12000 X146.324 Y161.408
G1 F3600 X148.836 Y158.897 E1734.01342
G0 F12000 X148.836 Y159.462
G1 F3600 X146.89 Y161.408 E1734.14156
G0 F12000 X147.456 Y161.408
G1 F3600 X148.836 Y160.028 E1734.23244
G0 F12000 X148.836 Y160.594
G1 F3600 X148.021 Y161.408 E1734.28607
G0 F12000 X148.587 Y161.408
G1 F3600 X148.836 Y161.16 E1734.30244
G1 F2400 E1731.30244
G0 F12000 X149.296 Y161.16
G0 X149.196 Y123.886
G0 X127.668 Y123.242
G0 X126.82 Y124.344
G1 F2400 E1734.30244
G1 F3600 X89.756 Y161.408 E1736.74317
G0 F12000 X89.19 Y161.408
G1 F3600 X126.255 Y124.344 E1739.18393
G0 F12000 X125.689 Y124.344
G1 F3600 X88.625 Y161.408 E1741.62465
G0 F12000 X88.059 Y161.408
G1 F3600 X125.123 Y124.344 E1744.06538
G0 F12000 X124.558 Y124.344
G1 F3600 X87.493 Y161.408 E1746.50614
G0 F12000 X86.927 Y161.408
G1 F3600 X123.992 Y124.344 E1748.9469
G0 F12000 X123.426 Y124.344
G1 F3600 X86.362 Y161.408 E1751.38763
G0 F12000 X85.796 Y161.408
G1 F3600 X122.861 Y124.344 E1753.82839
G0 F12000 X122.295 Y124.344
G1 F3600 X85.23 Y161.408 E1756.26915
G0 F12000 X84.665 Y161.408
G1 F3600 X121.729 Y124.344 E1758.70988
G0 F12000 X121.163 Y124.345
G1 F3600 X84.099 Y161.408 E1761.15057
G0 F12000 X83.533 Y161.408
G1 F3600 X120.597 Y124.345 E1763.59127
G0 F12000 X120.031 Y124.345
G1 F3600 X82.968 Y161.408 E1766.03193
G0 F12000 X82.402 Y161.408
G1 F3600 X119.466 Y124.345 E1768.47263
G0 F12000 X118.9 Y124.345
G1 F3600 X81.836 Y161.408 E1770.91332
G0 F12000 X81.271 Y161.408
G1 F3600 X118.334 Y124.345 E1773.35398
G0 F12000 X117.769 Y124.345
G1 F3600 X80.705 Y161.408 E1775.79468
G0 F12000 X80.139 Y161.408
G1 F3600 X117.203 Y124.345 E1778.23537
G0 F12000 X116.637 Y124.345
G1 F3600 X79.574 Y161.408 E1780.67603
G0 F12000 X79.008 Y161.408
G1 F3600 X116.072 Y124.345 E1783.11673
G0 F12000 X115.505 Y124.345
G1 F3600 X78.442 Y161.408 E1785.55739
G0 F12000 X77.876 Y161.408
G1 F3600 X114.94 Y124.345 E1787.99809
G0 F12000 X114.374 Y124.345
G1 F3600 X77.311 Y161.408 E1790.43875
G0 F12000 X76.745 Y161.408
G1 F3600 X113.808 Y124.345 E1792.87941
G0 F12000 X113.242 Y124.345
G1 F3600 X76.179 Y161.408 E1795.32007
G0 F12000 X75.614 Y161.408
G1 F3600 X112.677 Y124.345 E1797.76073
G0 F12000 X112.111 Y124.345
G1 F3600 X75.048 Y161.408 E1800.20139
G0 F12000 X74.482 Y161.408
G1 F3600 X111.545 Y124.345 E1802.64206
G0 F12000 X110.98 Y124.345
G1 F3600 X73.917 Y161.408 E1805.08272
G0 F12000 X73.351 Y161.408
G1 F3600 X110.414 Y124.345 E1807.52338
G0 F12000 X109.848 Y124.346
G1 F3600 X72.785 Y161.408 E1809.96401
G0 F12000 X72.22 Y161.408
G1 F3600 X109.282 Y124.346 E1812.40461
G0 F12000 X108.716 Y124.346
G1 F3600 X71.654 Y161.408 E1814.8452
G0 F12000 X71.165 Y161.332
G1 F3600 X108.151 Y124.346 E1817.28079
G0 F12000 X107.585 Y124.346
G1 F3600 X71.165 Y160.766 E1819.67911
G0 F12000 X71.165 Y160.201
G1 F3600 X107.019 Y124.346 E1822.04019
G0 F12000 X106.454 Y124.346
G1 F3600 X71.165 Y159.635 E1824.36403
G0 F12000 X71.165 Y159.069
G1 F3600 X105.888 Y124.346 E1826.6506
G0 F12000 X105.322 Y124.346
G1 F3600 X71.165 Y158.504 E1828.89993
G0 F12000 X71.165 Y157.938
G1 F3600 X104.756 Y124.346 E1831.11199
G0 F12000 X104.19 Y124.347
G1 F3600 X71.165 Y157.372 E1833.28674
G0 F12000 X71.165 Y156.807
G1 F3600 X103.624 Y124.347 E1835.42425
G0 F12000 X103.059 Y124.347
G1 F3600 X71.165 Y156.241 E1837.52453
G0 F12000 X71.165 Y155.675
G1 F3600 X102.493 Y124.347 E1839.58753
G0 F12000 X101.927 Y124.347
G1 F3600 X71.165 Y155.11 E1841.61329
G0 F12000 X71.165 Y154.544
G1 F3600 X101.362 Y124.347 E1843.60182
G0 F12000 X100.796 Y124.347
G1 F3600 X71.165 Y153.978 E1845.55307
G0 F12000 X71.165 Y153.412
G1 F3600 X100.23 Y124.347 E1847.46705
G0 F12000 X99.665 Y124.347
G1 F3600 X71.165 Y152.847 E1849.34382
G0 F12000 X71.165 Y152.281
G1 F3600 X99.099 Y124.347 E1851.18333
G0 F12000 X98.533 Y124.348
G1 F3600 X71.165 Y151.715 E1852.98552
G0 F12000 X71.165 Y151.15
G1 F3600 X97.967 Y124.348 E1854.75048
G0 F12000 X97.401 Y124.348
G1 F3600 X71.165 Y150.584 E1856.47817
G0 F12000 X71.165 Y150.018
G1 F3600 X96.835 Y124.348 E1858.16858
G0 F12000 X96.27 Y124.348
G1 F3600 X71.165 Y149.453 E1859.82179
G0 F12000 X71.165 Y148.887
G1 F3600 X95.704 Y124.348 E1861.43772
G0 F12000 X95.138 Y124.348
G1 F3600 X71.165 Y148.321 E1863.01638
G0 F12000 X71.165 Y147.756
G1 F3600 X94.573 Y124.348 E1864.55784
G0 F12000 X94.007 Y124.348
G1 F3600 X71.165 Y147.19 E1866.06203
G0 F12000 X71.165 Y146.624
G1 F3600 X93.441 Y124.348 E1867.52894
G0 F12000 X92.876 Y124.348
G1 F3600 X71.165 Y146.059 E1868.95864
G0 F12000 X71.165 Y145.493
G1 F3600 X92.418 Y124.239 E1870.35822
G0 F12000 X92.081 Y124.011
G1 F3600 X71.165 Y144.927 E1871.73558
G0 F12000 X71.165 Y144.362
G1 F3600 X91.848 Y123.678 E1873.09762
G0 F12000 X91.728 Y123.232
G1 F3600 X71.165 Y143.796 E1874.45176
G0 F12000 X71.165 Y143.23
G1 F3600 X91.728 Y122.667 E1875.80587
G0 F12000 X91.728 Y122.101
G1 F3600 X71.165 Y142.664 E1877.15998
G0 F12000 X71.165 Y142.099
G1 F3600 X91.728 Y121.535 E1878.51412
G0 F12000 X91.728 Y120.97
G1 F3600 X71.165 Y141.533 E1879.86823
G0 F12000 X71.165 Y140.967
G1 F3600 X91.728 Y120.404 E1881.22234
G0 F12000 X91.728 Y119.838
G1 F3600 X71.165 Y140.402 E1882.57648
G0 F12000 X71.165 Y139.836
G1 F3600 X91.728 Y119.273 E1883.93059
G0 F12000 X91.728 Y118.707
G1 F3600 X71.165 Y139.27 E1885.2847
G0 F12000 X71.165 Y138.705
G1 F3600 X91.728 Y118.141 E1886.63884
G0 F12000 X91.728 Y117.576
G1 F3600 X71.165 Y138.139 E1887.99295
G0 F12000 X71.165 Y137.573
G1 F3600 X91.728 Y117.01 E1889.34706
G0 F12000 X91.728 Y116.444
G1 F3600 X71.165 Y137.008 E1890.7012
G0 F12000 X71.165 Y136.442
G1 F3600 X91.728 Y115.879 E1892.05531
G0 F12000 X91.728 Y115.313
G1 F3600 X71.165 Y135.876 E1893.40942
G0 F12000 X71.165 Y135.311
G1 F3600 X91.728 Y114.747 E1894.76356
G0 F12000 X91.728 Y114.181
G1 F3600 X71.165 Y134.745 E1896.1177
G0 F12000 X71.165 Y134.179
G1 F3600 X91.728 Y113.616 E1897.47181
G0 F12000 X91.728 Y113.05
G1 F3600 X71.165 Y133.613 E1898.82592
G0 F12000 X71.165 Y133.048
G1 F3600 X91.728 Y112.484 E1900.18006
G0 F12000 X91.728 Y111.919
G1 F3600 X71.165 Y132.482 E1901.53417
G0 F12000 X71.165 Y131.916
G1 F3600 X91.728 Y111.353 E1902.88828
G0 F12000 X91.728 Y110.787
G1 F3600 X71.165 Y131.351 E1904.24242
G0 F12000 X71.165 Y130.785
G1 F3600 X91.728 Y110.222 E1905.59653
G0 F12000 X91.728 Y109.656
G1 F3600 X71.165 Y130.219 E1906.95063
G0 F12000 X71.165 Y129.654
G1 F3600 X91.728 Y109.09 E1908.30478
G0 F12000 X91.728 Y108.525
G1 F3600 X71.165 Y129.088 E1909.65888
G0 F12000 X71.165 Y128.522
G1 F3600 X91.728 Y107.959 E1911.01299
G0 F12000 X91.728 Y107.393
G1 F3600 X71.165 Y127.957 E1912.36714
G0 F12000 X71.165 Y127.391
G1 F3600 X91.728 Y106.828 E1913.72124
G0 F12000 X91.728 Y106.262
G1 F3600 X71.165 Y126.825 E1915.07535
G0 F12000 X71.165 Y126.26
G1 F3600 X91.728 Y105.696 E1916.42949
G0 F12000 X91.728 Y105.131
G1 F3600 X71.165 Y125.694 E1917.7836
G0 F12000 X71.165 Y125.128
G1 F3600 X91.728 Y104.565 E1919.13771
G0 F12000 X91.728 Y103.999
G1 F3600 X71.165 Y124.563 E1920.49185
G0 F12000 X71.165 Y123.997
G1 F3600 X91.728 Y103.433 E1921.84599
G0 F12000 X91.728 Y102.868
G1 F3600 X71.165 Y123.431 E1923.2001
G0 F12000 X71.165 Y122.865
G1 F3600 X91.728 Y102.302 E1924.55421
G0 F12000 X91.728 Y101.736
G1 F3600 X71.165 Y122.3 E1925.90835
G0 F12000 X71.165 Y121.734
G1 F3600 X91.728 Y101.171 E1927.26246
G0 F12000 X91.728 Y100.605
G1 F3600 X71.165 Y121.168 E1928.61657
G0 F12000 X71.165 Y120.603
G1 F3600 X91.728 Y100.039 E1929.97071
G0 F12000 X91.728 Y99.474
G1 F3600 X71.165 Y120.037 E1931.32482
G0 F12000 X71.165 Y119.471
G1 F3600 X91.728 Y98.908 E1932.67893
G0 F12000 X91.728 Y98.342
G1 F3600 X71.165 Y118.906 E1934.03307
G0 F12000 X71.165 Y118.34
G1 F3600 X91.728 Y97.777 E1935.38718
G0 F12000 X91.728 Y97.211
G1 F3600 X71.165 Y117.774 E1936.74129
G0 F12000 X71.165 Y117.209
G1 F3600 X91.728 Y96.645 E1938.09543
G0 F12000 X91.728 Y96.08
G1 F3600 X71.165 Y116.643 E1939.44954
G0 F12000 X71.165 Y116.077
G1 F3600 X91.728 Y95.514 E1940.80365
G0 F12000 X91.728 Y94.948
G1 F3600 X71.165 Y115.512 E1942.15779
G0 F12000 X71.165 Y114.946
G1 F3600 X91.728 Y94.382 E1943.51193
G0 F12000 X91.728 Y93.817
G1 F3600 X71.165 Y114.38 E1944.86604
G0 F12000 X71.165 Y113.814
G1 F3600 X91.728 Y93.251 E1946.22015
G0 F12000 X91.728 Y92.685
G1 F3600 X71.165 Y113.249 E1947.57429
G0 F12000 X71.165 Y112.683
G1 F3600 X91.728 Y92.12 E1948.9284
G0 F12000 X91.728 Y91.554
G1 F3600 X71.165 Y112.117 E1950.28251
G0 F12000 X71.165 Y111.552
G1 F3600 X91.728 Y90.988 E1951.63665
G0 F12000 X91.728 Y90.423
G1 F3600 X71.165 Y110.986 E1952.99076
G0 F12000 X71.165 Y110.42
G1 F3600 X91.832 Y89.753 E1954.35171
G1 F2400 E1951.35171
G0 F12000 X92.27 Y89.892
G0 X92.531 Y89.492
G0 X87.846 Y77.785
G0 X89.004 Y76.742
G1 F2400 E1954.35171
G1 F3600 X90.375 Y75.371 E1954.442
G0 F12000 X89.866 Y75.314
G1 F3600 X88.984 Y76.196 E1954.50008
G0 F12000 X88.808 Y75.807
G1 F3600 X89.446 Y75.168 E1954.54212
G0 F12000 X89.122 Y74.926
G1 F3600 X88.573 Y75.476 E1954.57831
G0 F12000 X88.265 Y75.218
G1 F3600 X88.854 Y74.629 E1954.6171
G1 F2400 E1951.6171
G0 F12000 X88.932 Y73.893
G0 X87.264 Y72.115
G0 X86.314 Y72.078
G1 F2400 E1954.6171
G1 F3600 X85.713 Y72.679 E1954.65667
G0 F12000 X85.439 Y72.387
G1 F3600 X86.027 Y71.799 E1954.69539
G0 F12000 X85.839 Y71.422
G1 F3600 X85.065 Y72.196 E1954.74636
G0 F12000 X84.624 Y72.071
G1 F3600 X85.711 Y70.984 E1954.81794
G0 F12000 X85.776 Y70.354
G1 F3600 X83.986 Y72.143 E1954.93579
G1 F2400 E1951.93579
G0 F12000 X84.132 Y72.576
G0 X85.294 Y72.739
G0 X98.226 Y71.542
G0 X99.281 Y70.425
G1 F2400 E1954.93579
G1 F3600 X111.118 Y58.588 E1955.71527
G0 F12000 X111.683 Y58.588
G1 F3600 X100.034 Y70.237 E1956.48238
G0 F12000 X100.645 Y70.192
G1 F3600 X112.249 Y58.588 E1957.24652
G0 F12000 X112.815 Y58.588
G1 F3600 X101.152 Y70.25 E1958.01452
G0 F12000 X101.608 Y70.361
G1 F3600 X113.38 Y58.588 E1958.78976
G0 F12000 X113.946 Y58.588
G1 F3600 X102.028 Y70.506 E1959.57458
G0 F12000 X102.4 Y70.7
G1 F3600 X114.512 Y58.588 E1960.37217
G0 F12000 X115.077 Y58.588
G1 F3600 X102.739 Y70.926 E1961.18465
G0 F12000 X103.049 Y71.182
G1 F3600 X115.643 Y58.588 E1962.01399
G0 F12000 X116.209 Y58.588
G1 F3600 X103.322 Y71.475 E1962.86262
G0 F12000 X103.576 Y71.787
G1 F3600 X116.774 Y58.588 E1963.73176
G0 F12000 X117.34 Y58.588
G1 F3600 X103.775 Y72.153 E1964.62504
G0 F12000 X103.962 Y72.531
G1 F3600 X117.906 Y58.588 E1965.54325
G0 F12000 X118.471 Y58.588
G1 F3600 X104.097 Y72.962 E1966.4898
G0 F12000 X104.182 Y73.443
G1 F3600 X119.037 Y58.588 E1967.46802
G0 F12000 X119.603 Y58.588
G1 F3600 X104.21 Y73.981 E1968.48168
G0 F12000 X104.133 Y74.624
G1 F3600 X108.815 Y69.941 E1968.79003
G0 F12000 X109.221 Y70.158
G0 X108.602 Y71.318
G0 X108.173 Y71.149
G1 F3600 X103.764 Y75.558 E1969.08037
G1 F2400 E1966.08037
G0 F12000 X103.364 Y75.347
G0 X103.841 Y73.849
G0 X108.528 Y71.287
G0 X110.858 Y67.899
G1 F2400 E1969.08037
G1 F3600 X120.169 Y58.588 E1969.69352
G0 F12000 X120.734 Y58.588
G1 F3600 X112.071 Y67.252 E1970.26402
G0 F12000 X112.878 Y67.01
G1 F3600 X121.3 Y58.588 E1970.81863
G0 F12000 X121.866 Y58.588
G1 F3600 X113.629 Y66.825 E1971.36105
G0 F12000 X114.256 Y66.763
G1 F3600 X122.431 Y58.588 E1971.89938
G0 F12000 X122.997 Y58.588
G1 F3600 X114.868 Y66.717 E1972.43469
G0 F12000 X115.384 Y66.767
G1 F3600 X123.563 Y58.588 E1972.97329
G0 F12000 X124.128 Y58.588
G1 F3600 X115.899 Y66.817 E1973.51519
G0 F12000 X116.378 Y66.904
G1 F3600 X124.694 Y58.588 E1974.06281
G0 F12000 X125.26 Y58.588
G1 F3600 X116.812 Y67.036 E1974.61913
G0 F12000 X117.246 Y67.167
G1 F3600 X125.825 Y58.588 E1975.18407
G0 F12000 X126.391 Y58.588
G1 F3600 X117.658 Y67.321 E1975.75915
G0 F12000 X118.026 Y67.519
G1 F3600 X126.957 Y58.588 E1976.34727
G0 F12000 X127.522 Y58.588
G1 F3600 X118.393 Y67.717 E1976.94843
G0 F12000 X118.761 Y67.915
G1 F3600 X128.088 Y58.588 E1977.56263
G0 F12000 X128.654 Y58.588
G1 F3600 X119.075 Y68.167 E1978.19342
G0 F12000 X119.386 Y68.422
G1 F3600 X129.22 Y58.588 E1978.84101
G0 F12000 X129.785 Y58.588
G1 F3600 X119.697 Y68.676 E1979.50532
G0 F12000 X119.983 Y68.956
G1 F3600 X130.351 Y58.588 E1980.18807
G0 F12000 X130.917 Y58.588
G1 F3600 X120.236 Y69.268 E1980.8914
G0 F12000 X120.491 Y69.579
G1 F3600 X131.482 Y58.588 E1981.61518
G0 F12000 X132.048 Y58.588
G1 F3600 X120.745 Y69.891 E1982.3595
G0 F12000 X120.944 Y70.258
G1 F3600 X132.614 Y58.588 E1983.12799
G0 F12000 X133.179 Y58.588
G1 F3600 X121.141 Y70.627 E1983.92074
G0 F12000 X121.338 Y70.995
G1 F3600 X133.745 Y58.588 E1984.73777
G0 F12000 X134.311 Y58.588
G1 F3600 X121.494 Y71.404 E1985.58176
G0 F12000 X121.627 Y71.838
G1 F3600 X134.876 Y58.588 E1986.45426
G0 F12000 X135.442 Y58.588
G1 F3600 X121.76 Y72.271 E1987.35527
G0 F12000 X121.85 Y72.746
G1 F3600 X136.008 Y58.588 E1988.2876
G0 F12000 X136.573 Y58.588
G1 F3600 X121.903 Y73.258 E1989.25365
G0 F12000 X121.955 Y73.772
G1 F3600 X137.139 Y58.588 E1990.25354
G0 F12000 X137.705 Y58.588
G1 F3600 X128.423 Y67.87 E1990.86477
G0 F12000 X128.643 Y68.279
G0 X129.743 Y67.684
G0 X129.618 Y67.241
G1 F3600 X138.27 Y58.588 E1991.43456
G0 F12000 X138.836 Y58.588
G1 F3600 X130.425 Y66.999 E1991.98843
G0 F12000 X131.168 Y66.822
G1 F3600 X139.402 Y58.588 E1992.53066
G0 F12000 X139.968 Y58.588
G1 F3600 X131.796 Y66.76 E1993.0688
G0 F12000 X132.402 Y66.719
G1 F3600 X140.533 Y58.588 E1993.60424
G0 F12000 X141.099 Y58.588
G1 F3600 X132.918 Y66.769 E1994.14297
G0 F12000 X133.433 Y66.819
G1 F3600 X141.665 Y58.588 E1994.68503
G0 F12000 X142.23 Y58.588
G1 F3600 X133.909 Y66.909 E1995.23298
G0 F12000 X134.343 Y67.041
G1 F3600 X142.796 Y58.588 E1995.78963
G0 F12000 X143.362 Y58.588
G1 F3600 X134.777 Y67.173 E1996.35496
G0 F12000 X135.186 Y67.329
G1 F3600 X143.927 Y58.588 E1996.93057
G0 F12000 X144.493 Y58.588
G1 F3600 X135.554 Y67.527 E1997.51922
G0 F12000 X135.924 Y67.723
G1 F3600 X142.237 Y61.41 E1997.93494
G0 F12000 X141.952 Y62.261
G1 F3600 X136.292 Y67.92 E1998.30763
G0 F12000 X136.602 Y68.176
G1 F3600 X141.931 Y62.847 E1998.65855
G0 F12000 X142.011 Y63.333
G1 F3600 X136.912 Y68.432 E1998.99433
G0 F12000 X137.222 Y68.688
G1 F3600 X142.161 Y63.749 E1999.31957
G0 F12000 X142.358 Y64.118
G1 F3600 X137.503 Y68.972 E1999.63925
G0 F12000 X137.759 Y69.282
G1 F3600 X142.605 Y64.436 E1999.95837
G0 F12000 X142.898 Y64.709
G1 F3600 X138.015 Y69.592 E2000.27992
G0 F12000 X138.266 Y69.906
G1 F3600 X143.227 Y64.945 E2000.60661
G0 F12000 X143.596 Y65.142
G1 F3600 X138.463 Y70.275 E2000.94463
G0 F12000 X138.66 Y70.644
G1 F3600 X144.033 Y65.271 E2001.29845
G0 F12000 X144.534 Y65.335
G1 F3600 X138.857 Y71.012 E2001.67229
G0 F12000 X139.014 Y71.421
G1 F3600 X145.165 Y65.27 E2002.07734
G0 F12000 X145.03 Y64.839
G0 X145.97 Y64.393
G0 X146.255 Y64.746
G1 F3600 X139.147 Y71.854 E2002.54542
G0 F12000 X139.28 Y72.286
G1 F3600 X148.836 Y62.73 E2003.1747
G0 F12000 X148.836 Y62.165
G1 F3600 X146.728 Y64.272 E2003.31348
G0 F12000 X146.376 Y63.981
G0 X146.772 Y63.096
G0 X147.213 Y63.222
G1 F3600 X148.836 Y61.599 E2003.42036
G0 F12000 X148.836 Y61.033
G1 F3600 X147.271 Y62.598 E2003.52342
G0 F12000 X147.21 Y62.093
G1 F3600 X148.836 Y60.468 E2003.63046
G0 F12000 X148.836 Y59.902
G1 F3600 X147.087 Y61.651 E2003.74563
G0 F12000 X146.894 Y61.279
G1 F3600 X148.836 Y59.336 E2003.87355
G0 F12000 X148.836 Y58.77
G1 F3600 X146.655 Y60.952 E2004.0172
G0 F12000 X146.377 Y60.663
G1 F3600 X148.453 Y58.588 E2004.15388
G0 F12000 X147.887 Y58.588
G1 F3600 X146.058 Y60.417 E2004.27432
G0 F12000 X145.697 Y60.213
G1 F3600 X147.321 Y58.588 E2004.3813
G0 F12000 X146.756 Y58.588
G1 F3600 X145.272 Y60.072 E2004.47902
G0 F12000 X144.78 Y59.998
G1 F3600 X146.19 Y58.588 E2004.57187
G0 F12000 X145.624 Y58.588
G1 F3600 X144.196 Y60.016 E2004.66591
G0 F12000 X143.338 Y60.309
G1 F3600 X145.059 Y58.588 E2004.77924
G1 F2400 E2001.77924
G0 F12000 X145.059 Y58.128
G0 X149.224 Y58.2
G0 X149.296 Y63.296
G0 X148.836 Y63.296
G1 F2400 E2004.77924
G1 F3600 X139.367 Y72.765 E2005.40279
G0 F12000 X139.417 Y73.28
G1 F3600 X148.836 Y63.862 E2006.02301
G0 F12000 X148.836 Y64.427
G1 F3600 X139.468 Y73.795 E2006.63991
G0 F12000 X139.424 Y74.405
G1 F3600 X148.836 Y64.993 E2007.25971
G0 F12000 X148.836 Y65.559
G1 F3600 X139.361 Y75.034 E2007.88365
G0 F12000 X139.178 Y75.782
G1 F3600 X148.836 Y66.124 E2008.51965
G0 F12000 X148.836 Y66.69
G1 F3600 X138.934 Y76.592 E2009.17171
G1 F2400 E2006.17171
G0 F12000 X138.499 Y76.45
G0 X136.873 Y78.442
G0 X135.896 Y79.246
G0 X134.78 Y79.841
G0 X133.567 Y80.209
G0 X132.311 Y80.334
G0 X131.054 Y80.209
G0 X129.842 Y79.841
G0 X128.726 Y79.246
G0 X127.747 Y78.442
G0 X126.946 Y77.465
G0 X126.351 Y76.349
G0 X126.053 Y75.368
G0 X125.651 Y73.411
G0 X125.191 Y73.364
G1 F2400 E2009.17171
G1 F3600 X120.824 Y77.732 E2009.45932
G0 F12000 X120.421 Y77.516
G0 X121.002 Y76.416
G0 X121.44 Y76.55
G1 F3600 X125.257 Y72.733 E2009.71068
G0 F12000 X125.431 Y71.993
G1 F3600 X121.683 Y75.741 E2009.95749
G0 F12000 X121.852 Y75.006
G1 F3600 X125.68 Y71.179 E2010.20954
G0 F12000 X126.12 Y71.313
G0 X126.713 Y70.206
G0 X126.306 Y69.987
G1 F3600 X121.917 Y74.376 E2010.49856
G1 F2400 E2007.49856
;MESH:NONMESH
G0 F300 Z0.84
G0 F12000 X121.461 Y74.331
G0 X121.126 Y72.625
G0 X120.758 Y71.413
G0 X120.163 Y70.297
G0 X119.359 Y69.318
G0 X118.383 Y68.518
G0 X117.269 Y67.922
G0 X116.055 Y67.554
G0 X114.799 Y67.43
G0 X113.542 Y67.554
G0 X112.329 Y67.922
G0 X111.214 Y68.518
G0 X110.236 Y69.321
G0 X109.586 Y70.112
G0 X108.141 Y72.564
G0 X76.722 Y64.567
G0 X75.444 Y64.828
;TIME_ELAPSED:1361.809241
;LAYER:2
M106 S170
;TYPE:WALL-INNER
;MESH:lid.stl
G1 F2400 E2010.49856
G1 F5400 X75.024 Y64.788 E2010.51821
G1 X74.605 Y64.66 E2010.53861
G1 X74.235 Y64.461 E2010.55817
G1 X73.909 Y64.191 E2010.57788
G1 X73.638 Y63.864 E2010.59765
G1 X73.441 Y63.486 E2010.6175
G1 X73.316 Y63.064 E2010.638
G1 X73.276 Y62.66 E2010.6569
G1 X73.316 Y62.242 E2010.67645
G1 X73.442 Y61.832 E2010.69643
G1 X73.639 Y61.455 E2010.71623
G1 X73.887 Y61.157 E2010.73429
G1 X74.231 Y60.861 E2010.75542
G1 X74.609 Y60.663 E2010.77529
G1 X75.022 Y60.531 E2010.79548
G1 X75.44 Y60.496 E2010.81501
G1 X75.861 Y60.531 E2010.83468
G1 X76.282 Y60.665 E2010.85525
G1 X76.639 Y60.855 E2010.87408
G1 X76.976 Y61.13 E2010.89434
G1 X77.241 Y61.456 E2010.9139
G1 X77.44 Y61.825 E2010.93342
G1 X77.568 Y62.232 E2010.95329
G1 X77.607 Y62.662 E2010.97339
G1 X77.565 Y63.087 E2010.99328
G1 X77.447 Y63.469 E2011.0119
G1 X77.24 Y63.861 E2011.03254
G1 X76.972 Y64.19 E2011.0523
G1 X76.621 Y64.473 E2011.07329
G1 X76.279 Y64.66 E2011.09144
G1 X75.889 Y64.779 E2011.11043
G1 X75.444 Y64.828 E2011.13127
G1 F2400 E2008.13127
G0 F15000 X76.345 Y64.825
G0 X83.728 Y72.619
G0 X84.351 Y74.82
G1 F2400 E2011.13127
G1 F5400 X83.841 Y74.659 E2011.15618
G1 X83.516 Y74.334 E2011.17758
G1 X83.356 Y73.93 E2011.19781
G1 X83.355 Y73.551 E2011.21546
G1 X83.507 Y73.108 E2011.23727
G1 X83.843 Y72.782 E2011.25907
G1 X84.252 Y72.635 E2011.27931
G1 X84.602 Y72.631 E2011.2956
G1 X84.77 Y72.675 E2011.30369
G1 F5142.9 X85.209 Y72.901 E2011.32783
G1 F4705.9 X85.456 Y73.269 E2011.35151
G1 F4169.9 X85.617 Y73.647 E2011.37629
G1 F3857.1 X85.614 Y73.81 E2011.38692
G1 F4500 X85.406 Y74.239 E2011.41356
G1 F5400 X85.219 Y74.508 E2011.42881
G1 X84.893 Y74.73 E2011.44718
G1 X84.569 Y74.807 E2011.46268
G1 X84.351 Y74.82 E2011.47285
G1 F2400 E2008.47285
G0 F15000 X85.674 Y74.128
G0 X86.108 Y74.11
G0 X87.384 Y75.125
G0 X87.468 Y74.881
G1 F2400 E2011.47285
G1 F4227 X87.251 Y74.881 E2011.48576
G1 F4909.1 X86.698 Y74.617 E2011.51715
G1 F5320.2 X86.419 Y74.333 E2011.53596
G1 F5217.4 X86.286 Y74.043 E2011.55134
G1 F4408.2 X86.172 Y73.839 E2011.56467
G1 F4153.8 X86.173 Y73.597 E2011.57932
G1 F4615.4 X86.553 Y72.919 E2011.62166
G1 X86.892 Y72.694 E2011.64383
G1 F4186 X87.297 Y72.517 E2011.67038
G1 F3898.9 X87.415 Y72.517 E2011.67799
G1 F4390.2 X87.641 Y72.634 E2011.69256
G1 F5192.3 X87.991 Y72.774 E2011.71082
G1 F5400 X88.265 Y73.072 E2011.72967
G1 F4537.8 X88.524 Y73.596 E2011.76206
G1 F3898.9 X88.523 Y73.857 E2011.77889
G1 F4518.8 X88.374 Y74.077 E2011.79368
G1 F5400 X88.176 Y74.439 E2011.81289
G1 X88.047 Y74.556 E2011.821
G1 F4566.6 X87.468 Y74.881 E2011.85756
G1 F2400 E2008.85756
G0 F15000 X87.384 Y75.125
G0 X88.155 Y76.062
G0 X88.298 Y76.407
G0 X88.297 Y76.803
G0 X88.078 Y77.213
G0 X87.42 Y77.689
G1 F2400 E2011.85756
G1 F5400 X87.221 Y77.677 E2011.86684
G1 X86.755 Y77.539 E2011.88947
G1 X86.474 Y77.252 E2011.90817
G1 X86.369 Y77.06 E2011.91836
G1 X86.259 Y76.691 E2011.93629
G1 X86.267 Y76.476 E2011.94631
G1 X86.388 Y76.059 E2011.96653
G1 X86.489 Y75.915 E2011.97472
G1 X86.788 Y75.664 E2011.9929
G1 F4942.8 X87.199 Y75.426 E2012.01706
G1 F4235.3 X87.444 Y75.423 E2012.03161
G1 F4566.6 X87.988 Y75.681 E2012.06476
G1 F5400 X88.286 Y75.984 E2012.08455
G1 X88.445 Y76.385 E2012.10463
G1 X88.446 Y76.823 E2012.12503
G1 X88.185 Y77.345 E2012.1522
G1 X87.779 Y77.615 E2012.17491
G1 X87.42 Y77.689 E2012.19198
G1 F2400 E2009.19198
G0 F15000 X88.054 Y77.258
G0 X88.549 Y76.197
G0 X87.096 Y75.039
G0 X88.799 Y73.845
G0 X89.57 Y74.488
G0 X90.322 Y74.816
G1 F2400 E2012.19198
G1 F5400 X90.064 Y74.793 E2012.20404
G1 X89.728 Y74.684 E2012.22049
G1 X89.577 Y74.591 E2012.22874
G1 X89.32 Y74.322 E2012.24607
G1 X89.23 Y74.129 E2012.25598
G1 F4518.8 X89.076 Y73.865 E2012.27299
G1 F3898.9 X89.076 Y73.602 E2012.28995
G1 F4537.8 X89.211 Y73.355 E2012.30555
G1 F5400 X89.34 Y73.085 E2012.31948
G1 X89.607 Y72.809 E2012.33736
G1 X89.993 Y72.638 E2012.35702
G1 X90.466 Y72.624 E2012.37906
G1 X90.919 Y72.857 E2012.40278
G1 X91.049 Y72.969 E2012.41077
G1 X91.27 Y73.29 E2012.42891
G1 X91.348 Y73.73 E2012.44972
G1 X91.276 Y74.093 E2012.46695
G1 X91.04 Y74.496 E2012.4887
G1 X90.66 Y74.743 E2012.5098
G1 X90.322 Y74.816 E2012.5259
G1 F2400 E2009.5259
G0 F15000 X89.726 Y74.53
G0 X87.4 Y72.241
G0 X87.415 Y71.967
G1 F2400 E2012.5259
G1 F3898.9 X87.297 Y71.967 E2012.53351
G1 F4390.2 X87.071 Y71.85 E2012.54809
G1 F5106.4 X86.745 Y71.717 E2012.56543
G1 F5294.1 X86.515 Y71.497 E2012.58054
G1 F5400 X86.381 Y71.291 E2012.59199
G1 X86.263 Y70.887 E2012.61159
G1 X86.266 Y70.682 E2012.62113
G1 X86.389 Y70.263 E2012.64147
G1 X86.533 Y70.07 E2012.65268
G1 X86.91 Y69.775 E2012.67497
G1 X87.252 Y69.7 E2012.69127
G1 X87.46 Y69.7 E2012.70096
G1 X87.884 Y69.829 E2012.72159
G1 X88.014 Y69.909 E2012.7287
G1 X88.283 Y70.185 E2012.74665
G1 X88.44 Y70.556 E2012.76541
G1 X88.451 Y71.024 E2012.7872
G1 X88.195 Y71.522 E2012.81328
G1 X87.87 Y71.76 E2012.83204
G1 F4528.3 X87.415 Y71.967 E2012.85979
G1 F2400 E2009.85979
G0 F15000 X87.421 Y72.136
G0 X88.8 Y73.635
G0 X89.711 Y72.923
G0 X90.056 Y72.78
G0 X90.451 Y72.781
G0 X90.906 Y73.024
G0 X91.454 Y74.167
G0 X97.517 Y75.104
G0 X100.552 Y76.956
G1 F2400 E2012.85979
G1 F5400 X99.948 Y76.896 E2012.88806
G1 X99.364 Y76.71 E2012.91659
G1 X98.828 Y76.43 E2012.94475
G1 X98.374 Y76.055 E2012.97217
G1 X97.976 Y75.574 E2013.00124
G1 X97.685 Y75.035 E2013.02977
G1 X97.511 Y74.451 E2013.05814
G1 X97.448 Y73.843 E2013.0866
G1 X97.514 Y73.232 E2013.11522
G1 X97.697 Y72.643 E2013.14394
G1 X97.976 Y72.124 E2013.17138
G1 X98.38 Y71.643 E2013.20063
G1 X98.834 Y71.268 E2013.22804
G1 X99.36 Y70.982 E2013.25592
G1 X99.95 Y70.807 E2013.28458
G1 X100.552 Y70.744 E2013.31276
G1 X101.154 Y70.807 E2013.34095
G1 X101.734 Y70.982 E2013.36916
G1 X102.295 Y71.283 E2013.3988
G1 X102.747 Y71.658 E2013.42615
G1 X103.139 Y72.132 E2013.45479
G1 X103.423 Y72.683 E2013.48366
G1 X103.601 Y73.247 E2013.5112
G1 X103.656 Y73.851 E2013.53944
G1 X103.601 Y74.454 E2013.56763
G1 X103.419 Y75.028 E2013.59567
G1 X103.135 Y75.564 E2013.62392
G1 X102.744 Y76.046 E2013.65282
G1 X102.264 Y76.437 E2013.68164
G1 X101.744 Y76.712 E2013.70904
G1 X101.153 Y76.896 E2013.73786
G1 X100.552 Y76.956 E2013.76598
G1 F2400 E2010.76598
G0 F15000 X102.4 Y76.563
G0 X109.151 Y77.64
G0 X114.796 Y80.48
G1 F2400 E2013.76598
G1 F5400 X113.514 Y80.36 E2013.82594
G1 X112.267 Y79.981 E2013.88663
G1 X111.133 Y79.371 E2013.94659
G1 X110.126 Y78.544 E2014.00726
G1 X109.321 Y77.564 E2014.06632
G1 X108.704 Y76.417 E2014.12696
G1 X108.32 Y75.167 E2014.18785
G1 X108.192 Y73.873 E2014.2484
G1 X108.329 Y72.566 E2014.30959
G1 X108.71 Y71.33 E2014.36982
G1 X109.302 Y70.224 E2014.42823
G1 X110.132 Y69.21 E2014.48925
G1 X111.129 Y68.393 E2014.54927
G1 X112.271 Y67.777 E2014.60969
G1 X113.514 Y67.4 E2014.67017
G1 X114.796 Y67.276 E2014.73015
G1 X116.078 Y67.399 E2014.79011
G1 X117.326 Y67.78 E2014.85087
G1 X118.467 Y68.393 E2014.91119
G1 X119.462 Y69.212 E2014.97119
G1 X120.285 Y70.211 E2015.03146
G1 X120.894 Y71.352 E2015.09169
G1 X121.273 Y72.593 E2015.15211
G1 X121.403 Y73.878 E2015.21225
G1 X121.273 Y75.167 E2015.27258
G1 X120.899 Y76.41 E2015.33302
G1 X120.289 Y77.549 E2015.39318
G1 X119.468 Y78.542 E2015.45318
G1 X118.463 Y79.37 E2015.51381
G1 X117.331 Y79.98 E2015.57369
G1 X116.078 Y80.357 E2015.63462
G1 X114.796 Y80.48 E2015.69459
G1 F2400 E2012.69459
G0 F15000 X117.397 Y80.15
G0 X129.71 Y80.149
G0 X132.312 Y80.48
G1 F2400 E2015.69459
G1 F5400 X131.026 Y80.36 E2015.75473
G1 X129.779 Y79.981 E2015.81542
G1 X128.645 Y79.371 E2015.87537
G1 X127.636 Y78.542 E2015.93618
G1 X126.819 Y77.549 E2015.99606
G1 X126.214 Y76.413 E2016.05599
G1 X125.835 Y75.167 E2016.11663
G1 X125.705 Y73.882 E2016.17677
G1 X125.835 Y72.593 E2016.2371
G1 X126.21 Y71.347 E2016.29769
G1 X126.823 Y70.211 E2016.3578
G1 X127.642 Y69.212 E2016.41795
G1 X128.641 Y68.393 E2016.4781
G1 X129.783 Y67.777 E2016.53852
G1 X131.026 Y67.4 E2016.599
G1 X132.308 Y67.276 E2016.65897
G1 X133.59 Y67.399 E2016.71894
G1 X134.838 Y67.78 E2016.7797
G1 X135.982 Y68.392 E2016.84012
G1 X136.954 Y69.193 E2016.89877
G1 X137.796 Y70.209 E2016.96021
G1 X138.397 Y71.331 E2017.01948
G1 X138.788 Y72.595 E2017.08109
G1 X138.916 Y73.88 E2017.14122
G1 X138.788 Y75.152 E2017.20075
G1 X138.407 Y76.411 E2017.262
G1 X137.799 Y77.547 E2017.32199
G1 X136.982 Y78.544 E2017.38201
G1 X135.973 Y79.372 E2017.44279
G1 X134.849 Y79.974 E2017.50216
G1 X133.589 Y80.357 E2017.56348
G1 X132.312 Y80.48 E2017.62322
G1 F2400 E2014.62322
G0 F15000 X133.567 Y80.209
G0 X134.78 Y79.841
G0 X135.896 Y79.246
G0 X136.873 Y78.442
G0 X137.676 Y77.465
G0 X138.271 Y76.349
G0 X138.639 Y75.138
G0 X138.74 Y74.12
G0 X138.58 Y71.292
G0 X143.704 Y64.828
G0 X144.598 Y64.828
G1 F2400 E2017.62322
G1 F5400 X144.204 Y64.785 E2017.64168
G1 X143.766 Y64.657 E2017.66293
G1 X143.409 Y64.464 E2017.68182
G1 X143.073 Y64.189 E2017.70204
G1 X142.819 Y63.884 E2017.72052
G1 X142.608 Y63.503 E2017.7408
G1 X142.476 Y63.077 E2017.76157
G1 X142.437 Y62.66 E2017.78107
G1 X142.476 Y62.244 E2017.80053
G1 X142.604 Y61.825 E2017.82093
G1 X142.799 Y61.458 E2017.84028
G1 X143.075 Y61.128 E2017.86031
G1 X143.402 Y60.856 E2017.88012
G1 X143.77 Y60.662 E2017.89949
G1 X144.196 Y60.537 E2017.92016
G1 X144.6 Y60.496 E2017.93907
G1 X145.019 Y60.536 E2017.95867
G1 X145.436 Y60.663 E2017.97897
G1 X145.806 Y60.859 E2017.99846
G1 X146.148 Y61.152 E2018.01943
G1 X146.407 Y61.461 E2018.03821
G1 X146.601 Y61.827 E2018.0575
G1 X146.729 Y62.247 E2018.07794
G1 X146.764 Y62.66 E2018.09724
G1 X146.728 Y63.064 E2018.11613
G1 X146.602 Y63.491 E2018.13686
G1 X146.407 Y63.859 E2018.15625
G1 X146.126 Y64.194 E2018.17661
G1 X145.803 Y64.463 E2018.19618
G1 X145.438 Y64.657 E2018.21543
G1 X145.026 Y64.783 E2018.23549
G1 X144.598 Y64.828 E2018.25553
G1 F2400 E2015.25553
G0 F15000 X143.704 Y64.828
G0 X127.298 Y89.778
G0 X110 Y123.785
G1 F2400 E2018.25553
G1 F5400 X92.841 Y123.787 E2019.05453
G1 X92.692 Y123.756 E2019.06161
G1 X92.499 Y123.646 E2019.07196
G1 X92.324 Y123.396 E2019.08617
G1 X92.289 Y123.231 E2019.09402
G1 X92.289 Y90.149 E2020.63446
G1 X92.355 Y89.91 E2020.646
G1 X92.463 Y89.763 E2020.6545
G1 X92.661 Y89.632 E2020.66555
G1 X92.835 Y89.59 E2020.67389
G1 X127.018 Y89.589 E2022.26559
G1 X127.266 Y89.721 E2022.27867
G1 X127.414 Y89.898 E2022.28942
G1 X127.482 Y90.097 E2022.29921
G1 X127.487 Y123.231 E2023.84207
G1 X127.42 Y123.468 E2023.85353
G1 X127.253 Y123.665 E2023.86556
G1 X126.963 Y123.784 E2023.88016
G1 X110 Y123.785 E2024.67002
G1 F2400 E2021.67002
G0 F15000 X109.998 Y161.764
G0 X110 Y161.964
G1 F2400 E2024.67002
G1 F5400 X149.392 Y161.964 E2026.50428
G1 X149.392 Y58.032 E2031.34379
G1 X70.605 Y58.033 E2035.01244
G1 X70.604 Y161.964 E2039.85191
G1 X110 Y161.964 E2041.68635
G0 F15000 X110 Y162.364
;TYPE:WALL-OUTER
G1 F5400 X149.792 Y162.364 E2043.53923
G1 X149.792 Y57.632 E2048.41599
G1 X70.205 Y57.633 E2052.1219
G1 X70.204 Y162.364 E2056.99861
G1 X110 Y162.364 E2058.85168
G1 F2400 E2055.85168
G0 F15000 X110 Y162.057
G0 X110 Y161.764
G0 X109.998 Y123.986
G0 X110 Y123.387
G1 F2400 E2058.85168
G1 F5400 X92.848 Y123.385 E2059.65035
G1 X92.776 Y123.355 E2059.65398
G1 X92.688 Y123.23 E2059.6611
G1 X92.689 Y90.116 E2061.20302
G1 X92.817 Y89.988 E2061.21145
G1 X126.922 Y89.99 E2062.79952
G1 X126.998 Y90.02 E2062.80333
G1 X127.088 Y90.134 E2062.81009
G1 X127.086 Y123.223 E2064.35085
G1 X126.992 Y123.36 E2064.35859
G1 X126.905 Y123.388 E2064.36285
G1 X110 Y123.387 E2065.15001
G1 F2400 E2062.15001
G0 F15000 X110 Y123.698
G0 X127.326 Y123.626
G0 X127.326 Y89.75
G0 X114.744 Y89.409
G0 X114.796 Y80.66
G0 X114.776 Y80.08
G1 F2400 E2065.15001
G1 F5400 X113.612 Y79.968 E2065.20447
G1 X112.405 Y79.601 E2065.26321
G1 X111.356 Y79.039 E2065.31862
G1 X110.41 Y78.262 E2065.37563
G1 X109.645 Y77.33 E2065.43177
G1 X109.064 Y76.239 E2065.48933
G1 X108.712 Y75.068 E2065.54626
G1 X108.596 Y73.86 E2065.60277
G1 X108.72 Y72.653 E2065.65927
G1 X109.079 Y71.485 E2065.71617
G1 X109.639 Y70.44 E2065.77138
G1 X110.414 Y69.494 E2065.82832
G1 X111.352 Y68.725 E2065.8848
G1 X112.441 Y68.144 E2065.94227
G1 X113.612 Y67.792 E2065.99921
G1 X114.816 Y67.68 E2066.05552
G1 X115.984 Y67.792 E2066.11015
G1 X117.187 Y68.159 E2066.16872
G1 X118.244 Y68.725 E2066.22455
G1 X119.178 Y69.494 E2066.28088
G1 X119.954 Y70.435 E2066.33768
G1 X120.525 Y71.506 E2066.39419
G1 X120.881 Y72.672 E2066.45096
G1 X121 Y73.862 E2066.50665
G1 X120.881 Y75.088 E2066.564
G1 X120.517 Y76.275 E2066.62182
G1 X119.954 Y77.325 E2066.67729
G1 X119.183 Y78.261 E2066.73376
G1 X118.223 Y79.049 E2066.79159
G1 X117.191 Y79.601 E2066.84609
G1 X115.984 Y79.964 E2066.90478
G1 X114.776 Y80.08 E2066.96129
G1 F2400 E2063.96129
G0 F15000 X114.746 Y80.388
G0 X113.542 Y80.209
G0 X112.33 Y79.841
G0 X111.426 Y79.359
G0 X109.151 Y77.64
G0 X102.4 Y76.563
G0 X100.532 Y76.552
G1 F2400 E2066.96129
G1 F5400 X100.048 Y76.504 E2066.98393
G1 X99.518 Y76.341 E2067.00975
G1 X99.053 Y76.095 E2067.03425
G1 X98.633 Y75.748 E2067.05962
G1 X98.295 Y75.331 E2067.08461
G1 X98.055 Y74.876 E2067.10857
G1 X97.903 Y74.372 E2067.13308
G1 X97.852 Y73.828 E2067.15852
G1 X97.908 Y73.305 E2067.18301
G1 X98.061 Y72.809 E2067.20718
G1 X98.306 Y72.35 E2067.23141
G1 X98.652 Y71.937 E2067.2565
G1 X99.056 Y71.601 E2067.28097
G1 X99.497 Y71.363 E2067.3043
G1 X100.028 Y71.199 E2067.33018
G1 X100.572 Y71.148 E2067.35562
G1 X101.076 Y71.199 E2067.37921
G1 X101.607 Y71.363 E2067.40509
G1 X102.059 Y71.606 E2067.42898
G1 X102.474 Y71.956 E2067.45426
G1 X102.802 Y72.353 E2067.47824
G1 X103.048 Y72.822 E2067.5029
G1 X103.208 Y73.344 E2067.52832
G1 X103.256 Y73.868 E2067.55283
G1 X103.208 Y74.356 E2067.57566
G1 X103.047 Y74.882 E2067.60127
G1 X102.8 Y75.346 E2067.62575
G1 X102.444 Y75.775 E2067.65171
G1 X102.051 Y76.098 E2067.67539
G1 X101.601 Y76.336 E2067.6991
G1 X101.056 Y76.504 E2067.72565
G1 X100.532 Y76.552 E2067.75016
G1 F2400 E2064.75016
G0 F15000 X100.502 Y76.857
G0 X99.424 Y76.576
G0 X99.012 Y76.356
G0 X97.517 Y75.104
G0 X91.454 Y74.167
G0 X90.21 Y74.418
G1 F2400 E2067.75016
G1 F5400 X89.854 Y74.3 E2067.76762
G1 X89.638 Y74.071 E2067.78228
G1 X89.552 Y73.831 E2067.79415
G1 X89.566 Y73.545 E2067.80748
G1 X89.662 Y73.321 E2067.81883
G1 X89.863 Y73.13 E2067.83174
G1 X90.109 Y73.031 E2067.84409
G1 X90.388 Y73.03 E2067.85708
G1 X90.738 Y73.213 E2067.87547
G1 X90.898 Y73.471 E2067.88961
G1 X90.94 Y73.703 E2067.90059
G1 X90.895 Y73.97 E2067.91319
G1 X90.738 Y74.214 E2067.9267
G1 X90.491 Y74.372 E2067.94036
G1 X90.21 Y74.418 E2067.95362
G1 F2400 E2064.95362
G0 F15000 X90.119 Y74.714
G0 X89.079 Y74.183
G0 X88.799 Y73.845
G0 X87.636 Y74.936
G0 X87.501 Y74.404
G1 F2400 E2067.95362
G1 F5400 X87.226 Y74.408 E2067.96642
G1 X86.954 Y74.3 E2067.98005
G1 X86.765 Y74.118 E2067.99227
G1 X86.659 Y73.872 E2068.00474
G1 X86.651 Y73.577 E2068.01848
G1 X86.847 Y73.208 E2068.03794
G1 X87.093 Y73.046 E2068.05165
G1 X87.367 Y72.986 E2068.06471
G1 X87.729 Y73.098 E2068.08236
G1 X87.937 Y73.301 E2068.09589
G1 X88.036 Y73.526 E2068.10734
G1 X88.049 Y73.837 E2068.12183
G1 X87.833 Y74.222 E2068.14239
G1 X87.501 Y74.404 E2068.16002
G1 F2400 E2065.16002
G0 F15000 X87.636 Y74.936
G0 X87.096 Y75.039
G0 X88.155 Y76.062
G0 X88.298 Y76.407
G0 X88.297 Y76.803
G0 X88.054 Y77.258
G0 X87.788 Y77.436
G0 X87.255 Y77.593
G0 X87.344 Y77.298
G1 F2400 E2068.16002
G1 F5400 X86.968 Y77.185 E2068.1783
G1 X86.757 Y76.955 E2068.19283
G1 X86.648 Y76.587 E2068.21071
G1 X86.77 Y76.194 E2068.22987
G1 X87.075 Y75.946 E2068.24817
G1 X87.374 Y75.892 E2068.26232
G1 X87.73 Y75.994 E2068.27956
G1 X87.94 Y76.206 E2068.29346
G1 X88.042 Y76.445 E2068.30556
G1 X88.049 Y76.738 E2068.31921
G1 X87.864 Y77.09 E2068.33772
G1 X87.607 Y77.244 E2068.35167
G1 X87.344 Y77.298 E2068.36417
G1 F2400 E2065.36417
G0 F15000 X87.255 Y77.593
G0 X86.842 Y77.406
G0 X86.603 Y77.167
G0 X86.222 Y75.983
G0 X85.285 Y74.681
G0 X84.424 Y74.42
G1 F2400 E2068.36417
G1 F5400 X84.058 Y74.308 E2068.382
G1 X83.847 Y74.091 E2068.39609
G1 X83.753 Y73.842 E2068.40848
G1 X83.757 Y73.574 E2068.42096
G1 X83.853 Y73.335 E2068.43296
G1 X84.04 Y73.146 E2068.44534
G1 X84.292 Y73.034 E2068.45818
G1 X84.586 Y73.028 E2068.47187
G1 X84.926 Y73.205 E2068.48972
G1 X85.089 Y73.446 E2068.50327
G1 X85.14 Y73.695 E2068.5151
G1 X85.096 Y73.965 E2068.52784
G1 X84.946 Y74.206 E2068.54106
G1 X84.705 Y74.367 E2068.55455
G1 X84.424 Y74.42 E2068.56787
G1 F2400 E2065.56787
G0 F15000 X84.332 Y74.718
G0 X84.81 Y74.602
G0 X85.12 Y74.397
G0 X85.286 Y74.147
G0 X85.552 Y73.086
G0 X86.164 Y73.248
G0 X87.344 Y71.498
G1 F2400 E2068.56787
G1 F5400 X86.966 Y71.38 E2068.58631
G1 X86.769 Y71.177 E2068.59948
G1 X86.647 Y70.789 E2068.61842
G1 X86.77 Y70.391 E2068.63782
G1 X87.077 Y70.146 E2068.65611
G1 X87.391 Y70.094 E2068.67093
G1 X87.719 Y70.193 E2068.68688
G1 X87.931 Y70.393 E2068.70045
G1 X88.046 Y70.665 E2068.7142
G1 X88.045 Y70.943 E2068.72715
G1 X87.867 Y71.285 E2068.7451
G1 X87.622 Y71.439 E2068.75858
G1 X87.344 Y71.498 E2068.77181
G1 F2400 E2065.77181
G0 F15000 X87.211 Y72.077
G0 X86.834 Y71.643
G0 X86.088 Y70.647
G0 X76.715 Y64.628
G0 X75.421 Y64.424
G1 F2400 E2068.77181
G1 F5400 X75.081 Y64.388 E2068.78773
G1 X74.745 Y64.281 E2068.80415
G1 X74.477 Y64.137 E2068.81831
G1 X74.182 Y63.892 E2068.83617
G1 X73.962 Y63.621 E2068.85242
G1 X73.808 Y63.319 E2068.86821
G1 X73.71 Y62.995 E2068.88397
G1 X73.676 Y62.66 E2068.89965
G1 X73.716 Y62.301 E2068.91647
G1 X73.808 Y62.001 E2068.93108
G1 X73.962 Y61.699 E2068.94687
G1 X74.186 Y61.423 E2068.96342
G1 X74.479 Y61.182 E2068.98108
G1 X74.779 Y61.029 E2068.99677
G1 X75.121 Y60.924 E2069.01342
G1 X75.459 Y60.896 E2069.02922
G1 X75.805 Y60.933 E2069.04542
G1 X76.138 Y61.043 E2069.06175
G1 X76.435 Y61.205 E2069.0775
G1 X76.704 Y61.429 E2069.0938
G1 X76.896 Y61.665 E2069.10797
G1 X77.061 Y61.965 E2069.12391
G1 X77.176 Y62.333 E2069.14186
G1 X77.204 Y62.679 E2069.15803
G1 X77.173 Y63.008 E2069.17342
G1 X77.067 Y63.343 E2069.18978
G1 X76.915 Y63.627 E2069.20478
G1 X76.69 Y63.906 E2069.22147
G1 X76.421 Y64.126 E2069.23765
G1 X76.103 Y64.296 E2069.25444
G1 X75.793 Y64.391 E2069.26954
G1 X75.421 Y64.424 E2069.28693
G1 F2400 E2066.28693
G0 F15000 X75.391 Y64.73
G0 X76.715 Y64.628
G0 X126.673 Y77.65
G0 X132.288 Y80.08
G1 F2400 E2069.28693
G1 F5400 X131.124 Y79.968 E2069.34138
G1 X129.917 Y79.601 E2069.40012
G1 X128.868 Y79.039 E2069.45553
G1 X127.921 Y78.261 E2069.5126
G1 X127.154 Y77.325 E2069.56895
G1 X126.583 Y76.258 E2069.6253
G1 X126.227 Y75.088 E2069.68225
G1 X126.108 Y73.898 E2069.73794
G1 X126.224 Y72.692 E2069.79435
G1 X126.583 Y71.502 E2069.85223
G1 X127.154 Y70.435 E2069.90858
G1 X127.913 Y69.508 E2069.96437
G1 X128.864 Y68.725 E2070.02173
G1 X129.953 Y68.144 E2070.0792
G1 X131.124 Y67.792 E2070.13614
G1 X132.328 Y67.68 E2070.19245
G1 X133.496 Y67.792 E2070.24708
G1 X134.699 Y68.159 E2070.30565
G1 X135.754 Y68.724 E2070.36137
G1 X136.691 Y69.495 E2070.41788
G1 X137.477 Y70.453 E2070.47558
G1 X138.034 Y71.499 E2070.53076
G1 X138.396 Y72.692 E2070.58881
G1 X138.512 Y73.9 E2070.64532
G1 X138.394 Y75.083 E2070.70068
G1 X138.029 Y76.275 E2070.75873
G1 X137.467 Y77.324 E2070.81414
G1 X136.68 Y78.275 E2070.87162
G1 X135.735 Y79.049 E2070.9285
G1 X134.689 Y79.608 E2070.98372
G1 X133.507 Y79.962 E2071.04118
G1 X132.288 Y80.08 E2071.09821
G1 F2400 E2068.09821
G0 F15000 X132.258 Y80.388
G0 X133.567 Y80.209
G0 X134.78 Y79.841
G0 X135.896 Y79.246
G0 X136.873 Y78.442
G0 X137.676 Y77.465
G0 X138.271 Y76.349
G0 X138.639 Y75.138
G0 X138.74 Y74.12
G0 X138.58 Y71.292
G0 X143.311 Y64.616
G0 X144.578 Y64.423
G1 F2400 E2071.09821
G1 F5400 X144.241 Y64.384 E2071.114
G1 X143.941 Y64.292 E2071.12861
G1 X143.627 Y64.128 E2071.14511
G1 X143.346 Y63.893 E2071.16217
G1 X143.133 Y63.636 E2071.17771
G1 X142.976 Y63.339 E2071.19335
G1 X142.868 Y62.979 E2071.21085
G1 X142.84 Y62.641 E2071.22665
G1 X142.876 Y62.301 E2071.24257
G1 X142.968 Y62.001 E2071.25718
G1 X143.146 Y61.667 E2071.2748
G1 X143.346 Y61.427 E2071.28935
G1 X143.642 Y61.183 E2071.30721
G1 X143.941 Y61.028 E2071.32289
G1 X144.241 Y60.936 E2071.3375
G1 X144.6 Y60.896 E2071.35432
G1 X144.958 Y60.936 E2071.3711
G1 X145.298 Y61.043 E2071.38769
G1 X145.596 Y61.206 E2071.40351
G1 X145.832 Y61.402 E2071.4178
G1 X146.058 Y61.667 E2071.43401
G1 X146.236 Y62.001 E2071.45164
G1 X146.336 Y62.341 E2071.46814
G1 X146.364 Y62.641 E2071.48217
G1 X146.334 Y62.995 E2071.49871
G1 X146.236 Y63.319 E2071.51447
G1 X146.058 Y63.653 E2071.5321
G1 X145.832 Y63.918 E2071.54831
G1 X145.562 Y64.137 E2071.5645
G1 X145.263 Y64.292 E2071.58018
G1 X144.963 Y64.384 E2071.5948
G1 X144.578 Y64.423 E2071.61281
G1 F2400 E2068.61281
G0 F15000 X144.546 Y64.73
G0 X143.704 Y64.828
G0 X143.704 Y161.764
G0 X110 Y161.604
;TYPE:SKIN
G1 F2400 E2071.61281
G1 F5400 X70.964 Y161.604 E2073.43049
G1 X70.964 Y58.392 E2078.23648
G1 X149.032 Y58.392 E2081.87165
G1 X149.032 Y161.604 E2086.67763
G1 X110 Y161.604 E2088.49513
G1 F2400 E2085.49513
G0 F15000 X110 Y161.864
G0 X109.998 Y123.986
G0 X110 Y124.145
G1 F2400 E2088.49513
G1 F5400 X126.986 Y124.142 E2089.28607
G1 X127.332 Y124.037 E2089.3029
G1 X127.57 Y123.861 E2089.31669
G1 X127.712 Y123.685 E2089.32722
G1 X127.84 Y123.281 E2089.34695
G1 X127.846 Y90.121 E2090.89102
G1 X127.787 Y89.849 E2090.90398
G1 X127.624 Y89.569 E2090.91907
G1 X127.474 Y89.428 E2090.92865
G1 X127.166 Y89.268 E2090.94481
G1 X126.968 Y89.229 E2090.95421
G1 X92.767 Y89.228 E2092.54675
G1 X92.434 Y89.337 E2092.56307
G1 X92.27 Y89.451 E2092.57237
G1 X92.06 Y89.692 E2092.58725
G1 X91.931 Y90.104 E2092.60735
G1 X91.928 Y123.386 E2094.1571
G1 X92.094 Y123.728 E2094.17481
G1 X92.327 Y123.967 E2094.19035
G1 X92.584 Y124.101 E2094.20384
G1 X92.839 Y124.148 E2094.21592
G1 X110 Y124.145 E2095.01501
G1 F2400 E2092.01501
G0 F15000 X110 Y123.886
G0 X92.45 Y123.626
G0 X92.46 Y89.743
G0 X76.345 Y64.825
G0 X75.416 Y65.188
G1 F2400 E2095.01501
G1 F5400 X75.933 Y65.14 E2095.03918
G1 X76.413 Y64.989 E2095.06261
G1 X76.811 Y64.779 E2095.08357
G1 X77.226 Y64.45 E2095.10823
G1 X77.539 Y64.055 E2095.13169
G1 X77.763 Y63.645 E2095.15345
G1 X77.917 Y63.156 E2095.17732
G1 X77.968 Y62.645 E2095.20123
G1 X77.924 Y62.177 E2095.22312
G1 X77.779 Y61.707 E2095.24603
G1 X77.548 Y61.272 E2095.26896
G1 X77.249 Y60.891 E2095.29151
G1 X76.863 Y60.569 E2095.31492
G1 X76.43 Y60.335 E2095.33784
G1 X75.904 Y60.172 E2095.36348
G1 X75.421 Y60.136 E2095.38603
G1 X74.981 Y60.176 E2095.4066
G1 X74.458 Y60.331 E2095.432
G1 X74.016 Y60.569 E2095.45538
G1 X73.672 Y60.853 E2095.47615
G1 X73.322 Y61.274 E2095.50164
G1 X73.114 Y61.67 E2095.52247
G1 X72.964 Y62.144 E2095.54562
G1 X72.916 Y62.646 E2095.5691
G1 X72.958 Y63.123 E2095.5914
G1 X73.115 Y63.646 E2095.61683
G1 X73.346 Y64.073 E2095.63943
G1 X73.646 Y64.433 E2095.66125
G1 X74.015 Y64.746 E2095.68379
G1 X74.484 Y65 E2095.70862
G1 X74.924 Y65.136 E2095.73007
G1 X75.416 Y65.188 E2095.7531
G1 F2400 E2092.7531
G0 F15000 X75.44 Y64.929
G0 X76.345 Y64.825
G0 X86.372 Y75.767
G0 X87.46 Y78.048
G1 F2400 E2095.7531
G1 F5400 X87.923 Y77.945 E2095.77519
G1 X88.298 Y77.707 E2095.79587
G1 X88.494 Y77.521 E2095.80845
G1 X88.734 Y77.051 E2095.83303
G1 X88.803 Y76.787 E2095.84573
G1 X88.801 Y76.273 E2095.86967
G1 X88.555 Y75.747 E2095.89671
G1 X88.256 Y75.44 E2095.91666
G1 X87.763 Y75.163 E2095.94299
G1 X87.908 Y75.044 E2095.95173
G1 X88.232 Y74.874 E2095.96876
G1 X88.466 Y74.651 E2095.98382
G1 X88.673 Y74.275 E2096.0038
G1 X88.793 Y74.145 E2096.01204
G1 X88.908 Y74.294 E2096.0208
G1 X89.051 Y74.58 E2096.03569
G1 X89.332 Y74.856 E2096.05403
G1 X89.557 Y75.002 E2096.06652
G1 X89.977 Y75.142 E2096.08714
G1 X90.276 Y75.188 E2096.10122
G1 X90.795 Y75.086 E2096.12585
G1 X91.183 Y74.832 E2096.14745
G1 X91.364 Y74.646 E2096.15953
G1 X91.617 Y74.238 E2096.18189
G1 X91.708 Y73.668 E2096.20876
G1 X91.61 Y73.169 E2096.23244
G1 X91.368 Y72.8 E2096.25299
G1 X91.106 Y72.553 E2096.26976
G1 X90.584 Y72.281 E2096.29717
G1 X89.948 Y72.261 E2096.3268
G1 X89.395 Y72.513 E2096.35509
G1 X89.045 Y72.871 E2096.37841
G1 X88.82 Y73.33 E2096.40221
G1 X88.715 Y73.183 E2096.41062
G1 X88.542 Y72.846 E2096.42826
G1 X88.308 Y72.59 E2096.44441
G1 X88.08 Y72.424 E2096.45754
G1 X87.701 Y72.251 E2096.47694
G1 X88.042 Y72.074 E2096.49483
G1 X88.357 Y71.855 E2096.5127
G1 X88.545 Y71.621 E2096.52667
G1 X88.811 Y71.109 E2096.55354
G1 X88.791 Y70.531 E2096.58047
G1 X88.609 Y70.014 E2096.60599
G1 X88.241 Y69.63 E2096.63076
G1 X87.924 Y69.458 E2096.64755
G1 X87.517 Y69.341 E2096.66727
G1 X87.198 Y69.341 E2096.68212
G1 X86.858 Y69.416 E2096.69834
G1 X86.619 Y69.54 E2096.71087
G1 X86.187 Y69.886 E2096.73665
G1 X86.025 Y70.209 E2096.75347
G1 X85.908 Y70.639 E2096.77422
G1 X85.91 Y70.977 E2096.78996
G1 X86.1 Y71.591 E2096.81989
G1 X86.533 Y72.012 E2096.84801
G1 X86.993 Y72.226 E2096.87163
G1 X86.634 Y72.431 E2096.89088
G1 X86.352 Y72.632 E2096.90701
G1 X86.188 Y72.831 E2096.91902
G1 X86.017 Y73.142 E2096.93554
G1 X85.894 Y73.313 E2096.94535
G1 X85.713 Y73.004 E2096.96203
G1 X85.406 Y72.594 E2096.98588
G1 X84.927 Y72.349 E2097.01093
G1 X84.641 Y72.269 E2097.02476
G1 X84.151 Y72.265 E2097.04758
G1 X83.641 Y72.482 E2097.07338
G1 X83.233 Y72.861 E2097.09931
G1 X83.001 Y73.408 E2097.12698
G1 X82.997 Y73.991 E2097.15413
G1 X83.211 Y74.533 E2097.18126
G1 X83.568 Y74.886 E2097.20464
G1 X83.816 Y75.03 E2097.21799
G1 X84.288 Y75.178 E2097.24103
G1 X84.65 Y75.159 E2097.25791
G1 X85.046 Y75.056 E2097.27696
G1 X85.398 Y74.817 E2097.29677
G1 X85.581 Y74.619 E2097.30933
G1 X85.898 Y74.099 E2097.33768
G1 X86.132 Y74.55 E2097.36134
G1 X86.48 Y74.909 E2097.38462
G1 X86.829 Y75.081 E2097.40274
G1 X86.919 Y75.167 E2097.40854
G1 X86.557 Y75.385 E2097.42821
G1 X86.234 Y75.647 E2097.44758
G1 X86.061 Y75.901 E2097.46189
G1 X85.916 Y76.383 E2097.48533
G1 X85.899 Y76.76 E2097.5029
G1 X86.064 Y77.272 E2097.52795
G1 X86.195 Y77.477 E2097.53928
G1 X86.445 Y77.736 E2097.55604
G1 X86.685 Y77.885 E2097.56919
G1 X87.206 Y78.047 E2097.5946
G1 X87.46 Y78.048 E2097.60643
G1 F2400 E2094.60643
G0 F15000 X87.432 Y77.789
G0 X88.57 Y76.987
G0 X98.731 Y76.578
G0 X100.532 Y77.316
G1 F2400 E2097.60643
G1 F5400 X101.223 Y77.241 E2097.63879
G1 X101.899 Y77.039 E2097.67164
G1 X102.501 Y76.711 E2097.70357
G1 X102.984 Y76.315 E2097.73265
G1 X103.424 Y75.774 E2097.76512
G1 X103.753 Y75.155 E2097.79776
G1 X103.947 Y74.549 E2097.82739
G1 X104.02 Y73.868 E2097.85928
G1 X103.947 Y73.151 E2097.89284
G1 X103.763 Y72.567 E2097.92135
G1 X103.443 Y71.941 E2097.95409
G1 X102.988 Y71.389 E2097.9874
G1 X102.48 Y70.969 E2098.01809
G1 X101.867 Y70.646 E2098.05035
G1 X101.207 Y70.453 E2098.08237
G1 X100.552 Y70.38 E2098.11306
G1 X99.881 Y70.454 E2098.1445
G1 X99.219 Y70.651 E2098.17666
G1 X98.616 Y70.981 E2098.20867
G1 X98.107 Y71.405 E2098.23951
G1 X97.667 Y71.934 E2098.27155
G1 X97.356 Y72.51 E2098.30203
G1 X97.163 Y73.155 E2098.33338
G1 X97.084 Y73.856 E2098.36623
G1 X97.155 Y74.52 E2098.39733
G1 X97.349 Y75.17 E2098.42891
G1 X97.675 Y75.774 E2098.46087
G1 X98.129 Y76.321 E2098.49397
G1 X98.625 Y76.723 E2098.5237
G1 X99.214 Y77.037 E2098.55478
G1 X99.888 Y77.252 E2098.58772
G1 X100.532 Y77.316 E2098.61786
G1 F2400 E2095.61786
G0 F15000 X100.557 Y77.058
G0 X102.4 Y76.563
G0 X109.151 Y77.64
G0 X114.777 Y80.84
G1 F2400 E2098.61786
G1 F5400 X116.136 Y80.712 E2098.68142
G1 X117.483 Y80.305 E2098.74694
G1 X118.651 Y79.677 E2098.80869
G1 X119.708 Y78.811 E2098.87232
G1 X120.59 Y77.745 E2098.93675
G1 X121.22 Y76.57 E2098.99883
G1 X121.633 Y75.229 E2099.06416
G1 X121.764 Y73.852 E2099.12857
G1 X121.62 Y72.497 E2099.19202
G1 X121.225 Y71.206 E2099.25489
G1 X120.582 Y70.007 E2099.31824
G1 X119.722 Y68.954 E2099.38155
G1 X118.651 Y68.083 E2099.44583
G1 X117.479 Y67.451 E2099.50783
G1 X116.132 Y67.04 E2099.5734
G1 X114.812 Y66.912 E2099.63516
G1 X113.461 Y67.042 E2099.69836
G1 X112.113 Y67.451 E2099.76395
G1 X110.949 Y68.079 E2099.82554
G1 X109.885 Y68.94 E2099.88927
G1 X109.012 Y70.009 E2099.95354
G1 X108.371 Y71.197 E2100.01639
G1 X107.96 Y72.544 E2100.08197
G1 X107.828 Y73.893 E2100.14509
G1 X107.956 Y75.2 E2100.20624
G1 X108.364 Y76.539 E2100.27142
G1 X108.999 Y77.736 E2100.33451
G1 X109.87 Y78.798 E2100.39847
G1 X110.945 Y79.677 E2100.46313
G1 X112.109 Y80.305 E2100.52471
G1 X113.461 Y80.716 E2100.59051
G1 X114.777 Y80.84 E2100.65206
G1 F2400 E2097.65206
G0 F15000 X114.801 Y80.581
G0 X117.397 Y80.15
G0 X129.71 Y80.149
G0 X132.296 Y80.84
G1 F2400 E2100.65206
G1 F5400 X133.668 Y80.707 E2100.71625
G1 X134.965 Y80.32 E2100.77927
G1 X136.168 Y79.675 E2100.84283
G1 X137.216 Y78.811 E2100.90608
G1 X138.099 Y77.744 E2100.97057
G1 X138.729 Y76.567 E2101.03273
G1 X139.142 Y75.211 E2101.09874
G1 X139.276 Y73.88 E2101.16103
G1 X139.136 Y72.501 E2101.22557
G1 X138.743 Y71.217 E2101.28809
G1 X138.091 Y69.992 E2101.35271
G1 X137.247 Y68.972 E2101.41436
G1 X136.192 Y68.097 E2101.47818
G1 X134.991 Y67.451 E2101.54168
G1 X133.644 Y67.04 E2101.60726
G1 X132.324 Y66.912 E2101.66901
G1 X130.973 Y67.042 E2101.73221
G1 X129.625 Y67.451 E2101.7978
G1 X128.457 Y68.079 E2101.85955
G1 X127.382 Y68.954 E2101.9241
G1 X126.536 Y69.989 E2101.98634
G1 X125.887 Y71.189 E2102.04987
G1 X125.48 Y72.515 E2102.11445
G1 X125.34 Y73.901 E2102.17932
G1 X125.479 Y75.236 E2102.24182
G1 X125.883 Y76.554 E2102.30601
G1 X126.522 Y77.749 E2102.36911
G1 X127.378 Y78.794 E2102.43201
G1 X128.457 Y79.677 E2102.49693
G1 X129.639 Y80.313 E2102.55943
G1 X130.972 Y80.712 E2102.62422
G1 X132.296 Y80.84 E2102.68616
G1 F2400 E2099.68616
G0 F15000 X132.321 Y80.581
G0 X134.78 Y79.841
G0 X135.896 Y79.246
G0 X136.873 Y78.442
G0 X137.676 Y77.465
G0 X138.271 Y76.349
G0 X138.639 Y75.138
G0 X138.74 Y74.12
G0 X138.58 Y71.292
G0 X143.704 Y64.828
G0 X144.57 Y65.187
G1 F2400 E2102.68616
G1 F5400 X145.123 Y65.128 E2102.71206
G1 X145.555 Y64.996 E2102.73309
G1 X146.017 Y64.75 E2102.75747
G1 X146.365 Y64.458 E2102.77862
G1 X146.697 Y64.07 E2102.8024
G1 X146.93 Y63.633 E2102.82546
G1 X147.082 Y63.131 E2102.84988
G1 X147.124 Y62.638 E2102.87292
G1 X147.084 Y62.186 E2102.89405
G1 X146.944 Y61.713 E2102.91702
G1 X146.718 Y61.275 E2102.93997
G1 X146.364 Y60.853 E2102.96562
G1 X146.02 Y60.569 E2102.98639
G1 X145.551 Y60.32 E2103.01111
G1 X145.107 Y60.184 E2103.03274
G1 X144.618 Y60.136 E2103.05562
G1 X144.134 Y60.176 E2103.07823
G1 X143.64 Y60.324 E2103.10224
G1 X143.222 Y60.543 E2103.12422
G1 X142.806 Y60.887 E2103.14935
G1 X142.51 Y61.239 E2103.17077
G1 X142.275 Y61.674 E2103.19379
G1 X142.116 Y62.186 E2103.21875
G1 X142.076 Y62.638 E2103.23988
G1 X142.116 Y63.13 E2103.26287
G1 X142.266 Y63.632 E2103.28726
G1 X142.508 Y64.071 E2103.31061
G1 X142.804 Y64.435 E2103.33245
G1 X143.21 Y64.764 E2103.35678
G1 X143.621 Y64.985 E2103.37851
G1 X144.075 Y65.124 E2103.40062
G1 X144.57 Y65.187 E2103.42386
G1 F2400 E2100.42386
G0 F15000 X144.602 Y64.931
G0 X145.722 Y64.335
G0 X146.278 Y63.779
G0 X146.578 Y63.052
G0 X146.578 Y62.418
G0 X146.252 Y60.996
G0 X146.252 Y58.232
G0 X148.536 Y58.592
G1 F2400 E2103.42386
G1 F5400 X148.832 Y58.888 E2103.44335
G0 F15000 X148.832 Y59.454
G1 F5400 X147.971 Y58.592 E2103.50008
G0 F15000 X147.405 Y58.592
G1 F5400 X148.832 Y60.019 E2103.59405
G0 F15000 X148.832 Y60.585
G1 F5400 X146.839 Y58.592 E2103.72529
G0 F15000 X146.274 Y58.592
G1 F5400 X148.832 Y61.151 E2103.89378
G0 F15000 X148.832 Y61.716
G1 F5400 X145.708 Y58.592 E2104.0995
G0 F15000 X145.142 Y58.592
G1 F5400 X148.832 Y62.282 E2104.34249
G0 F15000 X148.832 Y62.848
G1 F5400 X144.576 Y58.592 E2104.62275
G0 F15000 X144.011 Y58.592
G1 F5400 X145.52 Y60.101 E2104.72212
G0 F15000 X144.805 Y59.952
G1 F5400 X143.445 Y58.592 E2104.81168
G0 F15000 X142.879 Y58.592
G1 F5400 X144.253 Y59.966 E2104.90216
G0 F15000 X143.789 Y60.068
G1 F5400 X142.314 Y58.592 E2104.99933
G0 F15000 X141.748 Y58.592
G1 F5400 X143.388 Y60.232 E2105.10732
G0 F15000 X143.029 Y60.439
G1 F5400 X141.182 Y58.592 E2105.22895
G0 F15000 X140.617 Y58.592
G1 F5400 X142.719 Y60.695 E2105.36741
G0 F15000 X142.456 Y60.997
G1 F5400 X140.051 Y58.592 E2105.52578
G0 F15000 X139.485 Y58.592
G1 F5400 X142.228 Y61.335 E2105.70641
G0 F15000 X142.051 Y61.724
G1 F5400 X138.92 Y58.592 E2105.91262
G0 F15000 X138.354 Y58.592
G1 F5400 X141.918 Y62.157 E2106.14735
G0 F15000 X141.882 Y62.686
G1 F5400 X137.788 Y58.592 E2106.41695
G0 F15000 X137.223 Y58.592
G1 F5400 X141.967 Y63.337 E2106.72938
G1 F2400 E2103.72938
G0 F15000 X142.409 Y63.202
G0 X143.033 Y63.917
G0 X144.046 Y64.847
G0 X143.915 Y65.285
G1 F2400 E2106.72938
G1 F5400 X148.832 Y70.202 E2107.05318
G0 F15000 X148.832 Y70.767
G1 F5400 X136.657 Y58.592 E2107.85492
G0 F15000 X136.091 Y58.592
G1 F5400 X148.832 Y71.333 E2108.69394
G0 F15000 X148.832 Y71.899
G1 F5400 X135.525 Y58.592 E2109.57023
G0 F15000 X134.96 Y58.592
G1 F5400 X148.832 Y72.464 E2110.48372
G0 F15000 X148.832 Y73.03
G1 F5400 X134.394 Y58.592 E2111.43449
G0 F15000 X133.828 Y58.592
G1 F5400 X148.832 Y73.596 E2112.42253
G0 F15000 X148.832 Y74.161
G1 F5400 X133.263 Y58.592 E2113.44777
G0 F15000 X132.697 Y58.592
G1 F5400 X148.832 Y74.727 E2114.51029
G0 F15000 X148.832 Y75.293
G1 F5400 X132.131 Y58.592 E2115.61008
G0 F15000 X131.566 Y58.592
G1 F5400 X148.832 Y75.858 E2116.74707
G0 F15000 X148.832 Y76.424
G1 F5400 X131 Y58.592 E2117.92134
G0 F15000 X130.434 Y58.592
G1 F5400 X148.832 Y76.99 E2119.13288
G0 F15000 X148.832 Y77.555
G1 F5400 X129.869 Y58.592 E2120.38163
G0 F15000 X129.303 Y58.592
G1 F5400 X148.832 Y78.121 E2121.66765
G0 F15000 X148.832 Y78.687
G1 F5400 X128.737 Y58.592 E2122.99094
G0 F15000 X128.172 Y58.592
G1 F5400 X148.832 Y79.253 E2124.35146
G0 F15000 X148.832 Y79.818
G1 F5400 X127.606 Y58.592 E2125.74923
G0 F15000 X127.04 Y58.592
G1 F5400 X136.74 Y68.292 E2126.38799
G1 F2400 E2123.38799
G0 F15000 X136.448 Y68.647
G0 X137.557 Y69.757
G0 X137.913 Y69.465
G1 F2400 E2126.38799
G1 F5400 X148.832 Y80.384 E2127.10703
G0 F15000 X148.832 Y80.95
G1 F5400 X138.817 Y70.935 E2127.76653
G0 F15000 X139.136 Y71.819
G1 F5400 X148.832 Y81.515 E2128.40503
G0 F15000 X148.832 Y82.081
G1 F5400 X139.349 Y72.598 E2129.0295
G0 F15000 X139.41 Y73.225
G1 F5400 X148.832 Y82.647 E2129.64996
G0 F15000 X148.832 Y83.212
G1 F5400 X139.473 Y73.853 E2130.26627
G0 F15000 X139.426 Y74.372
G1 F5400 X148.832 Y83.778 E2130.88567
G0 F15000 X148.832 Y84.344
G1 F5400 X139.375 Y74.887 E2131.50843
G0 F15000 X139.299 Y75.377
G1 F5400 X148.832 Y84.909 E2132.13616
G0 F15000 X148.832 Y85.475
G1 F5400 X139.169 Y75.812 E2132.77248
G0 F15000 X139.038 Y76.247
G1 F5400 X148.832 Y86.041 E2133.41743
G0 F15000 X148.832 Y86.606
G1 F5400 X138.898 Y76.673 E2134.07157
G0 F15000 X138.701 Y77.041
G1 F5400 X148.832 Y87.172 E2134.73872
G0 F15000 X148.832 Y87.738
G1 F5400 X138.504 Y77.41 E2135.41883
G0 F15000 X138.307 Y77.778
G1 F5400 X148.832 Y88.303 E2136.11192
G0 F15000 X148.832 Y88.869
G1 F5400 X138.063 Y78.101 E2136.82105
G0 F15000 X137.807 Y78.41
G1 F5400 X148.832 Y89.435 E2137.54706
G0 F15000 X148.832 Y90.001
G1 F5400 X137.551 Y78.72 E2138.28993
G0 F15000 X137.281 Y79.015
G1 F5400 X148.832 Y90.566 E2139.05059
G0 F15000 X148.832 Y91.132
G1 F5400 X136.971 Y79.271 E2139.83165
G0 F15000 X136.661 Y79.527
G1 F5400 X148.832 Y91.698 E2140.63313
G0 F15000 X148.832 Y92.263
G1 F5400 X136.351 Y79.782 E2141.45503
G0 F15000 X135.996 Y79.993
G1 F5400 X148.832 Y92.829 E2142.3003
G0 F15000 X148.832 Y93.395
G1 F5400 X135.628 Y80.191 E2143.16981
G0 F15000 X135.26 Y80.388
G1 F5400 X148.832 Y93.96 E2144.06355
G0 F15000 X148.832 Y94.526
G1 F5400 X134.864 Y80.558 E2144.98336
G0 F15000 X134.428 Y80.688
G1 F5400 X148.832 Y95.092 E2145.93189
G0 F15000 X148.832 Y95.657
G1 F5400 X133.992 Y80.818 E2146.9091
G0 F15000 X133.529 Y80.92
G1 F5400 X148.832 Y96.223 E2147.91683
G0 F15000 X148.832 Y96.789
G1 F5400 X133.015 Y80.972 E2148.9584
G0 F15000 X132.502 Y81.025
G1 F5400 X148.832 Y97.354 E2150.03373
G0 F15000 X148.832 Y97.92
G1 F5400 X131.911 Y81 E2151.14797
G0 F15000 X131.287 Y80.941
G1 F5400 X148.832 Y98.486 E2152.30334
G0 F15000 X148.832 Y99.052
G1 F5400 X130.586 Y80.805 E2153.5049
G0 F15000 X129.775 Y80.56
G1 F5400 X148.832 Y99.617 E2154.75984
G0 F15000 X148.832 Y100.183
G1 F5400 X128.666 Y80.017 E2156.08781
G1 F2400 E2153.08781
G0 F15000 X128.884 Y79.613
G0 X126.584 Y77.314
G0 X126.179 Y77.53
G1 F2400 E2156.08781
G1 F5400 X121.901 Y73.252 E2156.36952
G0 F15000 X121.964 Y73.881
G1 F5400 X148.832 Y100.749 E2158.13882
G0 F15000 X148.832 Y101.314
G1 F5400 X121.914 Y74.396 E2159.91142
G0 F15000 X121.863 Y74.912
G1 F5400 X148.832 Y101.88 E2161.68734
G0 F15000 X148.832 Y102.446
G1 F5400 X121.788 Y75.402 E2163.46824
G0 F15000 X121.656 Y75.836
G1 F5400 X148.832 Y103.011 E2165.25779
G0 F15000 X148.832 Y103.577
G1 F5400 X121.525 Y76.27 E2167.056
G0 F15000 X121.381 Y76.692
G1 F5400 X148.832 Y104.143 E2168.8637
G0 F15000 X148.832 Y104.708
G1 F5400 X121.183 Y77.06 E2170.6844
G0 F15000 X120.986 Y77.428
G1 F5400 X148.832 Y105.274 E2172.5181
G0 F15000 X148.832 Y105.84
G1 F5400 X120.789 Y77.797 E2174.36478
G0 F15000 X120.543 Y78.116
G1 F5400 X148.832 Y106.405 E2176.22766
G0 F15000 X148.832 Y106.971
G1 F5400 X120.287 Y78.426 E2178.1074
G0 F15000 X120.031 Y78.736
G1 F5400 X148.832 Y107.537 E2180.00399
G0 F15000 X148.832 Y108.102
G1 F5400 X119.757 Y79.028 E2181.9186
G0 F15000 X119.447 Y79.284
G1 F5400 X148.832 Y108.668 E2183.85362
G0 F15000 X148.832 Y109.234
G1 F5400 X119.138 Y79.54 E2185.80902
G0 F15000 X118.828 Y79.796
G1 F5400 X148.832 Y109.8 E2187.78483
G0 F15000 X148.832 Y110.365
G1 F5400 X118.469 Y80.003 E2189.78426
G0 F15000 X118.101 Y80.2
G1 F5400 X126.931 Y89.03 E2190.36573
G0 F15000 X126.365 Y89.03
G1 F5400 X117.733 Y80.398 E2190.93416
G0 F15000 X117.332 Y80.563
G1 F5400 X125.799 Y89.03 E2191.49173
G0 F15000 X125.234 Y89.03
G1 F5400 X116.898 Y80.694 E2192.04067
G0 F15000 X116.463 Y80.825
G1 F5400 X124.668 Y89.03 E2192.58098
G0 F15000 X124.102 Y89.03
G1 F5400 X115.999 Y80.927 E2193.11458
G0 F15000 X115.483 Y80.976
G1 F5400 X123.537 Y89.03 E2193.64495
G0 F15000 X122.971 Y89.03
G1 F5400 X114.968 Y81.027 E2194.17196
G0 F15000 X114.379 Y81.003
G1 F5400 X122.405 Y89.03 E2194.70051
G0 F15000 X121.839 Y89.03
G1 F5400 X113.754 Y80.944 E2195.23296
G0 F15000 X113.047 Y80.803
G1 F5400 X121.274 Y89.03 E2195.77472
G0 F15000 X120.708 Y89.03
G1 F5400 X112.235 Y80.556 E2196.33272
G0 F15000 X112.369 Y80.117
G0 X111.32 Y79.585
G0 X111.102 Y79.989
G1 F5400 X120.142 Y89.03 E2196.92805
G0 F15000 X119.577 Y89.03
G1 F5400 X104.203 Y73.656 E2197.94045
G0 F15000 X104.187 Y74.205
G1 F5400 X119.011 Y89.03 E2198.91667
G0 F15000 X118.445 Y89.03
G1 F5400 X104.109 Y74.694 E2199.86072
G0 F15000 X103.973 Y75.123
G1 F5400 X117.88 Y89.03 E2200.77652
G0 F15000 X117.314 Y89.03
G1 F5400 X103.791 Y75.506 E2201.66707
G0 F15000 X103.596 Y75.878
G1 F5400 X116.748 Y89.03 E2202.53315
G0 F15000 X116.183 Y89.03
G1 F5400 X103.344 Y76.191 E2203.37862
G0 F15000 X103.081 Y76.494
G1 F5400 X115.617 Y89.03 E2204.20413
G0 F15000 X115.051 Y89.03
G1 F5400 X102.769 Y76.748 E2205.01293
G0 F15000 X102.433 Y76.977
G1 F5400 X114.486 Y89.03 E2205.80664
G0 F15000 X113.92 Y89.03
G1 F5400 X102.067 Y77.176 E2206.58721
G0 F15000 X101.65 Y77.326
G1 F5400 X113.354 Y89.03 E2207.35794
G0 F15000 X112.788 Y89.03
G1 F5400 X101.2 Y77.441 E2208.12106
G0 F15000 X100.696 Y77.502
G1 F5400 X112.223 Y89.03 E2208.88017
G0 F15000 X111.657 Y89.03
G1 F5400 X100.1 Y77.473 E2209.64121
G0 F15000 X99.351 Y77.29
G1 F5400 X111.091 Y89.03 E2210.41431
G0 F15000 X110.526 Y89.03
G1 F5400 X80.088 Y58.592 E2212.41871
G0 F15000 X79.523 Y58.592
G1 F5400 X109.96 Y89.03 E2214.42307
G0 F15000 X109.394 Y89.029
G1 F5400 X78.957 Y58.592 E2216.4274
G0 F15000 X78.391 Y58.592
G1 F5400 X108.828 Y89.029 E2218.43173
G0 F15000 X108.262 Y89.029
G1 F5400 X77.826 Y58.592 E2220.43602
G0 F15000 X77.26 Y58.592
G1 F5400 X87.914 Y69.246 E2221.1376
G0 F15000 X87.244 Y69.142
G1 F5400 X76.694 Y58.592 E2221.83234
G0 F15000 X76.129 Y58.592
G1 F5400 X86.773 Y69.236 E2222.53327
G0 F15000 X86.416 Y69.445
G1 F5400 X75.563 Y58.592 E2223.24795
G0 F15000 X74.997 Y58.592
G1 F5400 X76.606 Y60.201 E2223.35391
G0 F15000 X75.804 Y59.965
G1 F5400 X74.431 Y58.592 E2223.44432
G0 F15000 X73.866 Y58.592
G1 F5400 X75.226 Y59.953 E2223.53392
G0 F15000 X74.741 Y60.033
G1 F5400 X73.3 Y58.592 E2223.62881
G0 F15000 X72.734 Y58.592
G1 F5400 X74.319 Y60.177 E2223.73318
G0 F15000 X73.949 Y60.372
G1 F5400 X72.169 Y58.592 E2223.8504
G0 F15000 X71.603 Y58.592
G1 F5400 X73.637 Y60.627 E2223.98437
G0 F15000 X73.357 Y60.912
G1 F5400 X71.164 Y58.719 E2224.12879
G0 F15000 X71.164 Y59.285
G1 F5400 X73.116 Y61.237 E2224.25733
G0 F15000 X72.926 Y61.612
G1 F5400 X71.164 Y59.85 E2224.37336
G0 F15000 X71.164 Y60.416
G1 F5400 X72.788 Y62.04 E2224.4803
G0 F15000 X72.727 Y62.544
G1 F5400 X71.164 Y60.982 E2224.5832
G0 F15000 X71.164 Y61.547
G1 F5400 X72.759 Y63.143 E2224.68826
G0 F15000 X73.104 Y64.053
G1 F5400 X71.164 Y62.113 E2224.81602
G0 F15000 X71.164 Y62.679
G1 F5400 X82.982 Y74.497 E2225.59425
G0 F15000 X82.799 Y73.748
G1 F5400 X74.043 Y64.992 E2226.17085
G0 F15000 X74.962 Y65.345
G1 F5400 X82.855 Y73.239 E2226.69065
G0 F15000 X83.026 Y72.844
G1 F5400 X75.561 Y65.378 E2227.18226
G0 F15000 X76.059 Y65.311
G1 F5400 X83.287 Y72.539 E2227.65824
G0 F15000 X83.595 Y72.281
G1 F5400 X76.488 Y65.175 E2228.12622
G0 F15000 X76.859 Y64.98
G1 F5400 X83.994 Y72.114 E2228.59604
G0 F15000 X84.515 Y72.07
G1 F5400 X77.185 Y64.74 E2229.07873
G0 F15000 X77.473 Y64.462
G1 F5400 X85.354 Y72.343 E2229.59771
G0 F15000 X85.78 Y72.769
G1 F5400 X85.918 Y72.908 E2229.60683
G0 F15000 X86.146 Y72.57
G1 F5400 X77.719 Y64.142 E2230.16179
G0 F15000 X77.92 Y63.777
G1 F5400 X86.454 Y72.312 E2230.7238
G1 F2400 E2227.7238
G0 F15000 X87.221 Y72.392
G0 X86.166 Y70.942
G0 X85.713 Y71.005
G1 F2400 E2230.7238
G1 F5400 X78.062 Y63.355 E2231.2276
G0 F15000 X78.147 Y62.874
G1 F5400 X85.744 Y70.47 E2231.72784
G0 F15000 X85.885 Y70.046
G1 F5400 X78.136 Y62.297 E2232.23813
G0 F15000 X77.88 Y61.475
G1 F5400 X86.102 Y69.697 E2232.77956
G1 F2400 E2229.77956
G0 F15000 X86.394 Y70.049
G0 X87.379 Y69.834
G0 X87.78 Y69.954
G0 X88.465 Y70.378
G0 X88.895 Y70.228
G1 F2400 E2232.77956
G1 F5400 X90.879 Y72.211 E2232.91018
G0 F15000 X90.166 Y72.064
G1 F5400 X89.006 Y70.904 E2232.98657
G0 F15000 X88.903 Y71.367
G1 F5400 X89.692 Y72.156 E2233.03852
G0 F15000 X89.301 Y72.331
G1 F5400 X88.703 Y71.732 E2233.07794
G0 F15000 X88.446 Y72.041
G1 F5400 X89.017 Y72.612 E2233.11554
G0 F15000 X88.958 Y73.394
G0 X88.709 Y73.918
G0 X88.728 Y74.586
G1 F5400 X103.171 Y89.029 E2234.06663
G0 F15000 X102.605 Y89.029
G1 F5400 X88.485 Y74.908 E2234.99649
G0 F15000 X88.798 Y75.787
G1 F5400 X102.04 Y89.029 E2235.8685
G0 F15000 X101.474 Y89.029
G1 F5400 X89.002 Y76.557 E2236.6898
G0 F15000 X88.938 Y77.058
G1 F5400 X100.908 Y89.029 E2237.47808
G0 F15000 X100.343 Y89.029
G1 F5400 X88.759 Y77.445 E2238.24091
G0 F15000 X88.52 Y77.772
G1 F5400 X99.777 Y89.029 E2238.9822
G0 F15000 X99.211 Y89.029
G1 F5400 X88.192 Y78.01 E2239.70782
G0 F15000 X87.798 Y78.181
G1 F5400 X98.646 Y89.029 E2240.42218
G0 F15000 X98.08 Y89.029
G1 F5400 X87.299 Y78.248 E2241.13213
G0 F15000 X86.47 Y77.985
G1 F5400 X97.514 Y89.029 E2241.85939
G0 F15000 X96.949 Y89.029
G1 F5400 X71.164 Y63.244 E2243.55738
G0 F15000 X71.164 Y63.81
G1 F5400 X96.383 Y89.029 E2245.21809
G0 F15000 X95.817 Y89.029
G1 F5400 X71.164 Y64.376 E2246.84154
G0 F15000 X71.164 Y64.941
G1 F5400 X95.252 Y89.029 E2248.42777
G0 F15000 X94.686 Y89.029
G1 F5400 X71.164 Y65.507 E2249.97673
G0 F15000 X71.164 Y66.073
G1 F5400 X94.12 Y89.029 E2251.48843
G0 F15000 X93.554 Y89.029
G1 F5400 X71.164 Y66.638 E2252.96288
G0 F15000 X71.164 Y67.204
G1 F5400 X92.989 Y89.029 E2254.40009
G0 F15000 X92.495 Y89.1
G1 F5400 X71.164 Y67.77 E2255.80474
G0 F15000 X71.164 Y68.336
G1 F5400 X92.135 Y89.306 E2257.18569
G0 F15000 X91.877 Y89.614
G1 F5400 X71.164 Y68.901 E2258.54967
G0 F15000 X71.164 Y69.467
G1 F5400 X91.741 Y90.044 E2259.9047
G0 F15000 X91.729 Y90.597
G1 F5400 X71.164 Y70.033 E2261.25891
G0 F15000 X71.164 Y70.598
G1 F5400 X91.729 Y91.163 E2262.61315
G0 F15000 X91.729 Y91.729
G1 F5400 X71.164 Y71.164 E2263.96739
G0 F15000 X71.164 Y71.73
G1 F5400 X91.729 Y92.294 E2265.3216
G0 F15000 X91.729 Y92.86
G1 F5400 X71.164 Y72.295 E2266.67584
G0 F15000 X71.164 Y72.861
G1 F5400 X91.729 Y93.426 E2268.03008
G0 F15000 X91.729 Y93.991
G1 F5400 X71.164 Y73.427 E2269.38429
G0 F15000 X71.164 Y73.992
G1 F5400 X91.729 Y94.557 E2270.73853
G0 F15000 X91.729 Y95.123
G1 F5400 X71.164 Y74.558 E2272.09277
G0 F15000 X71.164 Y75.124
G1 F5400 X91.729 Y95.689 E2273.44701
G0 F15000 X91.729 Y96.255
G1 F5400 X71.164 Y75.689 E2274.80128
G0 F15000 X71.164 Y76.255
G1 F5400 X91.729 Y96.821 E2276.15555
G0 F15000 X91.729 Y97.386
G1 F5400 X71.164 Y76.821 E2277.50979
G0 F15000 X71.164 Y77.386
G1 F5400 X91.729 Y97.952 E2278.86407
G0 F15000 X91.729 Y98.518
G1 F5400 X71.164 Y77.952 E2280.21834
G0 F15000 X71.164 Y78.518
G1 F5400 X91.729 Y99.083 E2281.57258
G0 F15000 X91.729 Y99.649
G1 F5400 X71.164 Y79.084 E2282.92682
G0 F15000 X71.164 Y79.649
G1 F5400 X91.729 Y100.215 E2284.2811
G0 F15000 X91.729 Y100.78
G1 F5400 X71.164 Y80.215 E2285.63534
G0 F15000 X71.164 Y80.781
G1 F5400 X91.73 Y101.347 E2286.98964
G0 F15000 X91.73 Y101.912
G1 F5400 X71.164 Y81.346 E2288.34395
G0 F15000 X71.164 Y81.912
G1 F5400 X91.73 Y102.478 E2289.69825
G0 F15000 X91.73 Y103.044
G1 F5400 X71.164 Y82.478 E2291.05256
G0 F15000 X71.164 Y83.043
G1 F5400 X91.73 Y103.61 E2292.4069
G0 F15000 X91.73 Y104.175
G1 F5400 X71.164 Y83.609 E2293.76121
G0 F15000 X71.164 Y84.175
G1 F5400 X91.73 Y104.741 E2295.11551
G0 F15000 X91.73 Y105.307
G1 F5400 X71.164 Y84.74 E2296.46985
G0 F15000 X71.164 Y85.306
G1 F5400 X91.73 Y105.872 E2297.82416
G0 F15000 X91.73 Y106.438
G1 F5400 X71.164 Y85.872 E2299.17846
G0 F15000 X71.164 Y86.437
G1 F5400 X91.731 Y107.004 E2300.53284
G0 F15000 X91.731 Y107.57
G1 F5400 X71.164 Y87.003 E2301.88721
G0 F15000 X71.164 Y87.569
G1 F5400 X91.731 Y108.136 E2303.24158
G0 F15000 X91.731 Y108.701
G1 F5400 X71.164 Y88.134 E2304.59595
G0 F15000 X71.164 Y88.7
G1 F5400 X91.731 Y109.267 E2305.95032
G0 F15000 X91.731 Y109.833
G1 F5400 X71.164 Y89.266 E2307.3047
G0 F15000 X71.164 Y89.832
G1 F5400 X91.731 Y110.398 E2308.65904
G0 F15000 X91.731 Y110.964
G1 F5400 X71.164 Y90.397 E2310.01341
G0 F15000 X71.164 Y90.963
G1 F5400 X91.731 Y111.53 E2311.36778
G0 F15000 X91.731 Y112.096
G1 F5400 X71.164 Y91.529 E2312.72215
G0 F15000 X71.164 Y92.094
G1 F5400 X91.732 Y112.662 E2314.07659
G0 F15000 X91.732 Y113.228
G1 F5400 X71.164 Y92.66 E2315.43103
G0 F15000 X71.164 Y93.226
G1 F5400 X91.732 Y113.793 E2316.78543
G0 F15000 X91.732 Y114.359
G1 F5400 X71.164 Y93.791 E2318.13987
G0 F15000 X71.164 Y94.357
G1 F5400 X91.732 Y114.925 E2319.49431
G0 F15000 X91.732 Y115.49
G1 F5400 X71.164 Y94.923 E2320.84871
G0 F15000 X71.164 Y95.488
G1 F5400 X91.732 Y116.056 E2322.20315
G0 F15000 X91.732 Y116.622
G1 F5400 X71.164 Y96.054 E2323.55759
G0 F15000 X71.164 Y96.62
G1 F5400 X91.732 Y117.187 E2324.91199
G0 F15000 X91.732 Y117.753
G1 F5400 X71.164 Y97.185 E2326.26643
G0 F15000 X71.164 Y97.751
G1 F5400 X91.732 Y118.319 E2327.62087
G0 F15000 X91.732 Y118.885
G1 F5400 X71.164 Y98.317 E2328.97531
G0 F15000 X71.164 Y98.883
G1 F5400 X91.732 Y119.451 E2330.32975
G0 F15000 X91.732 Y120.017
G1 F5400 X71.164 Y99.448 E2331.68422
G0 F15000 X71.164 Y100.014
G1 F5400 X91.732 Y120.582 E2333.03865
G0 F15000 X91.732 Y121.148
G1 F5400 X71.164 Y100.58 E2334.39309
G0 F15000 X71.164 Y101.145
G1 F5400 X91.732 Y121.714 E2335.74756
G0 F15000 X91.732 Y122.279
G1 F5400 X71.164 Y101.711 E2337.102
G0 F15000 X71.164 Y102.277
G1 F5400 X91.732 Y122.845 E2338.45644
G0 F15000 X91.732 Y123.411
G1 F5400 X71.164 Y102.842 E2339.81091
G0 F15000 X71.164 Y103.408
G1 F5400 X129.159 Y161.403 E2343.62998
G0 F15000 X128.594 Y161.403
G1 F5400 X71.164 Y103.974 E2347.41181
G0 F15000 X71.164 Y104.539
G1 F5400 X128.028 Y161.403 E2351.1564
G0 F15000 X127.462 Y161.403
G1 F5400 X71.164 Y105.105 E2354.86372
G0 F15000 X71.164 Y105.671
G1 F5400 X126.897 Y161.403 E2358.5338
G0 F15000 X126.331 Y161.403
G1 F5400 X71.164 Y106.236 E2362.16664
G0 F15000 X71.164 Y106.802
G1 F5400 X125.765 Y161.403 E2365.76221
G0 F15000 X125.2 Y161.403
G1 F5400 X71.164 Y107.368 E2369.32054
G0 F15000 X71.164 Y107.933
G1 F5400 X124.634 Y161.403 E2372.84163
G0 F15000 X124.068 Y161.403
G1 F5400 X71.164 Y108.499 E2376.32545
G0 F15000 X71.164 Y109.065
G1 F5400 X123.503 Y161.403 E2379.77203
G0 F15000 X122.937 Y161.403
G1 F5400 X71.164 Y109.631 E2383.18134
G0 F15000 X71.164 Y110.196
G1 F5400 X122.371 Y161.403 E2386.55341
G0 F15000 X121.806 Y161.403
G1 F5400 X71.164 Y110.762 E2389.88824
G0 F15000 X71.164 Y111.328
G1 F5400 X121.24 Y161.403 E2393.18579
G0 F15000 X120.674 Y161.403
G1 F5400 X71.164 Y111.893 E2396.44611
G0 F15000 X71.164 Y112.459
G1 F5400 X120.108 Y161.403 E2399.66916
G0 F15000 X119.543 Y161.403
G1 F5400 X71.164 Y113.025 E2402.85496
G0 F15000 X71.164 Y113.59
G1 F5400 X118.977 Y161.403 E2406.00353
G0 F15000 X118.411 Y161.403
G1 F5400 X71.164 Y114.156 E2409.11483
G0 F15000 X71.164 Y114.722
G1 F5400 X117.846 Y161.403 E2412.18888
G0 F15000 X117.28 Y161.403
G1 F5400 X71.164 Y115.287 E2415.2257
G0 F15000 X71.164 Y115.853
G1 F5400 X116.714 Y161.403 E2418.22525
G0 F15000 X116.149 Y161.403
G1 F5400 X71.164 Y116.419 E2421.18755
G0 F15000 X71.164 Y116.984
G1 F5400 X115.583 Y161.403 E2424.11262
G0 F15000 X115.017 Y161.403
G1 F5400 X71.164 Y117.55 E2427.00041
G0 F15000 X71.164 Y118.116
G1 F5400 X114.452 Y161.403 E2429.85097
G0 F15000 X113.886 Y161.403
G1 F5400 X71.164 Y118.682 E2432.66425
G0 F15000 X71.164 Y119.247
G1 F5400 X113.32 Y161.403 E2435.4403
G0 F15000 X112.755 Y161.403
G1 F5400 X71.164 Y119.813 E2438.1791
G0 F15000 X71.164 Y120.379
G1 F5400 X112.189 Y161.403 E2440.88064
G0 F15000 X111.623 Y161.403
G1 F5400 X71.164 Y120.944 E2443.54493
G0 F15000 X71.164 Y121.51
G1 F5400 X111.057 Y161.403 E2446.17195
G0 F15000 X110.492 Y161.403
G1 F5400 X71.164 Y122.076 E2448.76174
G0 F15000 X71.164 Y122.641
G1 F5400 X109.926 Y161.403 E2451.31428
G0 F15000 X109.36 Y161.403
G1 F5400 X71.164 Y123.207 E2453.82955
G0 F15000 X71.164 Y123.773
G1 F5400 X108.795 Y161.403 E2456.30759
G0 F15000 X108.229 Y161.403
G1 F5400 X71.164 Y124.338 E2458.74838
G0 F15000 X71.164 Y124.904
G1 F5400 X107.663 Y161.403 E2461.1519
G0 F15000 X107.098 Y161.403
G1 F5400 X71.164 Y125.47 E2463.51818
G0 F15000 X71.164 Y126.035
G1 F5400 X106.532 Y161.403 E2465.84723
G0 F15000 X105.966 Y161.403
G1 F5400 X71.164 Y126.601 E2468.139
G0 F15000 X71.164 Y127.167
G1 F5400 X105.401 Y161.403 E2470.39353
G0 F15000 X104.835 Y161.403
G1 F5400 X71.164 Y127.732 E2472.61082
G0 F15000 X71.164 Y128.298
G1 F5400 X104.269 Y161.403 E2474.79084
G0 F15000 X103.704 Y161.403
G1 F5400 X71.164 Y128.864 E2476.93362
G0 F15000 X71.164 Y129.43
G1 F5400 X103.138 Y161.403 E2479.03913
G0 F15000 X102.572 Y161.403
G1 F5400 X71.164 Y129.995 E2481.1074
G0 F15000 X71.164 Y130.561
G1 F5400 X102.007 Y161.403 E2483.13844
G0 F15000 X101.441 Y161.403
G1 F5400 X71.164 Y131.127 E2485.1322
G0 F15000 X71.164 Y131.692
G1 F5400 X100.875 Y161.403 E2487.08872
G0 F15000 X100.309 Y161.403
G1 F5400 X71.164 Y132.258 E2489.00796
G0 F15000 X71.164 Y132.824
G1 F5400 X99.744 Y161.403 E2490.88997
G0 F15000 X99.178 Y161.403
G1 F5400 X71.164 Y133.389 E2492.73474
G0 F15000 X71.164 Y133.955
G1 F5400 X98.612 Y161.403 E2494.54224
G0 F15000 X98.047 Y161.403
G1 F5400 X71.164 Y134.521 E2496.3125
G0 F15000 X71.164 Y135.086
G1 F5400 X97.481 Y161.403 E2498.04552
G0 F15000 X96.915 Y161.403
G1 F5400 X71.164 Y135.652 E2499.74126
G0 F15000 X71.164 Y136.218
G1 F5400 X96.35 Y161.403 E2501.39977
G0 F15000 X95.784 Y161.403
G1 F5400 X71.164 Y136.783 E2503.02104
G0 F15000 X71.164 Y137.349
G1 F5400 X95.218 Y161.403 E2504.60504
G0 F15000 X94.653 Y161.403
G1 F5400 X71.164 Y137.915 E2506.1518
G0 F15000 X71.164 Y138.48
G1 F5400 X94.087 Y161.403 E2507.66132
G0 F15000 X93.521 Y161.403
G1 F5400 X71.164 Y139.046 E2509.13356
G0 F15000 X71.164 Y139.612
G1 F5400 X92.956 Y161.403 E2510.56857
G0 F15000 X92.39 Y161.403
G1 F5400 X71.164 Y140.178 E2511.96631
G0 F15000 X71.164 Y140.743
G1 F5400 X91.824 Y161.403 E2513.3268
G0 F15000 X91.258 Y161.403
G1 F5400 X71.164 Y141.309 E2514.65003
G0 F15000 X71.164 Y141.875
G1 F5400 X90.693 Y161.403 E2515.93601
G0 F15000 X90.127 Y161.403
G1 F5400 X71.164 Y142.44 E2517.18476
G0 F15000 X71.164 Y143.006
G1 F5400 X89.561 Y161.403 E2518.39623
G0 F15000 X88.996 Y161.403
G1 F5400 X71.164 Y143.572 E2519.57047
G0 F15000 X71.164 Y144.137
G1 F5400 X88.43 Y161.403 E2520.70746
G0 F15000 X87.864 Y161.403
G1 F5400 X71.164 Y144.703 E2521.80718
G0 F15000 X71.164 Y145.269
G1 F5400 X87.299 Y161.403 E2522.86967
G0 F15000 X86.733 Y161.403
G1 F5400 X71.164 Y145.834 E2523.89491
G0 F15000 X71.164 Y146.4
G1 F5400 X86.167 Y161.403 E2524.88289
G0 F15000 X85.602 Y161.403
G1 F5400 X71.164 Y146.966 E2525.83362
G0 F15000 X71.164 Y147.531
G1 F5400 X85.036 Y161.403 E2526.74712
G0 F15000 X84.47 Y161.403
G1 F5400 X71.164 Y148.097 E2527.62334
G0 F15000 X71.164 Y148.663
G1 F5400 X83.905 Y161.403 E2528.46232
G0 F15000 X83.339 Y161.403
G1 F5400 X71.164 Y149.229 E2529.26403
G0 F15000 X71.164 Y149.794
G1 F5400 X82.773 Y161.403 E2530.02851
G0 F15000 X82.208 Y161.403
G1 F5400 X71.164 Y150.36 E2530.75574
G0 F15000 X71.164 Y150.926
G1 F5400 X81.642 Y161.403 E2531.4457
G0 F15000 X81.076 Y161.403
G1 F5400 X71.164 Y151.491 E2532.09842
G0 F15000 X71.164 Y152.057
G1 F5400 X80.51 Y161.403 E2532.71387
G0 F15000 X79.945 Y161.403
G1 F5400 X71.164 Y152.623 E2533.29208
G0 F15000 X71.164 Y153.188
G1 F5400 X79.379 Y161.403 E2533.83306
G0 F15000 X78.813 Y161.403
G1 F5400 X71.164 Y153.754 E2534.33676
G0 F15000 X71.164 Y154.32
G1 F5400 X78.248 Y161.403 E2534.80322
G0 F15000 X77.682 Y161.403
G1 F5400 X71.164 Y154.885 E2535.23244
G0 F15000 X71.164 Y155.451
G1 F5400 X77.116 Y161.403 E2535.62439
G0 F15000 X76.551 Y161.403
G1 F5400 X71.164 Y156.017 E2535.9791
G0 F15000 X71.164 Y156.582
G1 F5400 X75.985 Y161.403 E2536.29657
G0 F15000 X75.419 Y161.403
G1 F5400 X71.164 Y157.148 E2536.57677
G0 F15000 X71.164 Y157.714
G1 F5400 X74.854 Y161.403 E2536.81973
G0 F15000 X74.288 Y161.403
G1 F5400 X71.164 Y158.279 E2537.02545
G0 F15000 X71.164 Y158.845
G1 F5400 X73.722 Y161.403 E2537.1939
G0 F15000 X73.157 Y161.403
G1 F5400 X71.164 Y159.411 E2537.32511
G0 F15000 X71.164 Y159.977
G1 F5400 X72.591 Y161.403 E2537.41904
G0 F15000 X72.025 Y161.403
G1 F5400 X71.164 Y160.542 E2537.47574
G0 F15000 X71.164 Y161.108
G1 F5400 X71.46 Y161.403 E2537.4952
G1 F2400 E2534.4952
G0 F15000 X71.46 Y161.864
G0 X92.715 Y161.764
G0 X92.857 Y123.969
G0 X92.631 Y124.309
G1 F2400 E2537.4952
G1 F5400 X129.725 Y161.403 E2539.9379
G0 F15000 X130.291 Y161.403
G1 F5400 X93.233 Y124.345 E2542.37824
G0 F15000 X93.798 Y124.345
G1 F5400 X130.856 Y161.403 E2544.81857
G0 F15000 X131.422 Y161.403
G1 F5400 X94.364 Y124.345 E2547.2589
G0 F15000 X94.93 Y124.345
G1 F5400 X131.988 Y161.403 E2549.69923
G0 F15000 X132.554 Y161.403
G1 F5400 X95.495 Y124.345 E2552.1396
G0 F15000 X96.061 Y124.345
G1 F5400 X133.119 Y161.403 E2554.57993
G0 F15000 X133.685 Y161.403
G1 F5400 X96.627 Y124.345 E2557.02027
G0 F15000 X97.193 Y124.345
G1 F5400 X134.251 Y161.403 E2559.4606
G0 F15000 X134.816 Y161.403
G1 F5400 X97.758 Y124.345 E2561.90093
G0 F15000 X98.324 Y124.345
G1 F5400 X135.382 Y161.403 E2564.34126
G0 F15000 X135.948 Y161.403
G1 F5400 X98.89 Y124.345 E2566.7816
G0 F15000 X99.455 Y124.345
G1 F5400 X136.513 Y161.403 E2569.22193
G0 F15000 X137.079 Y161.403
G1 F5400 X100.021 Y124.345 E2571.66226
G0 F15000 X100.587 Y124.345
G1 F5400 X137.645 Y161.403 E2574.10259
G0 F15000 X138.21 Y161.403
G1 F5400 X101.152 Y124.345 E2576.54293
G0 F15000 X101.718 Y124.345
G1 F5400 X138.776 Y161.403 E2578.98326
G0 F15000 X139.342 Y161.403
G1 F5400 X102.284 Y124.345 E2581.42359
G0 F15000 X102.849 Y124.345
G1 F5400 X139.907 Y161.403 E2583.86392
G0 F15000 X140.473 Y161.403
G1 F5400 X103.415 Y124.345 E2586.30426
G0 F15000 X103.981 Y124.345
G1 F5400 X141.039 Y161.403 E2588.74459
G0 F15000 X141.604 Y161.403
G1 F5400 X104.546 Y124.345 E2591.18492
G0 F15000 X105.112 Y124.345
G1 F5400 X142.17 Y161.403 E2593.62525
G0 F15000 X142.736 Y161.403
G1 F5400 X105.678 Y124.345 E2596.06559
G0 F15000 X106.244 Y124.345
G1 F5400 X143.302 Y161.403 E2598.50592
G0 F15000 X143.867 Y161.403
G1 F5400 X106.809 Y124.345 E2600.94625
G0 F15000 X107.375 Y124.345
G1 F5400 X144.433 Y161.403 E2603.38658
G0 F15000 X144.999 Y161.403
G1 F5400 X107.941 Y124.345 E2605.82692
G0 F15000 X108.506 Y124.345
G1 F5400 X145.564 Y161.403 E2608.26725
G0 F15000 X146.13 Y161.403
G1 F5400 X109.072 Y124.345 E2610.70758
G0 F15000 X109.638 Y124.345
G1 F5400 X146.696 Y161.403 E2613.14792
G0 F15000 X147.261 Y161.403
G1 F5400 X110.203 Y124.345 E2615.58825
G0 F15000 X110.768 Y124.345
G1 F5400 X147.827 Y161.403 E2618.02861
G0 F15000 X148.393 Y161.403
G1 F5400 X111.334 Y124.345 E2620.46898
G0 F15000 X111.9 Y124.345
G1 F5400 X148.832 Y161.277 E2622.90101
G0 F15000 X148.832 Y160.711
G1 F5400 X112.465 Y124.345 E2625.29581
G0 F15000 X113.031 Y124.345
G1 F5400 X148.832 Y160.146 E2627.65337
G0 F15000 X148.832 Y159.58
G1 F5400 X113.597 Y124.345 E2629.97365
G0 F15000 X114.162 Y124.345
G1 F5400 X148.832 Y159.014 E2632.2567
G0 F15000 X148.832 Y158.448
G1 F5400 X114.728 Y124.345 E2634.50247
G0 F15000 X115.294 Y124.345
G1 F5400 X148.832 Y157.883 E2636.71101
G0 F15000 X148.832 Y157.317
G1 F5400 X115.859 Y124.345 E2638.8823
G0 F15000 X116.425 Y124.345
G1 F5400 X148.832 Y156.751 E2641.01632
G0 F15000 X148.832 Y156.186
G1 F5400 X116.991 Y124.345 E2643.11311
G0 F15000 X117.557 Y124.345
G1 F5400 X148.832 Y155.62 E2645.17262
G0 F15000 X148.832 Y155.054
G1 F5400 X118.122 Y124.345 E2647.19489
G0 F15000 X118.688 Y124.345
G1 F5400 X148.832 Y154.489 E2649.17993
G0 F15000 X148.832 Y153.923
G1 F5400 X119.254 Y124.345 E2651.12769
G0 F15000 X119.819 Y124.345
G1 F5400 X148.832 Y153.357 E2653.03821
G0 F15000 X148.832 Y152.792
G1 F5400 X120.385 Y124.345 E2654.9115
G0 F15000 X120.951 Y124.345
G1 F5400 X148.832 Y152.226 E2656.74751
G0 F15000 X148.832 Y151.66
G1 F5400 X121.516 Y124.345 E2658.54628
G0 F15000 X122.082 Y124.345
G1 F5400 X148.832 Y151.095 E2660.30781
G0 F15000 X148.832 Y150.529
G1 F5400 X122.648 Y124.345 E2662.03207
G0 F15000 X123.213 Y124.345
G1 F5400 X148.832 Y149.963 E2663.7191
G0 F15000 X148.832 Y149.398
G1 F5400 X123.779 Y124.345 E2665.36888
G0 F15000 X124.345 Y124.345
G1 F5400 X148.832 Y148.832 E2666.98139
G0 F15000 X148.832 Y148.266
G1 F5400 X124.91 Y124.345 E2668.55666
G0 F15000 X125.476 Y124.345
G1 F5400 X148.832 Y147.7 E2670.09466
G0 F15000 X148.832 Y147.135
G1 F5400 X126.042 Y124.345 E2671.59542
G0 F15000 X126.607 Y124.345
G1 F5400 X148.832 Y146.569 E2673.05894
G0 F15000 X148.832 Y146.003
G1 F5400 X127.135 Y124.307 E2674.48769
G0 F15000 X127.534 Y124.14
G1 F5400 X148.832 Y145.438 E2675.8902
G0 F15000 X148.832 Y144.872
G1 F5400 X127.825 Y123.865 E2677.27355
G0 F15000 X127.991 Y123.465
G1 F5400 X148.832 Y144.306 E2678.64597
G0 F15000 X148.832 Y143.741
G1 F5400 X128.039 Y122.948 E2680.01522
G0 F15000 X128.039 Y122.383
G1 F5400 X148.832 Y143.175 E2681.38444
G0 F15000 X148.832 Y142.609
G1 F5400 X128.039 Y121.817 E2682.75366
G0 F15000 X128.039 Y121.251
G1 F5400 X148.832 Y142.044 E2684.12292
G0 F15000 X148.832 Y141.478
G1 F5400 X128.039 Y120.685 E2685.49217
G0 F15000 X128.039 Y120.12
G1 F5400 X148.832 Y140.912 E2686.86139
G0 F15000 X148.832 Y140.347
G1 F5400 X128.039 Y119.554 E2688.23065
G0 F15000 X128.039 Y118.988
G1 F5400 X148.832 Y139.781 E2689.5999
G0 F15000 X148.832 Y139.215
G1 F5400 X128.039 Y118.423 E2690.96913
G0 F15000 X128.039 Y117.857
G1 F5400 X148.832 Y138.649 E2692.33835
G0 F15000 X148.832 Y138.084
G1 F5400 X128.039 Y117.291 E2693.7076
G0 F15000 X128.039 Y116.726
G1 F5400 X148.832 Y137.518 E2695.07682
G0 F15000 X148.832 Y136.952
G1 F5400 X128.04 Y116.161 E2696.44598
G0 F15000 X128.04 Y115.595
G1 F5400 X148.832 Y136.387 E2697.81517
G0 F15000 X148.832 Y135.821
G1 F5400 X128.04 Y115.029 E2699.18436
G0 F15000 X128.04 Y114.464
G1 F5400 X148.832 Y135.255 E2700.55351
G0 F15000 X148.832 Y134.69
G1 F5400 X128.04 Y113.898 E2701.9227
G0 F15000 X128.04 Y113.332
G1 F5400 X148.832 Y134.124 E2703.29189
G0 F15000 X148.832 Y133.558
G1 F5400 X128.04 Y112.767 E2704.66105
G0 F15000 X128.04 Y112.201
G1 F5400 X148.832 Y132.993 E2706.03023
G0 F15000 X148.832 Y132.427
G1 F5400 X128.04 Y111.635 E2707.39942
G0 F15000 X128.04 Y111.07
G1 F5400 X148.832 Y131.861 E2708.76858
G0 F15000 X148.832 Y131.296
G1 F5400 X128.04 Y110.504 E2710.13777
G0 F15000 X128.041 Y109.939
G1 F5400 X148.832 Y130.73 E2711.50689
G0 F15000 X148.832 Y130.164
G1 F5400 X128.041 Y109.373 E2712.87601
G0 F15000 X128.041 Y108.807
G1 F5400 X148.832 Y129.599 E2714.24517
G0 F15000 X148.832 Y129.033
G1 F5400 X128.041 Y108.242 E2715.61429
G0 F15000 X128.041 Y107.676
G1 F5400 X148.832 Y128.467 E2716.98341
G0 F15000 X148.832 Y127.901
G1 F5400 X128.041 Y107.11 E2718.35254
G0 F15000 X128.041 Y106.545
G1 F5400 X148.832 Y127.336 E2719.72166
G0 F15000 X148.832 Y126.77
G1 F5400 X128.041 Y105.979 E2721.09078
G0 F15000 X128.041 Y105.413
G1 F5400 X148.832 Y126.204 E2722.45991
G0 F15000 X148.832 Y125.639
G1 F5400 X128.041 Y104.848 E2723.82903
G0 F15000 X128.041 Y104.282
G1 F5400 X148.832 Y125.073 E2725.19815
G0 F15000 X148.832 Y124.507
G1 F5400 X128.041 Y103.716 E2726.56727
G0 F15000 X128.041 Y103.151
G1 F5400 X148.832 Y123.942 E2727.9364
G0 F15000 X148.832 Y123.376
G1 F5400 X128.041 Y102.586 E2729.30549
G0 F15000 X128.041 Y102.02
G1 F5400 X148.832 Y122.81 E2730.67458
G0 F15000 X148.832 Y122.245
G1 F5400 X128.041 Y101.454 E2732.0437
G0 F15000 X128.041 Y100.889
G1 F5400 X148.832 Y121.679 E2733.41279
G0 F15000 X148.832 Y121.113
G1 F5400 X128.041 Y100.323 E2734.78188
G0 F15000 X128.041 Y99.757
G1 F5400 X148.832 Y120.548 E2736.151
G0 F15000 X148.832 Y119.982
G1 F5400 X128.041 Y99.192 E2737.52009
G0 F15000 X128.041 Y98.626
G1 F5400 X148.832 Y119.416 E2738.88918
G0 F15000 X148.832 Y118.851
G1 F5400 X128.041 Y98.06 E2740.25831
G0 F15000 X128.041 Y97.494
G1 F5400 X148.832 Y118.285 E2741.62743
G0 F15000 X148.832 Y117.719
G1 F5400 X128.041 Y96.929 E2742.99652
G0 F15000 X128.042 Y96.364
G1 F5400 X148.832 Y117.153 E2744.36554
G0 F15000 X148.832 Y116.588
G1 F5400 X128.042 Y95.798 E2745.7346
G0 F15000 X128.042 Y95.232
G1 F5400 X148.832 Y116.022 E2747.10366
G0 F15000 X148.832 Y115.456
G1 F5400 X128.042 Y94.667 E2748.47268
G0 F15000 X128.042 Y94.101
G1 F5400 X148.832 Y114.891 E2749.84174
G0 F15000 X148.832 Y114.325
G1 F5400 X128.042 Y93.535 E2751.21079
G0 F15000 X128.042 Y92.97
G1 F5400 X148.832 Y113.759 E2752.57982
G0 F15000 X148.832 Y113.194
G1 F5400 X128.042 Y92.404 E2753.94888
G0 F15000 X128.042 Y91.838
G1 F5400 X148.832 Y112.628 E2755.31793
G0 F15000 X148.832 Y112.062
G1 F5400 X128.042 Y91.273 E2756.68696
G0 F15000 X128.042 Y90.707
G1 F5400 X148.832 Y111.497 E2758.05601
G0 F15000 X148.832 Y110.931
G1 F5400 X128.042 Y90.141 E2759.42507
G1 F2400 E2756.42507
G0 F15000 X127.589 Y90.169
G0 X127.115 Y89.44
G0 X126.673 Y77.65
G0 X125.634 Y76.419
G1 F2400 E2759.42507
G1 F5400 X121.834 Y72.62 E2759.67527
G0 F15000 X121.628 Y71.848
G1 F5400 X125.383 Y75.603 E2759.92255
G0 F15000 X125.243 Y74.897
G1 F5400 X121.334 Y70.988 E2760.17996
G1 F2400 E2757.17996
G0 F15000 X120.927 Y71.204
G0 X120.134 Y69.869
G0 X120.49 Y69.579
G1 F2400 E2760.17996
G1 F5400 X125.177 Y74.265 E2760.48858
G0 F15000 X125.159 Y73.681
G1 F5400 X110.07 Y58.592 E2761.48221
G0 F15000 X110.635 Y58.592
G1 F5400 X125.212 Y73.169 E2762.44213
G0 F15000 X125.266 Y72.657
G1 F5400 X111.201 Y58.592 E2763.36834
G0 F15000 X111.767 Y58.592
G1 F5400 X125.37 Y72.196 E2764.26415
G0 F15000 X125.502 Y71.761
G1 F5400 X112.332 Y58.592 E2765.13138
G0 F15000 X112.898 Y58.592
G1 F5400 X125.633 Y71.327 E2765.97001
G0 F15000 X125.801 Y70.929
G1 F5400 X113.464 Y58.592 E2766.78242
G0 F15000 X114.029 Y58.592
G1 F5400 X125.999 Y70.561 E2767.57063
G0 F15000 X126.197 Y70.194
G1 F5400 X114.595 Y58.592 E2768.33464
G0 F15000 X115.161 Y58.592
G1 F5400 X126.405 Y69.836 E2769.07508
G0 F15000 X126.659 Y69.525
G1 F5400 X115.727 Y58.592 E2769.795
G0 F15000 X116.292 Y58.592
G1 F5400 X126.914 Y69.214 E2770.49448
G0 F15000 X127.167 Y68.902
G1 F5400 X116.858 Y58.592 E2771.17338
G0 F15000 X117.424 Y58.592
G1 F5400 X127.462 Y68.63 E2771.8344
G0 F15000 X127.773 Y68.376
G1 F5400 X117.989 Y58.592 E2772.47869
G0 F15000 X118.555 Y58.592
G1 F5400 X128.083 Y68.121 E2773.10616
G0 F15000 X128.406 Y67.878
G1 F5400 X119.121 Y58.592 E2773.71762
G0 F15000 X119.686 Y58.592
G1 F5400 X128.775 Y67.681 E2774.31615
G0 F15000 X129.142 Y67.483
G1 F5400 X120.252 Y58.592 E2774.9016
G0 F15000 X120.818 Y58.592
G1 F5400 X129.511 Y67.285 E2775.47405
G0 F15000 X129.936 Y67.145
G1 F5400 X121.383 Y58.592 E2776.03728
G0 F15000 X121.949 Y58.592
G1 F5400 X130.37 Y67.013 E2776.59182
G0 F15000 X130.804 Y66.882
G1 F5400 X122.515 Y58.592 E2777.1377
G0 F15000 X123.08 Y58.592
G1 F5400 X131.296 Y66.808 E2777.67874
G0 F15000 X131.811 Y66.757
G1 F5400 X123.646 Y58.592 E2778.21642
G0 F15000 X124.212 Y58.592
G1 F5400 X132.331 Y66.711 E2778.75107
G0 F15000 X132.957 Y66.772
G1 F5400 X124.777 Y58.592 E2779.28973
G0 F15000 X125.343 Y58.592
G1 F5400 X133.584 Y66.834 E2779.83245
G0 F15000 X134.363 Y67.046
G1 F5400 X125.909 Y58.592 E2780.38916
G0 F15000 X126.475 Y58.592
G1 F5400 X135.239 Y67.357 E2780.96632
G1 F2400 E2777.96632
G0 F15000 X135.021 Y67.764
G0 X136.077 Y68.238
G0 X143.311 Y64.616
G0 X144.586 Y65.39
G1 F2400 E2780.96632
G1 F5400 X148.832 Y69.636 E2781.24592
G0 F15000 X148.832 Y69.07
G1 F5400 X145.097 Y65.335 E2781.49188
G0 F15000 X145.534 Y65.207
G1 F5400 X148.832 Y68.505 E2781.70906
G0 F15000 X148.832 Y67.939
G1 F5400 X145.924 Y65.031 E2781.90055
G0 F15000 X146.263 Y64.804
G1 F5400 X148.832 Y67.373 E2782.06973
G0 F15000 X148.832 Y66.807
G1 F5400 X146.559 Y64.535 E2782.21938
G0 F15000 X146.822 Y64.231
G1 F5400 X148.832 Y66.242 E2782.35177
G0 F15000 X148.832 Y65.676
G1 F5400 X147.027 Y63.872 E2782.4706
G0 F15000 X147.19 Y63.468
G1 F5400 X148.832 Y65.11 E2782.57873
G0 F15000 X148.832 Y64.545
G1 F5400 X147.292 Y63.005 E2782.68014
G0 F15000 X147.308 Y62.455
G1 F5400 X148.832 Y63.979 E2782.7805
G0 F15000 X148.832 Y63.413
G1 F5400 X147.154 Y61.735 E2782.891
G1 F2400 E2779.891
G0 F15000 X146.719 Y61.868
G0 X145.722 Y60.988
G0 X144.993 Y60.687
G0 X144.211 Y60.687
G0 X143.484 Y60.988
G0 X142.928 Y61.544
G0 X142.758 Y61.956
G0 X142.298 Y63.114
G0 X119.594 Y69.083
G0 X119.095 Y68.183
G1 F2400 E2782.891
G1 F5400 X109.504 Y58.592 E2783.52258
G0 F15000 X108.938 Y58.592
G1 F5400 X117.675 Y67.329 E2784.09793
G0 F15000 X116.816 Y67.036
G1 F5400 X108.373 Y58.592 E2784.65395
G0 F15000 X107.807 Y58.592
G1 F5400 X116.045 Y66.831 E2785.19647
G0 F15000 X115.419 Y66.77
G1 F5400 X107.241 Y58.592 E2785.735
G0 F15000 X106.676 Y58.592
G1 F5400 X114.792 Y66.709 E2786.26949
G0 F15000 X114.277 Y66.759
G1 F5400 X106.11 Y58.592 E2786.8073
G0 F15000 X105.544 Y58.592
G1 F5400 X113.762 Y66.81 E2787.34847
G0 F15000 X113.274 Y66.887
G1 F5400 X104.978 Y58.592 E2787.89474
G0 F15000 X104.413 Y58.592
G1 F5400 X112.839 Y67.019 E2788.44964
G0 F15000 X112.405 Y67.15
G1 F5400 X103.847 Y58.592 E2789.0132
G0 F15000 X103.281 Y58.592
G1 F5400 X111.983 Y67.294 E2789.58624
G0 F15000 X111.615 Y67.492
G1 F5400 X102.716 Y58.592 E2790.17229
G0 F15000 X102.15 Y58.592
G1 F5400 X111.248 Y67.69 E2790.77141
G0 F15000 X110.88 Y67.888
G1 F5400 X101.584 Y58.592 E2791.38356
G0 F15000 X101.019 Y58.592
G1 F5400 X110.56 Y68.133 E2792.01185
G0 F15000 X110.249 Y68.388
G1 F5400 X100.453 Y58.592 E2792.65694
G0 F15000 X99.887 Y58.592
G1 F5400 X109.937 Y68.642 E2793.31875
G0 F15000 X109.645 Y68.916
G1 F5400 X99.322 Y58.592 E2793.99857
G0 F15000 X98.756 Y58.592
G1 F5400 X109.392 Y69.228 E2794.69897
G0 F15000 X109.138 Y69.54
G1 F5400 X98.19 Y58.592 E2795.41991
G0 F15000 X97.625 Y58.592
G1 F5400 X108.883 Y69.851 E2796.1613
G0 F15000 X108.677 Y70.211
G1 F5400 X97.059 Y58.592 E2796.9264
G0 F15000 X96.493 Y58.592
G1 F5400 X108.479 Y70.578 E2797.7157
G0 F15000 X108.281 Y70.946
G1 F5400 X95.928 Y58.592 E2798.5292
G0 F15000 X95.362 Y58.592
G1 F5400 X108.115 Y71.346 E2799.36904
G0 F15000 X107.982 Y71.778
G1 F5400 X94.796 Y58.592 E2800.23736
G0 F15000 X94.23 Y58.592
G1 F5400 X107.849 Y72.211 E2801.13419
G0 F15000 X107.746 Y72.674
G1 F5400 X93.665 Y58.592 E2802.06148
G0 F15000 X93.099 Y58.592
G1 F5400 X107.695 Y73.188 E2803.02265
G0 F15000 X107.644 Y73.702
G1 F5400 X92.533 Y58.592 E2804.01771
G0 F15000 X91.968 Y58.592
G1 F5400 X107.667 Y74.291 E2805.05151
G0 F15000 X107.728 Y74.918
G1 F5400 X91.402 Y58.592 E2806.12661
G0 F15000 X90.836 Y58.592
G1 F5400 X107.878 Y75.634 E2807.24885
G0 F15000 X108.128 Y76.45
G1 F5400 X103.713 Y72.035 E2807.53959
G0 F15000 X103.308 Y72.245
G0 X103.67 Y73.132
G0 X104.107 Y72.995
G1 F5400 X108.69 Y77.577 E2807.84135
G1 F2400 E2804.84135
G0 F15000 X109.095 Y77.363
G0 X108.14 Y75.189
G0 X103.593 Y72.621
G0 X102.356 Y70.677
G1 F2400 E2807.84135
G1 F5400 X90.271 Y58.592 E2808.63717
G0 F15000 X89.705 Y58.592
G1 F5400 X101.415 Y70.302 E2809.40829
G0 F15000 X100.748 Y70.201
G1 F5400 X89.139 Y58.592 E2810.17277
G0 F15000 X88.574 Y58.592
G1 F5400 X100.198 Y70.217 E2810.93826
G0 F15000 X99.712 Y70.296
G1 F5400 X88.008 Y58.592 E2811.70899
G0 F15000 X87.442 Y58.592
G1 F5400 X99.276 Y70.426 E2812.48828
G0 F15000 X98.887 Y70.603
G1 F5400 X86.877 Y58.592 E2813.27919
G0 F15000 X86.311 Y58.592
G1 F5400 X98.52 Y70.802 E2814.08321
G0 F15000 X98.211 Y71.058
G1 F5400 X85.745 Y58.592 E2814.90411
G0 F15000 X85.179 Y58.592
G1 F5400 X97.914 Y71.327 E2815.74274
G0 F15000 X97.656 Y71.634
G1 F5400 X84.614 Y58.592 E2816.60157
G0 F15000 X84.048 Y58.592
G1 F5400 X97.424 Y71.969 E2817.48244
G0 F15000 X97.224 Y72.333
G1 F5400 X83.482 Y58.592 E2818.38734
G0 F15000 X82.917 Y58.592
G1 F5400 X97.078 Y72.754 E2819.3199
G0 F15000 X96.957 Y73.198
G1 F5400 X82.351 Y58.592 E2820.28173
G0 F15000 X81.785 Y58.592
G1 F5400 X96.902 Y73.709 E2821.27721
G0 F15000 X96.932 Y74.304
G1 F5400 X81.22 Y58.592 E2822.31187
G0 F15000 X80.654 Y58.592
G1 F5400 X97.106 Y75.045 E2823.3953
G1 F2400 E2820.3953
G0 F15000 X97.545 Y74.916
G0 X97.267 Y73.844
G0 X91.531 Y73.683
G0 X91.814 Y74.278
G1 F2400 E2823.3953
G1 F5400 X106.565 Y89.029 E2824.36667
G0 F15000 X106 Y89.029
G1 F5400 X91.607 Y74.637 E2825.31445
G0 F15000 X91.354 Y74.949
G1 F5400 X105.434 Y89.029 E2826.24164
G0 F15000 X104.868 Y89.029
G1 F5400 X91.017 Y75.177 E2827.15378
G0 F15000 X90.601 Y75.327
G1 F5400 X104.302 Y89.029 E2828.05605
G0 F15000 X103.737 Y89.029
G1 F5400 X90.069 Y75.361 E2828.95611
G1 F2400 E2825.95611
G0 F15000 X90.149 Y74.909
G0 X90.843 Y74.448
G0 X91.444 Y73.721
G0 X91.895 Y73.793
G1 F2400 E2828.95611
G1 F5400 X107.131 Y89.029 E2829.95943
G0 F15000 X107.697 Y89.029
G1 F5400 X91.808 Y73.14 E2831.00575
G1 F2400 E2828.00575
G0 F15000 X91.368 Y73.265
G0 X91.125 Y74.088
G0 X90.92 Y74.397
G0 X90.61 Y74.602
G0 X90.222 Y74.681
G0 X89.156 Y74.345
G0 X88.799 Y73.845
G0 X87.08 Y75.358
G0 X86.494 Y75.18
G1 F2400 E2831.00575
G1 F5400 X86.375 Y75.062 E2831.01355
G0 F15000 X86.179 Y75.431
G1 F5400 X85.619 Y74.871 E2831.05043
G0 F15000 X85.303 Y75.121
G1 F5400 X85.928 Y75.745 E2831.09155
G0 F15000 X85.776 Y76.16
G1 F5400 X84.913 Y75.296 E2831.14841
G0 F15000 X84.425 Y75.374
G1 F5400 X85.699 Y76.648 E2831.23231
G0 F15000 X85.959 Y77.473
G1 F5400 X83.649 Y75.164 E2831.38439
G1 F2400 E2828.38439
G0 F15000 X83.876 Y74.765
G0 X84.81 Y74.602
G0 X85.873 Y73.841
G0 X85.86 Y74.546
G1 F2400 E2831.38439
G1 F5400 X85.961 Y74.647 E2831.39104
G1 F2400 E2828.39104
;MESH:NONMESH
G0 F300 Z1.12
G0 F15000 X86.032 Y73.871
G0 X86.347 Y72.918
G0 X76.345 Y64.825
G0 X75.443 Y65.04
;TIME_ELAPSED:1716.146909
;LAYER:3
M106 S255
;TYPE:WALL-INNER
;MESH:lid.stl
G1 F2400 E2831.39104
G1 F5400 X74.984 Y64.996 E2831.41251
G1 X74.531 Y64.858 E2831.43457
G1 X74.119 Y64.641 E2831.45625
G1 X73.758 Y64.34 E2831.47813
G1 X73.465 Y63.984 E2831.4996
G1 X73.244 Y63.579 E2831.52109
G1 X73.103 Y63.117 E2831.54358
G1 X73.064 Y62.66 E2831.56494
G1 X73.103 Y62.202 E2831.58634
G1 X73.244 Y61.741 E2831.60879
G1 X73.466 Y61.336 E2831.63029
G1 X73.738 Y61.006 E2831.65021
G1 X74.115 Y60.681 E2831.67338
G1 X74.533 Y60.461 E2831.69538
G1 X74.996 Y60.324 E2831.71786
G1 X75.438 Y60.281 E2831.73854
G1 X75.9 Y60.324 E2831.76015
G1 X76.357 Y60.464 E2831.7824
G1 X76.76 Y60.678 E2831.80365
G1 X77.123 Y60.977 E2831.82555
G1 X77.421 Y61.34 E2831.84742
G1 X77.636 Y61.742 E2831.86864
G1 X77.777 Y62.2 E2831.89096
G1 X77.819 Y62.662 E2831.91256
G1 X77.774 Y63.117 E2831.93385
G1 X77.641 Y63.558 E2831.9553
G1 X77.419 Y63.978 E2831.97742
G1 X77.124 Y64.342 E2831.99924
G1 X76.779 Y64.625 E2832.02001
G1 X76.36 Y64.856 E2832.04229
G1 X75.919 Y64.989 E2832.06374
G1 X75.443 Y65.04 E2832.08603
G1 F2400 E2829.08603
G0 F15000 X76.422 Y65.022
G0 X83.661 Y72.684
G0 X84.351 Y74.82
G1 F2400 E2832.08603
G1 F5400 X83.877 Y74.67 E2832.10918
G1 X83.524 Y74.355 E2832.13121
G1 X83.356 Y73.93 E2832.15249
G1 X83.355 Y73.496 E2832.1727
G1 X83.512 Y73.105 E2832.19232
G1 X83.828 Y72.794 E2832.21297
G1 X84.205 Y72.636 E2832.232
G1 X84.602 Y72.631 E2832.25049
G1 X84.77 Y72.675 E2832.25858
G1 F5142.9 X85.209 Y72.901 E2832.28272
G1 F4705.9 X85.456 Y73.269 E2832.3064
G1 F4169.9 X85.617 Y73.647 E2832.33117
G1 F3857.1 X85.614 Y73.81 E2832.3418
G1 F4500 X85.406 Y74.239 E2832.36844
G1 F5400 X85.219 Y74.508 E2832.3837
G1 X84.893 Y74.73 E2832.40206
G1 X84.569 Y74.807 E2832.41757
G1 X84.351 Y74.82 E2832.42774
G1 F2400 E2829.42774
G0 F15000 X85.674 Y74.128
G0 X86.108 Y74.11
G0 X87.431 Y75.065
G0 X87.468 Y74.881
G1 F2400 E2832.42774
G1 F4227 X87.251 Y74.881 E2832.44065
G1 F4909.1 X86.698 Y74.617 E2832.47203
G1 F5320.2 X86.419 Y74.333 E2832.49085
G1 F5217.4 X86.286 Y74.043 E2832.50622
G1 F4408.2 X86.172 Y73.839 E2832.51955
G1 F4153.8 X86.173 Y73.597 E2832.5342
G1 F4615.4 X86.553 Y72.919 E2832.57655
G1 X86.892 Y72.694 E2832.59871
G1 F4186 X87.297 Y72.517 E2832.62526
G1 F3898.9 X87.415 Y72.517 E2832.63287
G1 F4390.2 X87.641 Y72.634 E2832.64745
G1 F5192.3 X87.991 Y72.774 E2832.6657
G1 F5400 X88.265 Y73.072 E2832.68455
G1 F4537.8 X88.524 Y73.596 E2832.71694
G1 F4194.2 X88.523 Y73.835 E2832.73127
G1 F4920.3 X88.245 Y74.35 E2832.76118
G1 F5400 X87.99 Y74.614 E2832.77827
G1 F4566.6 X87.468 Y74.881 E2832.81056
G1 F2400 E2829.81056
G0 F15000 X87.431 Y75.065
G0 X87.748 Y75.744
G0 X88.155 Y76.062
G0 X88.298 Y76.407
G0 X88.297 Y76.803
G0 X88.078 Y77.213
G0 X87.42 Y77.689
G1 F2400 E2832.81056
G1 F5400 X87.221 Y77.677 E2832.81984
G1 X86.871 Y77.573 E2832.83684
G1 X86.686 Y77.465 E2832.84681
G1 X86.474 Y77.252 E2832.86081
G1 X86.369 Y77.06 E2832.871
G1 X86.259 Y76.691 E2832.88893
G1 X86.267 Y76.476 E2832.89895
G1 X86.388 Y76.059 E2832.91916
G1 X86.489 Y75.915 E2832.92735
G1 X86.788 Y75.664 E2832.94553
G1 F4942.8 X87.199 Y75.426 E2832.96969
G1 F4235.3 X87.444 Y75.423 E2832.98424
G1 F4481.3 X87.709 Y75.561 E2833.001
G1 F5281.2 X88 Y75.69 E2833.01616
G1 F5400 X88.287 Y75.985 E2833.03532
G1 X88.445 Y76.385 E2833.05535
G1 X88.446 Y76.823 E2833.07575
G1 X88.185 Y77.345 E2833.10292
G1 X87.779 Y77.615 E2833.12562
G1 X87.42 Y77.689 E2833.14269
G1 F2400 E2830.14269
G0 F15000 X88.054 Y77.258
G0 X88.549 Y76.197
G0 X87.439 Y75.153
G0 X88.799 Y73.848
G0 X89.57 Y74.488
G0 X90.322 Y74.816
G1 F2400 E2833.14269
G1 F5400 X90.064 Y74.793 E2833.15475
G1 X89.728 Y74.684 E2833.1712
G1 X89.577 Y74.591 E2833.17946
G1 X89.339 Y74.35 E2833.19523
G1 F4518.8 X89.076 Y73.867 E2833.22583
G1 F3898.9 X89.076 Y73.602 E2833.24292
G1 F4537.8 X89.211 Y73.355 E2833.25852
G1 F5400 X89.34 Y73.085 E2833.27245
G1 X89.607 Y72.809 E2833.29034
G1 X89.993 Y72.638 E2833.30999
G1 X90.466 Y72.624 E2833.33203
G1 X90.919 Y72.857 E2833.35575
G1 X91.049 Y72.969 E2833.36374
G1 X91.27 Y73.29 E2833.38189
G1 X91.348 Y73.73 E2833.40269
G1 X91.276 Y74.093 E2833.41993
G1 X91.04 Y74.496 E2833.44167
G1 X90.66 Y74.743 E2833.46278
G1 X90.322 Y74.816 E2833.47888
G1 F2400 E2830.47888
G0 F15000 X89.726 Y74.53
G0 X87.4 Y72.241
G0 X87.415 Y71.967
G1 F2400 E2833.47888
G1 F3898.9 X87.297 Y71.967 E2833.48649
G1 F4390.2 X87.071 Y71.85 E2833.50106
G1 F5106.4 X86.745 Y71.717 E2833.5184
G1 F5294.1 X86.515 Y71.497 E2833.53352
G1 F5400 X86.381 Y71.291 E2833.54496
G1 X86.263 Y70.887 E2833.56456
G1 X86.266 Y70.682 E2833.57411
G1 X86.4 Y70.248 E2833.59526
G1 X86.502 Y70.095 E2833.60382
G1 X86.889 Y69.783 E2833.62697
G1 X87.307 Y69.693 E2833.64687
G1 X87.46 Y69.7 E2833.65401
G1 X87.884 Y69.829 E2833.67464
G1 X88.014 Y69.909 E2833.68175
G1 X88.283 Y70.185 E2833.6997
G1 X88.44 Y70.556 E2833.71846
G1 X88.451 Y71.024 E2833.74025
G1 X88.195 Y71.522 E2833.76633
G1 X87.87 Y71.76 E2833.78508
G1 F4528.3 X87.415 Y71.967 E2833.81284
G1 F2400 E2830.81284
G0 F15000 X87.421 Y72.136
G0 X88.8 Y73.635
G0 X89.711 Y72.923
G0 X90.056 Y72.78
G0 X90.451 Y72.781
G0 X90.906 Y73.024
G0 X91.454 Y74.167
G0 X97.517 Y75.104
G0 X100.552 Y76.956
G1 F2400 E2833.81284
G1 F5400 X99.948 Y76.896 E2833.8411
G1 X99.364 Y76.71 E2833.86964
G1 X98.828 Y76.43 E2833.8978
G1 X98.374 Y76.055 E2833.92522
G1 X97.976 Y75.574 E2833.95429
G1 X97.685 Y75.035 E2833.98281
G1 X97.511 Y74.451 E2834.01119
G1 X97.448 Y73.843 E2834.03965
G1 X97.514 Y73.232 E2834.06827
G1 X97.697 Y72.643 E2834.09699
G1 X97.976 Y72.124 E2834.12443
G1 X98.38 Y71.643 E2834.15367
G1 X98.834 Y71.268 E2834.18109
G1 X99.36 Y70.982 E2834.20897
G1 X99.95 Y70.807 E2834.23763
G1 X100.552 Y70.744 E2834.26581
G1 X101.154 Y70.807 E2834.294
G1 X101.734 Y70.982 E2834.32221
G1 X102.295 Y71.283 E2834.35185
G1 X102.747 Y71.658 E2834.3792
G1 X103.139 Y72.132 E2834.40784
G1 X103.423 Y72.683 E2834.43671
G1 X103.601 Y73.247 E2834.46425
G1 X103.656 Y73.851 E2834.49249
G1 X103.601 Y74.454 E2834.52068
G1 X103.419 Y75.028 E2834.54872
G1 X103.135 Y75.564 E2834.57697
G1 X102.744 Y76.046 E2834.60587
G1 X102.264 Y76.437 E2834.63469
G1 X101.744 Y76.712 E2834.66208
G1 X101.153 Y76.896 E2834.69091
G1 X100.552 Y76.956 E2834.71903
G1 F2400 E2831.71903
G0 F15000 X102.4 Y76.563
G0 X109.151 Y77.64
G0 X114.796 Y80.48
G1 F2400 E2834.71903
G1 F5400 X113.514 Y80.36 E2834.77899
G1 X112.267 Y79.981 E2834.83968
G1 X111.133 Y79.371 E2834.89963
G1 X110.126 Y78.544 E2834.96031
G1 X109.321 Y77.564 E2835.01937
G1 X108.704 Y76.417 E2835.08001
G1 X108.32 Y75.167 E2835.1409
G1 X108.192 Y73.873 E2835.20145
G1 X108.329 Y72.566 E2835.26264
G1 X108.71 Y71.33 E2835.32287
G1 X109.323 Y70.193 E2835.38302
G1 X110.132 Y69.21 E2835.4423
G1 X111.129 Y68.393 E2835.50232
G1 X112.271 Y67.777 E2835.56274
G1 X113.514 Y67.4 E2835.62322
G1 X114.796 Y67.276 E2835.68319
G1 X116.078 Y67.399 E2835.74316
G1 X117.326 Y67.78 E2835.80392
G1 X118.467 Y68.393 E2835.86423
G1 X119.462 Y69.212 E2835.92424
G1 X120.285 Y70.211 E2835.98451
G1 X120.894 Y71.352 E2836.04474
G1 X121.273 Y72.593 E2836.10516
G1 X121.403 Y73.88 E2836.16539
G1 X121.273 Y75.167 E2836.22562
G1 X120.899 Y76.41 E2836.28607
G1 X120.289 Y77.549 E2836.34623
G1 X119.468 Y78.542 E2836.40622
G1 X118.463 Y79.37 E2836.46686
G1 X117.331 Y79.98 E2836.52673
G1 X116.078 Y80.357 E2836.58766
G1 X114.796 Y80.48 E2836.64763
G1 F2400 E2833.64763
G0 F15000 X117.397 Y80.15
G0 X129.71 Y80.149
G0 X132.312 Y80.48
G1 F2400 E2836.64763
G1 F5400 X131.026 Y80.36 E2836.70777
G1 X129.779 Y79.981 E2836.76846
G1 X128.645 Y79.371 E2836.82842
G1 X127.636 Y78.542 E2836.88923
G1 X126.819 Y77.549 E2836.94911
G1 X126.214 Y76.413 E2837.00904
G1 X125.835 Y75.167 E2837.06968
G1 X125.705 Y73.882 E2837.12982
G1 X125.835 Y72.593 E2837.19015
G1 X126.21 Y71.347 E2837.25074
G1 X126.823 Y70.211 E2837.31084
G1 X127.642 Y69.212 E2837.37099
G1 X128.641 Y68.393 E2837.43115
G1 X129.783 Y67.777 E2837.49157
G1 X131.026 Y67.4 E2837.55205
G1 X132.308 Y67.276 E2837.61202
G1 X133.59 Y67.399 E2837.67199
G1 X134.838 Y67.78 E2837.73275
G1 X135.968 Y68.386 E2837.79246
G1 X136.953 Y69.192 E2837.85172
G1 X137.795 Y70.208 E2837.91317
G1 X138.403 Y71.344 E2837.97316
G1 X138.788 Y72.596 E2838.03416
G1 X138.916 Y73.88 E2838.09424
G1 X138.788 Y75.152 E2838.15377
G1 X138.407 Y76.411 E2838.21502
G1 X137.799 Y77.547 E2838.27502
G1 X136.976 Y78.546 E2838.33529
G1 X135.973 Y79.372 E2838.39579
G1 X134.849 Y79.974 E2838.45516
G1 X133.589 Y80.357 E2838.51648
G1 X132.312 Y80.48 E2838.57622
G1 F2400 E2835.57622
G0 F15000 X133.567 Y80.209
G0 X134.78 Y79.841
G0 X135.896 Y79.246
G0 X136.873 Y78.442
G0 X137.676 Y77.465
G0 X138.271 Y76.349
G0 X138.639 Y75.138
G0 X138.74 Y74.12
G0 X138.568 Y71.271
G0 X143.616 Y65.024
G0 X144.595 Y65.04
G1 F2400 E2838.57622
G1 F5400 X144.118 Y64.988 E2838.59856
G1 X143.683 Y64.855 E2838.61974
G1 X143.288 Y64.636 E2838.64077
G1 X142.921 Y64.339 E2838.66276
G1 X142.621 Y63.978 E2838.68461
G1 X142.401 Y63.549 E2838.70706
G1 X142.269 Y63.125 E2838.72774
G1 X142.22 Y62.659 E2838.74956
G1 X142.269 Y62.2 E2838.77105
G1 X142.406 Y61.751 E2838.79291
G1 X142.623 Y61.339 E2838.8146
G1 X142.924 Y60.978 E2838.83648
G1 X143.28 Y60.685 E2838.85795
G1 X143.687 Y60.463 E2838.87954
G1 X144.156 Y60.324 E2838.90232
G1 X144.598 Y60.281 E2838.923
G1 X145.059 Y60.323 E2838.94455
G1 X145.52 Y60.464 E2838.967
G1 X145.93 Y60.687 E2838.98873
G1 X146.3 Y61 E2839.0113
G1 X146.575 Y61.337 E2839.03155
G1 X146.799 Y61.752 E2839.05351
G1 X146.937 Y62.204 E2839.07552
G1 X146.976 Y62.66 E2839.09683
G1 X146.936 Y63.108 E2839.11777
G1 X146.8 Y63.566 E2839.14002
G1 X146.575 Y63.982 E2839.16204
G1 X146.286 Y64.34 E2839.18346
G1 X145.919 Y64.641 E2839.20557
G1 X145.514 Y64.858 E2839.22696
G1 X145.06 Y64.996 E2839.24906
G1 X144.595 Y65.04 E2839.2708
G1 F2400 E2836.2708
G0 F15000 X143.616 Y65.024
G0 X127.298 Y89.778
G0 X110 Y123.788
G1 F2400 E2839.2708
G1 F5400 X92.841 Y123.787 E2840.0698
G1 X92.582 Y123.705 E2840.08245
G1 X92.447 Y123.596 E2840.09053
G1 X92.324 Y123.396 E2840.10146
G1 X92.289 Y123.231 E2840.10932
G1 X92.289 Y90.149 E2841.64975
G1 X92.355 Y89.91 E2841.6613
G1 X92.463 Y89.763 E2841.66979
G1 X92.661 Y89.632 E2841.68085
G1 X92.835 Y89.59 E2841.68918
G1 X127.018 Y89.589 E2843.28089
G1 X127.266 Y89.721 E2843.29397
G1 X127.414 Y89.898 E2843.30471
G1 X127.482 Y90.097 E2843.3145
G1 X127.487 Y123.231 E2844.85736
G1 X127.379 Y123.535 E2844.87238
G1 X127.226 Y123.685 E2844.88236
G1 X126.913 Y123.788 E2844.8977
G1 X110 Y123.788 E2845.68524
G1 F2400 E2842.68524
G0 F15000 X110 Y161.764
G0 X110 Y161.964
G1 F2400 E2845.68524
G1 F5400 X149.388 Y161.964 E2847.51931
G1 X149.388 Y58.032 E2852.35882
G1 X70.609 Y58.033 E2856.0271
G1 X70.608 Y161.964 E2860.86657
G1 X110 Y161.964 E2862.70082
G0 F15000 X110 Y162.364
;TYPE:WALL-OUTER
G1 F5400 X149.788 Y162.364 E2864.55352
G1 X149.788 Y57.632 E2869.43028
G1 X70.209 Y57.633 E2873.13581
G1 X70.208 Y162.364 E2878.01253
G1 X110 Y162.364 E2879.86541
G1 F2400 E2876.86541
G0 F15000 X110 Y162.055
G0 X110 Y161.764
G0 X110 Y123.968
G0 X110 Y123.387
G1 F2400 E2879.86541
G1 F5400 X92.848 Y123.385 E2880.66408
G1 X92.776 Y123.355 E2880.66771
G1 X92.688 Y123.23 E2880.67483
G1 X92.689 Y90.116 E2882.21675
G1 X92.817 Y89.988 E2882.22518
G1 X126.922 Y89.99 E2883.81325
G1 X126.998 Y90.02 E2883.81706
G1 X127.088 Y90.134 E2883.82382
G1 X127.086 Y123.223 E2885.36458
G1 X126.992 Y123.36 E2885.37232
G1 X126.905 Y123.388 E2885.37658
G1 X110 Y123.387 E2886.16374
G1 F2400 E2883.16374
G0 F15000 X110 Y123.698
G0 X127.326 Y123.626
G0 X127.326 Y89.75
G0 X114.744 Y89.409
G0 X114.796 Y80.66
G0 X114.776 Y80.08
G1 F2400 E2886.16374
G1 F5400 X113.612 Y79.968 E2886.21819
G1 X112.405 Y79.601 E2886.27694
G1 X111.356 Y79.039 E2886.33235
G1 X110.41 Y78.262 E2886.38936
G1 X109.645 Y77.33 E2886.4455
G1 X109.064 Y76.239 E2886.50306
G1 X108.712 Y75.068 E2886.55999
G1 X108.596 Y73.86 E2886.6165
G1 X108.72 Y72.653 E2886.673
G1 X109.079 Y71.485 E2886.7299
G1 X109.646 Y70.429 E2886.78571
G1 X110.414 Y69.494 E2886.84205
G1 X111.352 Y68.725 E2886.89853
G1 X112.441 Y68.144 E2886.95601
G1 X113.612 Y67.792 E2887.01294
G1 X114.816 Y67.68 E2887.06925
G1 X115.984 Y67.792 E2887.12388
G1 X117.187 Y68.159 E2887.18245
G1 X118.244 Y68.725 E2887.23828
G1 X119.178 Y69.494 E2887.29462
G1 X119.954 Y70.435 E2887.35141
G1 X120.525 Y71.506 E2887.40792
G1 X120.881 Y72.672 E2887.46469
G1 X121 Y73.898 E2887.52205
G1 X120.881 Y75.088 E2887.57774
G1 X120.517 Y76.275 E2887.63555
G1 X119.954 Y77.325 E2887.69103
G1 X119.183 Y78.261 E2887.74749
G1 X118.223 Y79.049 E2887.80532
G1 X117.191 Y79.601 E2887.85982
G1 X115.984 Y79.964 E2887.91851
G1 X114.776 Y80.08 E2887.97502
G1 F2400 E2884.97502
G0 F15000 X114.746 Y80.388
G0 X113.542 Y80.209
G0 X112.33 Y79.841
G0 X111.426 Y79.359
G0 X109.151 Y77.64
G0 X102.4 Y76.563
G0 X100.532 Y76.552
G1 F2400 E2887.97502
G1 F5400 X100.048 Y76.504 E2887.99767
G1 X99.518 Y76.341 E2888.02349
G1 X99.053 Y76.095 E2888.04798
G1 X98.633 Y75.748 E2888.07335
G1 X98.295 Y75.331 E2888.09835
G1 X98.055 Y74.876 E2888.1223
G1 X97.903 Y74.372 E2888.14681
G1 X97.852 Y73.828 E2888.17225
G1 X97.908 Y73.305 E2888.19675
G1 X98.061 Y72.809 E2888.22092
G1 X98.306 Y72.35 E2888.24514
G1 X98.652 Y71.937 E2888.27023
G1 X99.056 Y71.601 E2888.2947
G1 X99.497 Y71.363 E2888.31803
G1 X100.028 Y71.199 E2888.34391
G1 X100.572 Y71.148 E2888.36935
G1 X101.076 Y71.199 E2888.39294
G1 X101.607 Y71.363 E2888.41882
G1 X102.059 Y71.606 E2888.44271
G1 X102.474 Y71.956 E2888.46799
G1 X102.802 Y72.353 E2888.49197
G1 X103.048 Y72.822 E2888.51663
G1 X103.208 Y73.344 E2888.54206
G1 X103.256 Y73.868 E2888.56656
G1 X103.208 Y74.356 E2888.58939
G1 X103.047 Y74.882 E2888.615
G1 X102.8 Y75.346 E2888.63948
G1 X102.444 Y75.775 E2888.66544
G1 X102.061 Y76.091 E2888.68856
G1 X101.601 Y76.336 E2888.71283
G1 X101.056 Y76.504 E2888.73938
G1 X100.532 Y76.552 E2888.76389
G1 F2400 E2885.76389
G0 F15000 X100.502 Y76.857
G0 X99.424 Y76.576
G0 X99.012 Y76.356
G0 X97.517 Y75.104
G0 X91.454 Y74.167
G0 X90.21 Y74.418
G1 F2400 E2888.76389
G1 F5400 X89.854 Y74.3 E2888.78135
G1 X89.662 Y74.114 E2888.7938
G1 X89.552 Y73.831 E2888.80794
G1 X89.566 Y73.545 E2888.82127
G1 X89.662 Y73.321 E2888.83262
G1 X89.863 Y73.13 E2888.84553
G1 X90.109 Y73.031 E2888.85788
G1 X90.388 Y73.03 E2888.87087
G1 X90.738 Y73.213 E2888.88926
G1 X90.898 Y73.471 E2888.90339
G1 X90.94 Y73.703 E2888.91437
G1 X90.895 Y73.97 E2888.92698
G1 X90.738 Y74.214 E2888.94049
G1 X90.491 Y74.372 E2888.95414
G1 X90.21 Y74.418 E2888.9674
G1 F2400 E2885.9674
G0 F15000 X90.119 Y74.714
G0 X89.012 Y74.105
G0 X88.799 Y73.848
G0 X87.482 Y75.029
G0 X87.481 Y74.404
G1 F2400 E2888.9674
G1 F5400 X87.226 Y74.408 E2888.97928
G1 X86.954 Y74.3 E2888.99291
G1 X86.765 Y74.118 E2889.00512
G1 X86.659 Y73.872 E2889.0176
G1 X86.651 Y73.577 E2889.03134
G1 X86.847 Y73.208 E2889.05079
G1 X87.093 Y73.046 E2889.06451
G1 X87.367 Y72.986 E2889.07757
G1 X87.729 Y73.098 E2889.09521
G1 X87.937 Y73.301 E2889.10875
G1 X88.036 Y73.526 E2889.12019
G1 X88.048 Y73.837 E2889.13469
G1 X87.922 Y74.114 E2889.14886
G1 X87.73 Y74.301 E2889.16134
G1 X87.481 Y74.404 E2889.17388
G1 F2400 E2886.17388
G0 F15000 X87.482 Y75.029
G0 X86.553 Y76.055
G0 X86.39 Y76.595
G0 X86.547 Y77.111
G0 X86.786 Y77.35
G0 X87.255 Y77.593
G0 X87.344 Y77.298
G1 F2400 E2889.17388
G1 F5400 X86.968 Y77.185 E2889.19216
G1 X86.757 Y76.955 E2889.2067
G1 X86.648 Y76.587 E2889.22457
G1 X86.77 Y76.194 E2889.24373
G1 X87.075 Y75.946 E2889.26204
G1 X87.374 Y75.892 E2889.27618
G1 X87.709 Y75.989 E2889.29242
G1 X87.94 Y76.206 E2889.30718
G1 X88.042 Y76.445 E2889.31928
G1 X88.049 Y76.733 E2889.3327
G1 X87.864 Y77.089 E2889.35138
G1 X87.607 Y77.244 E2889.36535
G1 X87.344 Y77.298 E2889.37785
G1 F2400 E2886.37785
G0 F15000 X87.255 Y77.593
G0 X86.842 Y77.406
G0 X86.603 Y77.167
G0 X86.222 Y75.983
G0 X85.285 Y74.681
G0 X84.424 Y74.42
G1 F2400 E2889.37785
G1 F5400 X84.058 Y74.308 E2889.39568
G1 X83.847 Y74.091 E2889.40977
G1 X83.753 Y73.842 E2889.42216
G1 X83.756 Y73.578 E2889.43446
G1 X83.852 Y73.337 E2889.44654
G1 X84.036 Y73.149 E2889.45879
G1 X84.292 Y73.034 E2889.47185
G1 X84.586 Y73.028 E2889.48555
G1 X84.926 Y73.205 E2889.5034
G1 X85.089 Y73.446 E2889.51694
G1 X85.14 Y73.695 E2889.52878
G1 X85.096 Y73.965 E2889.54152
G1 X84.946 Y74.206 E2889.55473
G1 X84.705 Y74.367 E2889.56823
G1 X84.424 Y74.42 E2889.58155
G1 F2400 E2886.58155
G0 F15000 X84.332 Y74.718
G0 X84.81 Y74.602
G0 X85.12 Y74.397
G0 X85.286 Y74.147
G0 X85.552 Y73.086
G0 X86.164 Y73.248
G0 X87.346 Y71.498
G1 F2400 E2889.58155
G1 F5400 X86.966 Y71.38 E2889.60007
G1 X86.769 Y71.177 E2889.61325
G1 X86.647 Y70.79 E2889.63214
G1 X86.766 Y70.398 E2889.65122
G1 X87.069 Y70.155 E2889.6693
G1 X87.36 Y70.085 E2889.68324
G1 X87.719 Y70.193 E2889.70069
G1 X87.931 Y70.393 E2889.71427
G1 X88.042 Y70.644 E2889.72705
G1 X88.045 Y70.943 E2889.74097
G1 X87.867 Y71.285 E2889.75892
G1 X87.622 Y71.439 E2889.7724
G1 X87.346 Y71.498 E2889.78554
G1 F2400 E2886.78554
G0 F15000 X87.212 Y72.078
G0 X86.835 Y71.643
G0 X86.088 Y70.647
G0 X76.865 Y64.789
G0 X75.421 Y64.636
G1 F2400 E2889.78554
G1 F5400 X75.041 Y64.596 E2889.80333
G1 X74.701 Y64.492 E2889.81989
G1 X74.327 Y64.294 E2889.83959
G1 X74.033 Y64.044 E2889.85756
G1 X73.809 Y63.772 E2889.87397
G1 X73.608 Y63.403 E2889.89353
G1 X73.496 Y63.023 E2889.91198
G1 X73.464 Y62.641 E2889.92983
G1 X73.504 Y62.257 E2889.94781
G1 X73.608 Y61.917 E2889.96436
G1 X73.809 Y61.548 E2889.98393
G1 X74.059 Y61.25 E2890.00204
G1 X74.327 Y61.026 E2890.01831
G1 X74.701 Y60.828 E2890.03801
G1 X75.065 Y60.718 E2890.05572
G1 X75.459 Y60.684 E2890.07413
G1 X75.843 Y60.724 E2890.09211
G1 X76.219 Y60.843 E2890.11047
G1 X76.552 Y61.025 E2890.12815
G1 X76.851 Y61.276 E2890.14632
G1 X77.097 Y61.581 E2890.16457
G1 X77.272 Y61.917 E2890.18221
G1 X77.384 Y62.297 E2890.20066
G1 X77.416 Y62.679 E2890.21851
G1 X77.376 Y63.063 E2890.23648
G1 X77.263 Y63.427 E2890.25423
G1 X77.087 Y63.756 E2890.27161
G1 X76.824 Y64.071 E2890.29071
G1 X76.543 Y64.302 E2890.30765
G1 X76.183 Y64.492 E2890.32661
G1 X75.836 Y64.598 E2890.3435
G1 X75.421 Y64.636 E2890.36291
G1 F2400 E2887.36291
G0 F15000 X75.391 Y64.943
G0 X77.249 Y64.468
G0 X126.673 Y77.65
G0 X132.288 Y80.08
G1 F2400 E2890.36291
G1 F5400 X131.124 Y79.968 E2890.41736
G1 X129.917 Y79.601 E2890.4761
G1 X128.868 Y79.039 E2890.53151
G1 X127.921 Y78.261 E2890.58858
G1 X127.154 Y77.325 E2890.64493
G1 X126.583 Y76.258 E2890.70128
G1 X126.227 Y75.088 E2890.75823
G1 X126.108 Y73.898 E2890.81392
G1 X126.224 Y72.692 E2890.87033
G1 X126.583 Y71.502 E2890.92821
G1 X127.154 Y70.435 E2890.98456
G1 X127.913 Y69.508 E2891.04035
G1 X128.864 Y68.725 E2891.09771
G1 X129.953 Y68.144 E2891.15518
G1 X131.124 Y67.792 E2891.21212
G1 X132.328 Y67.68 E2891.26843
G1 X133.496 Y67.792 E2891.32306
G1 X134.699 Y68.159 E2891.38163
G1 X135.752 Y68.723 E2891.43725
G1 X136.703 Y69.508 E2891.49467
G1 X137.477 Y70.453 E2891.55155
G1 X138.036 Y71.504 E2891.60698
G1 X138.396 Y72.692 E2891.66478
G1 X138.512 Y73.9 E2891.72129
G1 X138.394 Y75.083 E2891.77665
G1 X138.029 Y76.275 E2891.8347
G1 X137.467 Y77.324 E2891.89011
G1 X136.68 Y78.275 E2891.94759
G1 X135.735 Y79.049 E2892.00447
G1 X134.689 Y79.608 E2892.0597
G1 X133.507 Y79.962 E2892.11715
G1 X132.288 Y80.08 E2892.17418
G1 F2400 E2889.17418
G0 F15000 X132.258 Y80.388
G0 X133.567 Y80.209
G0 X134.78 Y79.841
G0 X135.896 Y79.246
G0 X136.873 Y78.442
G0 X137.676 Y77.465
G0 X138.271 Y76.349
G0 X138.639 Y75.138
G0 X138.74 Y74.12
G0 X138.568 Y71.271
G0 X143.616 Y65.024
G0 X144.581 Y64.636
G1 F2400 E2892.17418
G1 F5400 X144.201 Y64.596 E2892.19197
G1 X143.824 Y64.476 E2892.21039
G1 X143.509 Y64.303 E2892.22713
G1 X143.194 Y64.041 E2892.2462
G1 X142.958 Y63.757 E2892.2634
G1 X142.776 Y63.41 E2892.28164
G1 X142.668 Y63.058 E2892.29879
G1 X142.624 Y62.678 E2892.3166
G1 X142.668 Y62.261 E2892.33613
G1 X142.772 Y61.921 E2892.35268
G1 X142.97 Y61.547 E2892.37239
G1 X143.22 Y61.253 E2892.39036
G1 X143.492 Y61.029 E2892.40676
G1 X143.861 Y60.828 E2892.42633
G1 X144.225 Y60.718 E2892.44404
G1 X144.619 Y60.684 E2892.46245
G1 X145.003 Y60.724 E2892.48043
G1 X145.379 Y60.843 E2892.49879
G1 X145.715 Y61.029 E2892.51668
G1 X146.012 Y61.278 E2892.53472
G1 X146.232 Y61.55 E2892.55101
G1 X146.432 Y61.92 E2892.5706
G1 X146.544 Y62.297 E2892.58891
G1 X146.576 Y62.679 E2892.60676
G1 X146.542 Y63.039 E2892.6236
G1 X146.432 Y63.4 E2892.64117
G1 X146.232 Y63.77 E2892.66075
G1 X145.983 Y64.071 E2892.67894
G1 X145.684 Y64.313 E2892.69686
G1 X145.343 Y64.492 E2892.71479
G1 X144.963 Y64.604 E2892.73324
G1 X144.581 Y64.636 E2892.75109
G1 F2400 E2889.75109
G0 F15000 X144.551 Y64.942
G0 X143.616 Y65.024
G0 X143.616 Y161.764
G0 X110 Y161.604
;TYPE:SKIN
G1 F2400 E2892.75109
G1 F5400 X70.968 Y161.604 E2894.56858
G1 X70.968 Y58.392 E2899.37456
G1 X149.028 Y58.392 E2903.00936
G1 X149.028 Y161.604 E2907.81535
G1 X110 Y161.604 E2909.63265
G1 F2400 E2906.63265
G0 F15000 X110 Y161.864
G0 X110 Y123.968
G0 X110 Y124.147
G1 F2400 E2909.63265
G1 F5400 X126.997 Y124.148 E2910.4241
G1 X127.274 Y124.065 E2910.43757
G1 X127.558 Y123.874 E2910.45351
G1 X127.723 Y123.661 E2910.46605
G1 X127.842 Y123.275 E2910.48486
G1 X127.846 Y90.121 E2912.02865
G1 X127.787 Y89.849 E2912.04161
G1 X127.624 Y89.569 E2912.0567
G1 X127.474 Y89.428 E2912.06628
G1 X127.166 Y89.268 E2912.08244
G1 X126.968 Y89.229 E2912.09184
G1 X92.767 Y89.228 E2913.68438
G1 X92.434 Y89.337 E2913.7007
G1 X92.27 Y89.451 E2913.71
G1 X92.06 Y89.692 E2913.72488
G1 X91.931 Y90.104 E2913.74499
G1 X91.928 Y123.263 E2915.28901
G1 X91.97 Y123.472 E2915.29893
G1 X92.115 Y123.757 E2915.31382
G1 X92.253 Y123.909 E2915.32338
G1 X92.553 Y124.087 E2915.33963
G1 X92.818 Y124.145 E2915.35226
G1 X110 Y124.147 E2916.15232
G1 F2400 E2913.15232
G0 F15000 X110 Y123.888
G0 X92.45 Y123.626
G0 X92.46 Y89.743
G0 X76.422 Y65.022
G0 X75.42 Y65.4
G1 F2400 E2916.15232
G1 F5400 X75.985 Y65.347 E2916.17875
G1 X76.505 Y65.178 E2916.20421
G1 X76.941 Y64.95 E2916.22712
G1 X77.382 Y64.59 E2916.25363
G1 X77.723 Y64.174 E2916.27867
G1 X77.979 Y63.693 E2916.30405
G1 X78.128 Y63.19 E2916.32847
G1 X78.18 Y62.676 E2916.35253
G1 X78.132 Y62.136 E2916.37777
G1 X77.976 Y61.617 E2916.40301
G1 X77.733 Y61.157 E2916.42723
G1 X77.391 Y60.736 E2916.45249
G1 X76.972 Y60.385 E2916.47794
G1 X76.51 Y60.135 E2916.5024
G1 X75.945 Y59.964 E2916.52989
G1 X75.457 Y59.924 E2916.55269
G1 X74.943 Y59.964 E2916.57669
G1 X74.383 Y60.13 E2916.60389
G1 X73.939 Y60.362 E2916.62722
G1 X73.494 Y60.735 E2916.65426
G1 X73.174 Y61.119 E2916.67753
G1 X72.9 Y61.621 E2916.70416
G1 X72.752 Y62.101 E2916.72755
G1 X72.704 Y62.675 E2916.75437
G1 X72.75 Y63.171 E2916.77757
G1 X72.899 Y63.688 E2916.80262
G1 X73.152 Y64.164 E2916.82772
G1 X73.48 Y64.574 E2916.85217
G1 X73.899 Y64.93 E2916.87777
G1 X74.409 Y65.196 E2916.90456
G1 X74.889 Y65.344 E2916.92795
G1 X75.42 Y65.4 E2916.95281
G1 F2400 E2913.95281
G0 F15000 X75.445 Y65.141
G0 X76.422 Y65.022
G0 X86.372 Y75.767
G0 X87.46 Y78.048
G1 F2400 E2916.95281
G1 F5400 X87.923 Y77.945 E2916.97489
G1 X88.298 Y77.707 E2916.99558
G1 X88.494 Y77.521 E2917.00816
G1 X88.734 Y77.051 E2917.03273
G1 X88.803 Y76.787 E2917.04544
G1 X88.801 Y76.273 E2917.06937
G1 X88.56 Y75.749 E2917.09623
G1 X88.22 Y75.395 E2917.11908
G1 X87.737 Y75.167 E2917.14395
G1 X87.859 Y75.079 E2917.15096
G1 X88.205 Y74.904 E2917.16901
G1 X88.539 Y74.557 E2917.19144
G1 X88.795 Y74.134 E2917.21446
G1 X89.072 Y74.606 E2917.23995
G1 X89.339 Y74.859 E2917.25707
G1 X89.602 Y75.023 E2917.27151
G1 X89.977 Y75.142 E2917.28982
G1 X90.276 Y75.188 E2917.30391
G1 X90.795 Y75.086 E2917.32854
G1 X91.183 Y74.832 E2917.35013
G1 X91.364 Y74.646 E2917.36222
G1 X91.617 Y74.238 E2917.38457
G1 X91.708 Y73.668 E2917.41145
G1 X91.61 Y73.169 E2917.43513
G1 X91.368 Y72.8 E2917.45568
G1 X91.106 Y72.553 E2917.47244
G1 X90.584 Y72.281 E2917.49985
G1 X89.948 Y72.261 E2917.52948
G1 X89.395 Y72.513 E2917.55778
G1 X89.041 Y72.871 E2917.58122
G1 X88.819 Y73.329 E2917.60492
G1 X88.714 Y73.183 E2917.6133
G1 X88.56 Y72.865 E2917.62975
G1 X88.308 Y72.59 E2917.64712
G1 X88.08 Y72.424 E2917.66025
G1 X87.701 Y72.251 E2917.67965
G1 X88.042 Y72.074 E2917.69754
G1 X88.357 Y71.855 E2917.7154
G1 X88.545 Y71.621 E2917.72938
G1 X88.811 Y71.109 E2917.75625
G1 X88.791 Y70.531 E2917.78318
G1 X88.609 Y70.014 E2917.8087
G1 X88.241 Y69.63 E2917.83347
G1 X87.924 Y69.458 E2917.85026
G1 X87.527 Y69.343 E2917.86951
G1 X87.272 Y69.332 E2917.88139
G1 X86.868 Y69.411 E2917.90056
G1 X86.587 Y69.559 E2917.91535
G1 X86.284 Y69.804 E2917.93349
G1 X86.065 Y70.081 E2917.94993
G1 X85.908 Y70.613 E2917.97576
G1 X85.91 Y70.977 E2917.99271
G1 X86.1 Y71.591 E2918.02264
G1 X86.533 Y72.012 E2918.05076
G1 X86.993 Y72.226 E2918.07438
G1 X86.634 Y72.431 E2918.09363
G1 X86.352 Y72.632 E2918.10976
G1 X86.188 Y72.831 E2918.12177
G1 X86.017 Y73.142 E2918.13829
G1 X85.894 Y73.313 E2918.1481
G1 X85.713 Y73.004 E2918.16478
G1 X85.406 Y72.594 E2918.18863
G1 X84.927 Y72.349 E2918.21368
G1 X84.641 Y72.269 E2918.22751
G1 X84.151 Y72.265 E2918.25033
G1 X83.634 Y72.484 E2918.27647
G1 X83.21 Y72.884 E2918.30361
G1 X83 Y73.42 E2918.33042
G1 X82.997 Y73.99 E2918.35696
G1 X83.211 Y74.543 E2918.38457
G1 X83.582 Y74.898 E2918.40848
G1 X83.816 Y75.03 E2918.42099
G1 X84.29 Y75.178 E2918.44411
G1 X84.65 Y75.159 E2918.4609
G1 X85.046 Y75.056 E2918.47995
G1 X85.398 Y74.817 E2918.49976
G1 X85.581 Y74.619 E2918.51232
G1 X85.898 Y74.099 E2918.54068
G1 X86.132 Y74.55 E2918.56434
G1 X86.48 Y74.909 E2918.58762
G1 X86.829 Y75.081 E2918.60573
G1 X86.919 Y75.167 E2918.61153
G1 X86.557 Y75.385 E2918.63121
G1 X86.234 Y75.647 E2918.65057
G1 X86.061 Y75.901 E2918.66488
G1 X85.916 Y76.383 E2918.68832
G1 X85.898 Y76.754 E2918.70562
G1 X86.043 Y77.226 E2918.72861
G1 X86.195 Y77.477 E2918.74227
G1 X86.445 Y77.736 E2918.75903
G1 X86.685 Y77.885 E2918.77219
G1 X87.206 Y78.047 E2918.79759
G1 X87.46 Y78.048 E2918.80942
G1 F2400 E2915.80942
G0 F15000 X87.432 Y77.789
G0 X88.57 Y76.987
G0 X98.731 Y76.578
G0 X100.532 Y77.316
G1 F2400 E2918.80942
G1 F5400 X101.211 Y77.243 E2918.84122
G1 X101.899 Y77.039 E2918.87464
G1 X102.501 Y76.711 E2918.90656
G1 X102.984 Y76.315 E2918.93564
G1 X103.424 Y75.774 E2918.96811
G1 X103.753 Y75.155 E2919.00075
G1 X103.947 Y74.549 E2919.03038
G1 X104.02 Y73.868 E2919.06227
G1 X103.947 Y73.151 E2919.09583
G1 X103.763 Y72.567 E2919.12434
G1 X103.444 Y71.941 E2919.15706
G1 X102.988 Y71.389 E2919.1904
G1 X102.48 Y70.969 E2919.22109
G1 X101.867 Y70.646 E2919.25336
G1 X101.207 Y70.453 E2919.28538
G1 X100.552 Y70.38 E2919.31606
G1 X99.881 Y70.454 E2919.3475
G1 X99.219 Y70.651 E2919.37966
G1 X98.616 Y70.981 E2919.41167
G1 X98.107 Y71.405 E2919.44251
G1 X97.667 Y71.934 E2919.47455
G1 X97.356 Y72.51 E2919.50503
G1 X97.163 Y73.155 E2919.53638
G1 X97.084 Y73.856 E2919.56923
G1 X97.155 Y74.52 E2919.60033
G1 X97.349 Y75.17 E2919.63191
G1 X97.675 Y75.774 E2919.66387
G1 X98.129 Y76.321 E2919.69697
G1 X98.625 Y76.723 E2919.7267
G1 X99.214 Y77.037 E2919.75778
G1 X99.888 Y77.252 E2919.79072
G1 X100.532 Y77.316 E2919.82086
G1 F2400 E2916.82086
G0 F15000 X100.557 Y77.058
G0 X102.4 Y76.563
G0 X109.151 Y77.64
G0 X114.777 Y80.84
G1 F2400 E2919.82086
G1 F5400 X116.136 Y80.712 E2919.88442
G1 X117.483 Y80.305 E2919.94994
G1 X118.651 Y79.677 E2920.01169
G1 X119.708 Y78.811 E2920.07532
G1 X120.59 Y77.745 E2920.13975
G1 X121.22 Y76.57 E2920.20183
G1 X121.629 Y75.229 E2920.26711
G1 X121.764 Y73.862 E2920.33107
G1 X121.62 Y72.497 E2920.39499
G1 X121.225 Y71.206 E2920.45785
G1 X120.582 Y70.007 E2920.5212
G1 X119.722 Y68.954 E2920.58451
G1 X118.651 Y68.083 E2920.64879
G1 X117.479 Y67.451 E2920.71079
G1 X116.132 Y67.04 E2920.77637
G1 X114.812 Y66.912 E2920.83812
G1 X113.461 Y67.042 E2920.90132
G1 X112.113 Y67.451 E2920.96691
G1 X110.945 Y68.079 E2921.02866
G1 X109.87 Y68.954 E2921.09321
G1 X109.001 Y70.016 E2921.1571
G1 X108.371 Y71.193 E2921.21927
G1 X107.96 Y72.544 E2921.28502
G1 X107.828 Y73.893 E2921.34814
G1 X107.956 Y75.2 E2921.40929
G1 X108.364 Y76.539 E2921.47447
G1 X108.999 Y77.736 E2921.53756
G1 X109.87 Y78.798 E2921.60152
G1 X110.945 Y79.677 E2921.66618
G1 X112.109 Y80.305 E2921.72776
G1 X113.461 Y80.716 E2921.79356
G1 X114.777 Y80.84 E2921.85511
G1 F2400 E2918.85511
G0 F15000 X114.801 Y80.581
G0 X117.397 Y80.15
G0 X129.71 Y80.149
G0 X132.296 Y80.84
G1 F2400 E2921.85511
G1 F5400 X133.668 Y80.707 E2921.9193
G1 X134.965 Y80.32 E2921.98232
G1 X136.168 Y79.675 E2922.04588
G1 X137.216 Y78.811 E2922.10913
G1 X138.099 Y77.744 E2922.17362
G1 X138.729 Y76.567 E2922.23578
G1 X139.142 Y75.211 E2922.30179
G1 X139.276 Y73.876 E2922.36426
G1 X139.136 Y72.496 E2922.42885
G1 X138.74 Y71.22 E2922.49106
G1 X138.101 Y70.017 E2922.55449
G1 X137.22 Y68.945 E2922.6191
G1 X136.174 Y68.084 E2922.68219
G1 X134.991 Y67.451 E2922.74466
G1 X133.644 Y67.04 E2922.81024
G1 X132.324 Y66.912 E2922.87199
G1 X130.973 Y67.042 E2922.93519
G1 X129.625 Y67.451 E2923.00078
G1 X128.457 Y68.079 E2923.06253
G1 X127.382 Y68.954 E2923.12708
G1 X126.536 Y69.989 E2923.18932
G1 X125.887 Y71.189 E2923.25285
G1 X125.484 Y72.497 E2923.31658
G1 X125.34 Y73.902 E2923.38234
G1 X125.479 Y75.236 E2923.4448
G1 X125.883 Y76.554 E2923.50899
G1 X126.522 Y77.749 E2923.57209
G1 X127.378 Y78.794 E2923.63499
G1 X128.457 Y79.677 E2923.69991
G1 X129.639 Y80.313 E2923.76241
G1 X130.972 Y80.712 E2923.8272
G1 X132.296 Y80.84 E2923.88914
G1 F2400 E2920.88914
G0 F15000 X132.321 Y80.581
G0 X134.78 Y79.841
G0 X135.896 Y79.246
G0 X136.873 Y78.442
G0 X137.676 Y77.465
G0 X138.271 Y76.349
G0 X138.639 Y75.138
G0 X138.74 Y74.12
G0 X138.568 Y71.271
G0 X143.616 Y65.024
G0 X144.58 Y65.4
G1 F2400 E2923.88914
G1 F5400 X145.108 Y65.352 E2923.91383
G1 X145.631 Y65.196 E2923.93924
G1 X146.135 Y64.928 E2923.96582
G1 X146.523 Y64.612 E2923.98912
G1 X146.868 Y64.195 E2924.01432
G1 X147.141 Y63.685 E2924.04126
G1 X147.29 Y63.171 E2924.06618
G1 X147.336 Y62.675 E2924.08937
G1 X147.292 Y62.153 E2924.11377
G1 X147.136 Y61.625 E2924.1394
G1 X146.885 Y61.149 E2924.16446
G1 X146.543 Y60.728 E2924.18972
G1 X146.144 Y60.393 E2924.21398
G1 X145.638 Y60.12 E2924.24075
G1 X145.101 Y59.964 E2924.26679
G1 X144.617 Y59.924 E2924.2894
G1 X144.103 Y59.964 E2924.31341
G1 X143.527 Y60.136 E2924.3414
G1 X143.091 Y60.376 E2924.36457
G1 X142.685 Y60.705 E2924.38891
G1 X142.329 Y61.128 E2924.41465
G1 X142.082 Y61.591 E2924.43908
G1 X141.921 Y62.096 E2924.46377
G1 X141.857 Y62.633 E2924.48895
G1 X141.92 Y63.207 E2924.51584
G1 X142.068 Y63.688 E2924.53927
G1 X142.329 Y64.185 E2924.56541
G1 X142.673 Y64.604 E2924.59065
G1 X143.099 Y64.944 E2924.61603
G1 X143.527 Y65.18 E2924.63879
G1 X144.053 Y65.344 E2924.66445
G1 X144.58 Y65.4 E2924.68912
G1 F2400 E2921.68912
G0 F15000 X144.605 Y65.141
G0 X142.794 Y64.468
G0 X70.789 Y64.466
G0 X71.168 Y58.939
G1 F2400 E2924.68912
G1 F5400 X71.516 Y58.592 E2924.71201
G0 F15000 X72.082 Y58.592
G1 F5400 X71.168 Y59.505 E2924.77216
G0 F15000 X71.168 Y60.071
G1 F5400 X72.647 Y58.592 E2924.86956
G0 F15000 X73.213 Y58.592
G1 F5400 X71.168 Y60.637 E2925.00422
G0 F15000 X71.168 Y61.202
G1 F5400 X73.779 Y58.592 E2925.17613
G0 F15000 X74.344 Y58.592
G1 F5400 X71.168 Y61.768 E2925.38527
G0 F15000 X71.168 Y62.334
G1 F5400 X74.91 Y58.592 E2925.63169
G0 F15000 X75.476 Y58.592
G1 F5400 X73.922 Y60.146 E2925.73403
G0 F15000 X74.137 Y60.556
G0 X74.979 Y60.225
G0 X74.856 Y59.777
G1 F5400 X76.042 Y58.592 E2925.81209
G0 F15000 X76.607 Y58.592
G1 F5400 X75.472 Y59.726 E2925.8868
G0 F15000 X75.996 Y59.768
G1 F5400 X77.173 Y58.592 E2925.96428
G0 F15000 X77.739 Y58.592
G1 F5400 X76.432 Y59.898 E2926.05031
G0 F15000 X76.821 Y60.075
G1 F5400 X78.304 Y58.592 E2926.14797
G0 F15000 X78.87 Y58.592
G1 F5400 X77.171 Y60.291 E2926.25985
G0 F15000 X77.481 Y60.546
G1 F5400 X79.436 Y58.592 E2926.38856
G0 F15000 X80.001 Y58.592
G1 F5400 X77.744 Y60.849 E2926.53719
G0 F15000 X77.975 Y61.184
G1 F5400 X80.567 Y58.592 E2926.70787
G0 F15000 X81.133 Y58.592
G1 F5400 X78.167 Y61.557 E2926.90316
G0 F15000 X78.3 Y61.99
G1 F5400 X81.698 Y58.592 E2927.12692
G0 F15000 X82.264 Y58.592
G1 F5400 X78.367 Y62.488 E2927.38351
G0 F15000 X78.34 Y63.082
G1 F5400 X82.83 Y58.592 E2927.67919
G0 F15000 X83.395 Y58.592
G1 F5400 X78.108 Y63.879 E2928.02734
G1 F2400 E2925.02734
G0 F15000 X77.704 Y63.661
G0 X76.461 Y64.911
G0 X76.672 Y65.315
G1 F2400 E2928.02734
G1 F5400 X71.168 Y70.819 E2928.38979
G0 F15000 X71.168 Y71.385
G1 F5400 X83.961 Y58.592 E2929.23223
G0 F15000 X84.527 Y58.592
G1 F5400 X71.168 Y71.95 E2930.11191
G0 F15000 X71.168 Y72.516
G1 F5400 X85.093 Y58.592 E2931.02886
G0 F15000 X85.658 Y58.592
G1 F5400 X71.168 Y73.082 E2931.98306
G0 F15000 X71.168 Y73.647
G1 F5400 X86.224 Y58.592 E2932.97449
G0 F15000 X86.79 Y58.592
G1 F5400 X71.168 Y74.213 E2934.00319
G0 F15000 X71.168 Y74.779
G1 F5400 X87.355 Y58.592 E2935.06913
G0 F15000 X87.921 Y58.592
G1 F5400 X71.168 Y75.344 E2936.17231
G0 F15000 X71.168 Y75.91
G1 F5400 X88.487 Y58.592 E2937.31276
G0 F15000 X89.052 Y58.592
G1 F5400 X71.168 Y76.476 E2938.49046
G0 F15000 X71.168 Y77.041
G1 F5400 X89.618 Y58.592 E2939.70539
G0 F15000 X90.184 Y58.592
G1 F5400 X71.168 Y77.607 E2940.95759
G0 F15000 X71.168 Y78.173
G1 F5400 X90.749 Y58.592 E2942.24703
G0 F15000 X91.315 Y58.592
G1 F5400 X71.168 Y78.738 E2943.57371
G0 F15000 X71.168 Y79.304
G1 F5400 X91.881 Y58.592 E2944.93767
G0 F15000 X92.446 Y58.592
G1 F5400 X71.168 Y79.87 E2946.33886
G0 F15000 X71.168 Y80.436
G1 F5400 X93.012 Y58.592 E2947.77732
G0 F15000 X93.578 Y58.592
G1 F5400 X71.168 Y81.001 E2949.25303
G0 F15000 X71.168 Y81.567
G1 F5400 X94.143 Y58.592 E2950.76597
G0 F15000 X94.709 Y58.592
G1 F5400 X71.168 Y82.133 E2952.31619
G0 F15000 X71.168 Y82.698
G1 F5400 X95.275 Y58.592 E2953.90364
G0 F15000 X95.841 Y58.592
G1 F5400 X71.168 Y83.264 E2955.52837
G0 F15000 X71.168 Y83.83
G1 F5400 X96.406 Y58.592 E2957.19033
G0 F15000 X96.972 Y58.592
G1 F5400 X71.168 Y84.395 E2958.88954
G0 F15000 X71.168 Y84.961
G1 F5400 X82.833 Y73.297 E2959.65766
G0 F15000 X82.798 Y73.897
G1 F5400 X71.168 Y85.527 E2960.42352
G0 F15000 X71.168 Y86.092
G1 F5400 X82.918 Y74.342 E2961.19728
G0 F15000 X83.108 Y74.719
G1 F5400 X71.168 Y86.658 E2961.98351
G0 F15000 X71.168 Y87.224
G1 F5400 X83.395 Y74.997 E2962.78868
G0 F15000 X83.741 Y75.216
G1 F5400 X71.168 Y87.789 E2963.61664
G0 F15000 X71.168 Y88.355
G1 F5400 X84.175 Y75.349 E2964.47314
G0 F15000 X84.75 Y75.339
G1 F5400 X71.168 Y88.921 E2965.36753
G0 F15000 X71.168 Y89.486
G1 F5400 X85.977 Y74.678 E2966.3427
G0 F15000 X86.256 Y74.965
G1 F5400 X71.168 Y90.052 E2967.33624
G0 F15000 X71.168 Y90.618
G1 F5400 X85.841 Y75.945 E2968.30248
G0 F15000 X85.699 Y76.653
G1 F5400 X71.168 Y91.184 E2969.25937
G0 F15000 X71.168 Y91.749
G1 F5400 X85.802 Y77.115 E2970.22304
G0 F15000 X85.979 Y77.505
G1 F5400 X71.168 Y92.315 E2971.19834
G0 F15000 X71.168 Y92.881
G1 F5400 X86.241 Y77.808 E2972.19092
G0 F15000 X86.571 Y78.043
G1 F5400 X71.168 Y93.446 E2973.20524
G0 F15000 X71.168 Y94.012
G1 F5400 X86.988 Y78.192 E2974.24701
G0 F15000 X87.504 Y78.241
G1 F5400 X71.168 Y94.578 E2975.3228
G0 F15000 X71.168 Y95.143
G1 F5400 X107.72 Y58.592 E2977.72978
G0 F15000 X108.286 Y58.592
G1 F5400 X71.168 Y95.709 E2980.17403
G0 F15000 X71.168 Y96.275
G1 F5400 X108.851 Y58.592 E2982.65552
G0 F15000 X109.417 Y58.592
G1 F5400 X71.168 Y96.84 E2985.17425
G0 F15000 X71.168 Y97.406
G1 F5400 X109.983 Y58.592 E2987.73025
G0 F15000 X110.548 Y58.592
G1 F5400 X71.168 Y97.972 E2990.32349
G0 F15000 X71.168 Y98.537
G1 F5400 X97.132 Y72.573 E2992.03326
G0 F15000 X96.942 Y73.329
G1 F5400 X71.168 Y99.103 E2993.73052
G0 F15000 X71.168 Y99.669
G1 F5400 X96.892 Y73.945 E2995.42449
G0 F15000 X96.947 Y74.456
G1 F5400 X71.168 Y100.235 E2997.12208
G0 F15000 X71.168 Y100.8
G1 F5400 X97.063 Y74.905 E2998.82731
G0 F15000 X97.207 Y75.327
G1 F5400 X71.168 Y101.366 E3000.54203
G0 F15000 X71.168 Y101.932
G1 F5400 X97.405 Y75.694 E3002.26981
G0 F15000 X97.632 Y76.034
G1 F5400 X71.168 Y102.497 E3004.01248
G0 F15000 X71.168 Y103.063
G1 F5400 X97.888 Y76.343 E3005.77203
G0 F15000 X98.179 Y76.618
G1 F5400 X71.168 Y103.629 E3007.55076
G0 F15000 X71.168 Y104.194
G1 F5400 X98.491 Y76.872 E3009.34999
G0 F15000 X98.856 Y77.073
G1 F5400 X71.168 Y104.76 E3011.17326
G0 F15000 X71.168 Y105.326
G1 F5400 X99.241 Y77.253 E3013.02191
G0 F15000 X99.667 Y77.392
G1 F5400 X71.168 Y105.891 E3014.89862
G0 F15000 X71.168 Y106.457
G1 F5400 X100.148 Y77.477 E3016.807
G0 F15000 X100.688 Y77.503
G1 F5400 X71.168 Y107.023 E3018.75095
G0 F15000 X71.168 Y107.588
G1 F5400 X101.348 Y77.408 E3020.73835
G0 F15000 X102.243 Y77.079
G1 F5400 X71.168 Y108.154 E3022.78469
G0 F15000 X71.168 Y108.72
G1 F5400 X107.924 Y71.964 E3025.20514
G0 F15000 X107.742 Y72.712
G1 F5400 X71.168 Y109.285 E3027.61356
G0 F15000 X71.168 Y109.851
G1 F5400 X107.679 Y73.34 E3030.01788
G0 F15000 X107.633 Y73.952
G1 F5400 X92.478 Y89.107 E3031.01586
G0 F15000 X93.121 Y89.03
G1 F5400 X107.683 Y74.468 E3031.97479
G0 F15000 X107.733 Y74.983
G1 F5400 X93.687 Y89.03 E3032.89978
G0 F15000 X94.252 Y89.03
G1 F5400 X107.823 Y75.459 E3033.79345
G0 F15000 X107.956 Y75.892
G1 F5400 X94.818 Y89.03 E3034.65861
G0 F15000 X95.384 Y89.03
G1 F5400 X108.089 Y76.324 E3035.49529
G0 F15000 X108.24 Y76.739
G1 F5400 X95.949 Y89.03 E3036.30467
G0 F15000 X96.515 Y89.03
G1 F5400 X108.438 Y77.107 E3037.08982
G0 F15000 X108.635 Y77.476
G1 F5400 X97.081 Y89.03 E3037.85067
G0 F15000 X97.646 Y89.03
G1 F5400 X108.832 Y77.844 E3038.58729
G0 F15000 X109.085 Y78.157
G1 F5400 X98.212 Y89.03 E3039.3033
G0 F15000 X98.778 Y89.03
G1 F5400 X109.34 Y78.468 E3039.99882
G0 F15000 X109.595 Y78.778
G1 F5400 X99.344 Y89.03 E3040.6739
G0 F15000 X99.909 Y89.03
G1 F5400 X109.877 Y79.062 E3041.33031
G0 F15000 X110.188 Y79.317
G1 F5400 X100.475 Y89.03 E3041.96993
G0 F15000 X101.041 Y89.03
G1 F5400 X110.498 Y79.572 E3042.59272
G0 F15000 X110.808 Y79.828
G1 F5400 X101.606 Y89.03 E3043.19869
G0 F15000 X102.172 Y89.03
G1 F5400 X111.174 Y80.028 E3043.79149
G0 F15000 X111.542 Y80.226
G1 F5400 X102.738 Y89.03 E3044.37124
G0 F15000 X103.303 Y89.03
G1 F5400 X111.909 Y80.424 E3044.93796
G0 F15000 X112.318 Y80.58
G1 F5400 X103.869 Y89.03 E3045.49438
G0 F15000 X104.435 Y89.03
G1 F5400 X112.752 Y80.713 E3046.04207
G0 F15000 X113.186 Y80.844
G1 F5400 X105 Y89.03 E3046.58113
G0 F15000 X105.566 Y89.03
G1 F5400 X113.661 Y80.935 E3047.1142
G0 F15000 X114.178 Y80.984
G1 F5400 X106.132 Y89.03 E3047.64404
G0 F15000 X106.697 Y89.03
G1 F5400 X114.694 Y81.033 E3048.17066
G0 F15000 X115.299 Y80.994
G1 F5400 X107.263 Y89.03 E3048.69984
G0 F15000 X107.829 Y89.03
G1 F5400 X115.925 Y80.933 E3049.23301
G0 F15000 X116.658 Y80.766
G1 F5400 X108.395 Y89.03 E3049.77718
G0 F15000 X108.96 Y89.03
G1 F5400 X117.47 Y80.52 E3050.33757
G0 F15000 X117.34 Y80.083
G0 X118.434 Y79.499
G0 X118.652 Y79.904
G1 F5400 X109.526 Y89.03 E3050.93854
G0 F15000 X110.091 Y89.03
G1 F5400 X125.146 Y73.975 E3051.92993
G0 F15000 X125.2 Y74.487
G1 F5400 X110.657 Y89.03 E3052.88761
G0 F15000 X111.222 Y89.03
G1 F5400 X125.253 Y74.999 E3053.81158
G0 F15000 X125.344 Y75.474
G1 F5400 X111.788 Y89.03 E3054.70427
G0 F15000 X112.354 Y89.03
G1 F5400 X125.477 Y75.907 E3055.56844
G0 F15000 X125.609 Y76.341
G1 F5400 X112.919 Y89.03 E3056.40406
G0 F15000 X113.485 Y89.03
G1 F5400 X125.763 Y76.752 E3057.21259
G0 F15000 X125.96 Y77.121
G1 F5400 X114.051 Y89.03 E3057.99682
G0 F15000 X114.616 Y89.03
G1 F5400 X126.157 Y77.49 E3058.75678
G0 F15000 X126.354 Y77.859
G1 F5400 X115.182 Y89.03 E3059.49244
G0 F15000 X115.748 Y89.03
G1 F5400 X126.608 Y78.17 E3060.20759
G0 F15000 X126.863 Y78.481
G1 F5400 X116.313 Y89.03 E3060.90229
G0 F15000 X116.879 Y89.03
G1 F5400 X127.117 Y78.792 E3061.57648
G0 F15000 X127.402 Y79.073
G1 F5400 X117.445 Y89.03 E3062.23217
G0 F15000 X118.01 Y89.03
G1 F5400 X127.713 Y79.328 E3062.8711
G0 F15000 X128.023 Y79.583
G1 F5400 X118.576 Y89.03 E3063.4932
G0 F15000 X119.142 Y89.03
G1 F5400 X128.335 Y79.837 E3064.09857
G0 F15000 X128.702 Y80.036
G1 F5400 X119.708 Y89.03 E3064.69084
G0 F15000 X120.273 Y89.03
G1 F5400 X129.07 Y80.234 E3065.27011
G0 F15000 X129.437 Y80.432
G1 F5400 X120.839 Y89.03 E3065.8363
G0 F15000 X121.405 Y89.03
G1 F5400 X129.852 Y80.583 E3066.39255
G0 F15000 X130.287 Y80.714
G1 F5400 X121.97 Y89.03 E3066.9402
G0 F15000 X122.536 Y89.03
G1 F5400 X130.721 Y80.846 E3067.47917
G0 F15000 X131.2 Y80.932
G1 F5400 X123.102 Y89.03 E3068.01243
G0 F15000 X123.667 Y89.03
G1 F5400 X131.717 Y80.981 E3068.54251
G0 F15000 X132.234 Y81.029
G1 F5400 X124.233 Y89.03 E3069.06939
G0 F15000 X124.799 Y89.03
G1 F5400 X132.84 Y80.989 E3069.5989
G0 F15000 X133.469 Y80.926
G1 F5400 X125.364 Y89.03 E3070.1326
G0 F15000 X125.93 Y89.03
G1 F5400 X134.207 Y80.754 E3070.67762
G0 F15000 X135.015 Y80.511
G1 F5400 X126.496 Y89.03 E3071.23861
G0 F15000 X127.05 Y89.042
G1 F5400 X136.218 Y79.873 E3071.84237
G1 F2400 E3068.84237
G0 F15000 X136.006 Y79.471
G0 X137.897 Y77.576
G0 X138.3 Y77.792
G1 F2400 E3071.84237
G1 F5400 X148.828 Y67.264 E3072.53566
G0 F15000 X148.828 Y66.699
G1 F5400 X138.934 Y76.592 E3073.18716
G0 F15000 X139.178 Y75.782
G1 F5400 X148.828 Y66.133 E3073.8226
G0 F15000 X148.828 Y65.567
G1 F5400 X139.361 Y75.034 E3074.44602
G0 F15000 X139.424 Y74.405
G1 F5400 X148.828 Y65.001 E3075.06528
G0 F15000 X148.828 Y64.436
G1 F5400 X139.468 Y73.795 E3075.68162
G0 F15000 X139.418 Y73.28
G1 F5400 X148.828 Y63.87 E3076.30129
G0 F15000 X148.828 Y63.304
G1 F5400 X139.367 Y72.765 E3076.92431
G0 F15000 X139.28 Y72.286
G1 F5400 X148.828 Y62.739 E3077.55303
G0 F15000 X148.828 Y62.173
G1 F5400 X147.362 Y63.638 E3077.64954
G0 F15000 X147.514 Y62.921
G1 F5400 X148.828 Y61.607 E3077.73607
G0 F15000 X148.828 Y61.042
G1 F5400 X147.509 Y62.36 E3077.82289
G0 F15000 X147.423 Y61.88
G1 F5400 X148.828 Y60.476 E3077.91538
G0 F15000 X148.828 Y59.91
G1 F5400 X147.279 Y61.459 E3078.01738
G0 F15000 X147.08 Y61.092
G1 F5400 X148.828 Y59.345 E3078.13246
G0 F15000 X148.828 Y58.779
G1 F5400 X146.834 Y60.772 E3078.26373
G0 F15000 X146.562 Y60.479
G1 F5400 X148.449 Y58.592 E3078.388
G0 F15000 X147.884 Y58.592
G1 F5400 X146.249 Y60.226 E3078.49563
G0 F15000 X145.885 Y60.024
G1 F5400 X147.318 Y58.592 E3078.58996
G0 F15000 X146.752 Y58.592
G1 F5400 X145.479 Y59.864 E3078.67376
G0 F15000 X145.021 Y59.758
G1 F5400 X146.187 Y58.592 E3078.75054
G0 F15000 X145.621 Y58.592
G1 F5400 X144.478 Y59.734 E3078.82578
G0 F15000 X143.807 Y59.84
G1 F5400 X145.055 Y58.592 E3078.90796
G0 F15000 X144.489 Y58.592
G1 F5400 X135.554 Y67.527 E3079.49635
G0 F15000 X135.921 Y67.725
G1 F5400 X141.787 Y61.86 E3079.8826
G0 F15000 X141.665 Y62.548
G1 F5400 X136.289 Y67.923 E3080.23659
G0 F15000 X136.601 Y68.177
G1 F5400 X141.701 Y63.077 E3080.57243
G0 F15000 X141.813 Y63.531
G1 F5400 X136.911 Y68.433 E3080.89524
G0 F15000 X137.22 Y68.689
G1 F5400 X141.973 Y63.937 E3081.2082
G0 F15000 X142.169 Y64.306
G1 F5400 X137.503 Y68.973 E3081.51549
G0 F15000 X137.758 Y69.283
G1 F5400 X142.426 Y64.615 E3081.82289
G0 F15000 X142.713 Y64.893
G1 F5400 X138.014 Y69.593 E3082.13236
G0 F15000 X138.266 Y69.907
G1 F5400 X143.039 Y65.133 E3082.4467
G0 F15000 X143.4 Y65.338
G1 F5400 X138.462 Y70.276 E3082.77188
G0 F15000 X138.659 Y70.645
G1 F5400 X143.822 Y65.482 E3083.11187
G0 F15000 X144.299 Y65.57
G1 F5400 X138.855 Y71.014 E3083.47037
G0 F15000 X139.012 Y71.423
G1 F5400 X144.857 Y65.578 E3083.85527
G0 F15000 X145.581 Y65.419
G1 F5400 X139.146 Y71.855 E3084.27906
G1 F2400 E3081.27906
G0 F15000 X138.706 Y71.99
G0 X137.675 Y70.297
G0 X136.951 Y69.416
G0 X134.968 Y67.736
G0 X135.186 Y67.329
G1 F2400 E3084.27906
G1 F5400 X143.924 Y58.592 E3084.85444
G0 F15000 X143.358 Y58.592
G1 F5400 X134.773 Y67.177 E3085.41977
G0 F15000 X134.341 Y67.043
G1 F5400 X142.792 Y58.592 E3085.97629
G0 F15000 X142.227 Y58.592
G1 F5400 X133.908 Y66.91 E3086.52407
G0 F15000 X133.433 Y66.819
G1 F5400 X141.661 Y58.592 E3087.06587
G0 F15000 X141.095 Y58.592
G1 F5400 X132.918 Y66.769 E3087.60434
G0 F15000 X132.402 Y66.719
G1 F5400 X140.53 Y58.592 E3088.13955
G0 F15000 X139.964 Y58.592
G1 F5400 X131.796 Y66.759 E3088.67739
G0 F15000 X131.168 Y66.822
G1 F5400 X139.398 Y58.592 E3089.21935
G0 F15000 X138.833 Y58.592
G1 F5400 X130.428 Y66.996 E3089.7728
G0 F15000 X129.618 Y67.241
G1 F5400 X138.267 Y58.592 E3090.34235
G0 F15000 X137.701 Y58.592
G1 F5400 X128.422 Y67.871 E3090.95339
G1 F2400 E3087.95339
G0 F15000 X128.642 Y68.279
G0 X126.715 Y70.201
G0 X126.31 Y69.983
G1 F2400 E3090.95339
G1 F5400 X121.917 Y74.376 E3091.24268
G0 F15000 X121.955 Y73.772
G1 F5400 X137.136 Y58.592 E3092.24234
G0 F15000 X136.57 Y58.592
G1 F5400 X121.903 Y73.258 E3093.20815
G0 F15000 X121.85 Y72.746
G1 F5400 X136.004 Y58.592 E3094.14022
G0 F15000 X135.439 Y58.592
G1 F5400 X121.76 Y72.271 E3095.041
G0 F15000 X121.627 Y71.838
G1 F5400 X134.873 Y58.592 E3095.91328
G0 F15000 X134.307 Y58.592
G1 F5400 X121.494 Y71.404 E3096.757
G0 F15000 X121.338 Y70.995
G1 F5400 X133.741 Y58.592 E3097.57376
G0 F15000 X133.176 Y58.592
G1 F5400 X121.141 Y70.627 E3098.36629
G0 F15000 X120.944 Y70.257
G1 F5400 X132.61 Y58.592 E3099.13448
G0 F15000 X132.044 Y58.592
G1 F5400 X120.746 Y69.89 E3099.87847
G0 F15000 X120.491 Y69.579
G1 F5400 X131.479 Y58.592 E3100.60202
G0 F15000 X130.913 Y58.592
G1 F5400 X120.237 Y69.267 E3101.30502
G0 F15000 X119.983 Y68.956
G1 F5400 X130.347 Y58.592 E3101.9875
G0 F15000 X129.782 Y58.592
G1 F5400 X119.697 Y68.676 E3102.65159
G0 F15000 X119.386 Y68.422
G1 F5400 X129.216 Y58.592 E3103.29891
G0 F15000 X128.65 Y58.592
G1 F5400 X119.075 Y68.167 E3103.92944
G0 F15000 X118.761 Y67.915
G1 F5400 X128.085 Y58.592 E3104.54341
G0 F15000 X127.519 Y58.592
G1 F5400 X118.393 Y67.717 E3105.14434
G0 F15000 X118.026 Y67.519
G1 F5400 X126.953 Y58.592 E3105.73219
G0 F15000 X126.388 Y58.592
G1 F5400 X117.658 Y67.321 E3106.30705
G0 F15000 X117.246 Y67.167
G1 F5400 X125.822 Y58.592 E3106.87176
G0 F15000 X125.256 Y58.592
G1 F5400 X116.812 Y67.036 E3107.42781
G0 F15000 X116.378 Y66.904
G1 F5400 X124.691 Y58.592 E3107.9752
G0 F15000 X124.125 Y58.592
G1 F5400 X115.899 Y66.817 E3108.51687
G0 F15000 X115.384 Y66.767
G1 F5400 X123.559 Y58.592 E3109.0552
G0 F15000 X122.993 Y58.592
G1 F5400 X114.868 Y66.717 E3109.59025
G0 F15000 X114.257 Y66.762
G1 F5400 X122.428 Y58.592 E3110.12829
G0 F15000 X121.862 Y58.592
G1 F5400 X113.629 Y66.824 E3110.67041
G0 F15000 X112.881 Y67.007
G1 F5400 X121.296 Y58.592 E3111.22456
G0 F15000 X120.731 Y58.592
G1 F5400 X112.071 Y67.252 E3111.79483
G0 F15000 X112.231 Y67.684
G0 X111.078 Y68.307
G0 X110.858 Y67.899
G1 F5400 X120.165 Y58.592 E3112.40771
G0 F15000 X119.599 Y58.592
G1 F5400 X104.211 Y73.98 E3113.42104
G0 F15000 X104.182 Y73.444
G1 F5400 X119.034 Y58.592 E3114.39907
G0 F15000 X118.468 Y58.592
G1 F5400 X104.097 Y72.962 E3115.34539
G0 F15000 X103.962 Y72.531
G1 F5400 X117.902 Y58.592 E3116.26333
G0 F15000 X117.337 Y58.592
G1 F5400 X103.775 Y72.153 E3117.15638
G0 F15000 X103.576 Y71.787
G1 F5400 X116.771 Y58.592 E3118.02529
G0 F15000 X116.205 Y58.592
G1 F5400 X103.322 Y71.475 E3118.87366
G0 F15000 X103.049 Y71.182
G1 F5400 X115.64 Y58.592 E3119.70277
G0 F15000 X115.074 Y58.592
G1 F5400 X102.739 Y70.926 E3120.51501
G0 F15000 X102.4 Y70.7
G1 F5400 X114.508 Y58.592 E3121.31235
G0 F15000 X113.942 Y58.592
G1 F5400 X102.028 Y70.506 E3122.0969
G0 F15000 X101.608 Y70.361
G1 F5400 X113.377 Y58.592 E3122.87191
G0 F15000 X112.811 Y58.592
G1 F5400 X101.152 Y70.25 E3123.63964
G0 F15000 X100.647 Y70.19
G1 F5400 X112.245 Y58.592 E3124.40339
G0 F15000 X111.68 Y58.592
G1 F5400 X100.036 Y70.236 E3125.17017
G0 F15000 X99.281 Y70.425
G1 F5400 X111.114 Y58.592 E3125.94939
G1 F2400 E3122.94939
G0 F15000 X111.114 Y58.132
G0 X107.154 Y58.132
G0 X107.154 Y58.592
G1 F2400 E3125.94939
G1 F5400 X91.884 Y73.862 E3126.95495
G0 F15000 X91.846 Y73.334
G1 F5400 X106.589 Y58.592 E3127.92577
G0 F15000 X106.023 Y58.592
G1 F5400 X91.691 Y72.924 E3128.86955
G0 F15000 X91.447 Y72.601
G1 F5400 X105.457 Y58.592 E3129.7921
G0 F15000 X104.892 Y58.592
G1 F5400 X91.138 Y72.346 E3130.69783
G0 F15000 X90.765 Y72.152
G1 F5400 X104.326 Y58.592 E3131.59081
G0 F15000 X103.76 Y58.592
G1 F5400 X90.283 Y72.069 E3132.47829
G0 F15000 X89.578 Y72.208
G1 F5400 X103.194 Y58.592 E3133.37493
G0 F15000 X102.629 Y58.592
G1 F5400 X88.603 Y72.617 E3134.29853
G0 F15000 X88.308 Y72.347
G1 F5400 X102.063 Y58.592 E3135.20432
G0 F15000 X101.497 Y58.592
G1 F5400 X89.013 Y71.076 E3136.02642
G0 F15000 X88.995 Y70.528
G1 F5400 X100.932 Y58.592 E3136.81246
G0 F15000 X100.366 Y58.592
G1 F5400 X88.853 Y70.105 E3137.57061
G0 F15000 X88.639 Y69.753
G1 F5400 X99.8 Y58.592 E3138.30558
G0 F15000 X99.235 Y58.592
G1 F5400 X88.356 Y69.47 E3139.02194
G0 F15000 X87.99 Y69.271
G1 F5400 X98.669 Y58.592 E3139.72518
G0 F15000 X98.103 Y58.592
G1 F5400 X87.553 Y69.142 E3140.41991
G0 F15000 X86.932 Y69.197
G1 F5400 X97.538 Y58.592 E3141.1183
G1 F2400 E3138.1183
G0 F15000 X97.538 Y58.132
G0 X109.221 Y58.232
G0 X110.001 Y69.081
G0 X108.815 Y69.941
G1 F2400 E3141.1183
G1 F5400 X104.133 Y74.624 E3141.42665
G0 F15000 X103.697 Y74.485
G0 X103.364 Y75.347
G0 X103.764 Y75.558
G1 F5400 X108.173 Y71.149 E3141.71699
G1 F2400 E3138.71699
G0 F15000 X108.602 Y71.318
G0 X110.236 Y69.321
G0 X111.214 Y68.518
G0 X112.329 Y67.922
G0 X113.542 Y67.554
G0 X114.799 Y67.43
G0 X116.055 Y67.554
G0 X117.269 Y67.922
G0 X118.383 Y68.518
G0 X119.359 Y69.318
G0 X120.163 Y70.297
G0 X120.758 Y71.413
G0 X121.056 Y72.395
G0 X121.398 Y74.961
G0 X121.852 Y75.006
G1 F2400 E3141.71699
G1 F5400 X125.68 Y71.179 E3141.96904
G0 F15000 X125.432 Y71.993
G1 F5400 X121.683 Y75.741 E3142.21588
G0 F15000 X121.44 Y76.55
G1 F5400 X125.257 Y72.733 E3142.46724
G0 F15000 X125.191 Y73.364
G1 F5400 X120.824 Y77.732 E3142.75485
G1 F2400 E3139.75485
G0 F15000 X120.421 Y77.516
G0 X119.596 Y78.669
G0 X119.594 Y89.409
G0 X127.462 Y89.196
G1 F2400 E3142.75485
G1 F5400 X148.828 Y67.83 E3144.16184
G0 F15000 X148.828 Y68.396
G1 F5400 X127.78 Y89.443 E3145.54785
G0 F15000 X127.987 Y89.802
G1 F5400 X148.828 Y68.961 E3146.92026
G0 F15000 X148.828 Y69.527
G1 F5400 X128.043 Y90.312 E3148.28899
G0 F15000 X128.043 Y90.877
G1 F5400 X148.828 Y70.093 E3149.65769
G0 F15000 X148.828 Y70.658
G1 F5400 X128.043 Y91.443 E3151.02641
G0 F15000 X128.043 Y92.009
G1 F5400 X148.828 Y71.224 E3152.39514
G0 F15000 X148.828 Y71.79
G1 F5400 X128.043 Y92.574 E3153.76384
G0 F15000 X128.043 Y93.14
G1 F5400 X148.828 Y72.355 E3155.13257
G0 F15000 X148.828 Y72.921
G1 F5400 X128.043 Y93.706 E3156.50129
G0 F15000 X128.043 Y94.271
G1 F5400 X148.828 Y73.487 E3157.86999
G0 F15000 X148.828 Y74.052
G1 F5400 X128.043 Y94.837 E3159.23872
G0 F15000 X128.043 Y95.403
G1 F5400 X148.828 Y74.618 E3160.60744
G0 F15000 X148.828 Y75.184
G1 F5400 X128.043 Y95.969 E3161.97617
G0 F15000 X128.043 Y96.534
G1 F5400 X148.828 Y75.75 E3163.34487
G0 F15000 X148.828 Y76.315
G1 F5400 X128.042 Y97.101 E3164.71366
G0 F15000 X128.042 Y97.666
G1 F5400 X148.828 Y76.881 E3166.08242
G0 F15000 X148.828 Y77.447
G1 F5400 X128.042 Y98.232 E3167.45118
G0 F15000 X128.042 Y98.798
G1 F5400 X148.828 Y78.012 E3168.81997
G0 F15000 X148.828 Y78.578
G1 F5400 X128.042 Y99.363 E3170.18873
G0 F15000 X128.042 Y99.929
G1 F5400 X148.828 Y79.144 E3171.5575
G0 F15000 X148.828 Y79.709
G1 F5400 X128.042 Y100.495 E3172.92629
G0 F15000 X128.042 Y101.06
G1 F5400 X148.828 Y80.275 E3174.29505
G0 F15000 X148.828 Y80.841
G1 F5400 X128.042 Y101.626 E3175.66381
G0 F15000 X128.042 Y102.192
G1 F5400 X148.828 Y81.406 E3177.0326
G0 F15000 X148.828 Y81.972
G1 F5400 X128.042 Y102.757 E3178.40136
G0 F15000 X128.042 Y103.323
G1 F5400 X148.828 Y82.538 E3179.77013
G0 F15000 X148.828 Y83.103
G1 F5400 X128.041 Y103.89 E3181.13898
G0 F15000 X128.041 Y104.455
G1 F5400 X148.828 Y83.669 E3182.50781
G0 F15000 X148.828 Y84.235
G1 F5400 X128.041 Y105.021 E3183.87664
G0 F15000 X128.041 Y105.587
G1 F5400 X148.828 Y84.8 E3185.2455
G0 F15000 X148.828 Y85.366
G1 F5400 X128.041 Y106.152 E3186.61432
G0 F15000 X128.041 Y106.718
G1 F5400 X148.828 Y85.932 E3187.98315
G0 F15000 X148.828 Y86.498
G1 F5400 X128.041 Y107.284 E3189.35198
G0 F15000 X128.041 Y107.849
G1 F5400 X148.828 Y87.063 E3190.7208
G0 F15000 X148.828 Y87.629
G1 F5400 X128.041 Y108.415 E3192.08963
G0 F15000 X128.041 Y108.981
G1 F5400 X148.828 Y88.195 E3193.45846
G0 F15000 X148.828 Y88.76
G1 F5400 X128.041 Y109.546 E3194.82728
G0 F15000 X128.041 Y110.113
G1 F5400 X148.828 Y89.326 E3196.19614
G0 F15000 X148.828 Y89.892
G1 F5400 X128.041 Y110.678 E3197.56497
G0 F15000 X128.041 Y111.244
G1 F5400 X148.828 Y90.457 E3198.93383
G0 F15000 X148.828 Y91.023
G1 F5400 X128.041 Y111.81 E3200.30269
G0 F15000 X128.041 Y112.376
G1 F5400 X148.828 Y91.589 E3201.67155
G0 F15000 X148.828 Y92.154
G1 F5400 X128.041 Y112.941 E3203.04041
G0 F15000 X128.041 Y113.507
G1 F5400 X148.828 Y92.72 E3204.40927
G0 F15000 X148.828 Y93.286
G1 F5400 X128.041 Y114.073 E3205.77813
G0 F15000 X128.041 Y114.638
G1 F5400 X148.828 Y93.851 E3207.14699
G0 F15000 X148.828 Y94.417
G1 F5400 X128.041 Y115.204 E3208.51584
G0 F15000 X128.041 Y115.77
G1 F5400 X148.828 Y94.983 E3209.8847
G0 F15000 X148.828 Y95.549
G1 F5400 X128.041 Y116.335 E3211.25353
G0 F15000 X128.04 Y116.902
G1 F5400 X148.828 Y96.114 E3212.62246
G0 F15000 X148.828 Y96.68
G1 F5400 X128.04 Y117.467 E3213.99135
G0 F15000 X128.04 Y118.033
G1 F5400 X148.828 Y97.246 E3215.36024
G0 F15000 X148.828 Y97.811
G1 F5400 X128.04 Y118.599 E3216.72917
G0 F15000 X128.04 Y119.164
G1 F5400 X148.828 Y98.377 E3218.09806
G0 F15000 X148.828 Y98.943
G1 F5400 X128.04 Y119.73 E3219.46695
G0 F15000 X128.04 Y120.296
G1 F5400 X148.828 Y99.508 E3220.83588
G0 F15000 X148.828 Y100.074
G1 F5400 X128.04 Y120.862 E3222.2048
G0 F15000 X128.04 Y121.427
G1 F5400 X148.828 Y100.64 E3223.57369
G0 F15000 X148.828 Y101.205
G1 F5400 X128.04 Y121.993 E3224.94262
G0 F15000 X128.04 Y122.559
G1 F5400 X148.828 Y101.771 E3226.31154
G0 F15000 X148.828 Y102.337
G1 F5400 X128.04 Y123.124 E3227.68044
G1 F2400 E3224.68044
G0 F15000 X127.588 Y123.123
G0 X127.352 Y123.576
G0 X126.818 Y123.888
G0 X126.818 Y124.346
G1 F2400 E3227.68044
G1 F5400 X89.76 Y161.404 E3230.12077
G0 F15000 X90.326 Y161.404
G1 F5400 X148.828 Y102.902 E3233.97323
G0 F15000 X148.828 Y103.468
G1 F5400 X90.892 Y161.404 E3237.78841
G0 F15000 X91.457 Y161.404
G1 F5400 X148.828 Y104.034 E3241.56636
G0 F15000 X148.828 Y104.599
G1 F5400 X92.023 Y161.404 E3245.30706
G0 F15000 X92.589 Y161.404
G1 F5400 X148.828 Y105.165 E3249.0105
G0 F15000 X148.828 Y105.731
G1 F5400 X93.154 Y161.404 E3252.67669
G0 F15000 X93.72 Y161.404
G1 F5400 X148.828 Y106.297 E3256.30561
G0 F15000 X148.828 Y106.862
G1 F5400 X94.286 Y161.404 E3259.8973
G0 F15000 X94.851 Y161.404
G1 F5400 X148.828 Y107.428 E3263.45174
G0 F15000 X148.828 Y107.994
G1 F5400 X95.417 Y161.404 E3266.96892
G0 F15000 X95.983 Y161.404
G1 F5400 X148.828 Y108.559 E3270.44885
G0 F15000 X148.828 Y109.125
G1 F5400 X96.548 Y161.404 E3273.89154
G0 F15000 X97.114 Y161.404
G1 F5400 X148.828 Y109.691 E3277.29697
G0 F15000 X148.828 Y110.256
G1 F5400 X97.68 Y161.404 E3280.66515
G0 F15000 X98.245 Y161.404
G1 F5400 X148.828 Y110.822 E3283.99609
G0 F15000 X148.828 Y111.388
G1 F5400 X98.811 Y161.404 E3287.28976
G0 F15000 X99.377 Y161.404
G1 F5400 X148.828 Y111.953 E3290.5462
G0 F15000 X148.828 Y112.519
G1 F5400 X99.942 Y161.404 E3293.76539
G0 F15000 X100.508 Y161.404
G1 F5400 X148.828 Y113.085 E3296.94731
G0 F15000 X148.828 Y113.65
G1 F5400 X101.074 Y161.404 E3300.092
G0 F15000 X101.64 Y161.404
G1 F5400 X148.828 Y114.216 E3303.19941
G0 F15000 X148.828 Y114.782
G1 F5400 X102.205 Y161.404 E3306.26958
G0 F15000 X102.771 Y161.404
G1 F5400 X148.828 Y115.348 E3309.30248
G0 F15000 X148.828 Y115.913
G1 F5400 X103.337 Y161.404 E3312.29814
G0 F15000 X103.902 Y161.404
G1 F5400 X148.828 Y116.479 E3315.25656
G0 F15000 X148.828 Y117.045
G1 F5400 X104.468 Y161.404 E3318.17771
G0 F15000 X105.034 Y161.404
G1 F5400 X148.828 Y117.61 E3321.06162
G0 F15000 X148.828 Y118.176
G1 F5400 X105.599 Y161.404 E3323.90829
G0 F15000 X106.165 Y161.404
G1 F5400 X148.828 Y118.742 E3326.71768
G0 F15000 X148.828 Y119.307
G1 F5400 X106.731 Y161.404 E3329.48984
G0 F15000 X107.296 Y161.404
G1 F5400 X148.828 Y119.873 E3332.22476
G0 F15000 X148.828 Y120.439
G1 F5400 X107.862 Y161.404 E3334.92241
G0 F15000 X108.428 Y161.404
G1 F5400 X148.828 Y121.004 E3337.58282
G0 F15000 X148.828 Y121.57
G1 F5400 X108.993 Y161.404 E3340.20599
G0 F15000 X109.559 Y161.404
G1 F5400 X148.828 Y122.136 E3342.79189
G0 F15000 X148.828 Y122.701
G1 F5400 X110.125 Y161.404 E3345.34055
G0 F15000 X110.69 Y161.404
G1 F5400 X148.828 Y123.267 E3347.85197
G0 F15000 X148.828 Y123.833
G1 F5400 X111.256 Y161.404 E3350.32611
G0 F15000 X111.822 Y161.404
G1 F5400 X148.828 Y124.398 E3352.76302
G0 F15000 X148.828 Y124.964
G1 F5400 X112.388 Y161.404 E3355.16266
G0 F15000 X112.953 Y161.404
G1 F5400 X148.828 Y125.53 E3357.52506
G0 F15000 X148.828 Y126.096
G1 F5400 X113.519 Y161.404 E3359.85018
G0 F15000 X114.085 Y161.404
G1 F5400 X148.828 Y126.661 E3362.13807
G0 F15000 X148.828 Y127.227
G1 F5400 X114.65 Y161.404 E3364.38871
G0 F15000 X115.216 Y161.404
G1 F5400 X148.828 Y127.793 E3366.60209
G0 F15000 X148.828 Y128.358
G1 F5400 X115.782 Y161.404 E3368.77822
G0 F15000 X116.347 Y161.404
G1 F5400 X148.828 Y128.924 E3370.91712
G0 F15000 X148.828 Y129.49
G1 F5400 X116.913 Y161.404 E3373.01874
G0 F15000 X117.479 Y161.404
G1 F5400 X148.828 Y130.055 E3375.08313
G0 F15000 X148.828 Y130.621
G1 F5400 X118.044 Y161.404 E3377.11028
G0 F15000 X118.61 Y161.404
G1 F5400 X148.828 Y131.187 E3379.10015
G0 F15000 X148.828 Y131.752
G1 F5400 X119.176 Y161.404 E3381.05278
G0 F15000 X119.741 Y161.404
G1 F5400 X148.828 Y132.318 E3382.96818
G0 F15000 X148.828 Y132.884
G1 F5400 X120.307 Y161.404 E3384.8463
G0 F15000 X120.873 Y161.404
G1 F5400 X148.828 Y133.449 E3386.68719
G0 F15000 X148.828 Y134.015
G1 F5400 X121.439 Y161.404 E3388.4908
G0 F15000 X122.004 Y161.404
G1 F5400 X148.828 Y134.581 E3390.25717
G0 F15000 X148.828 Y135.146
G1 F5400 X122.57 Y161.404 E3391.98631
G0 F15000 X123.136 Y161.404
G1 F5400 X148.828 Y135.712 E3393.67817
G0 F15000 X148.828 Y136.278
G1 F5400 X123.701 Y161.404 E3395.33279
G0 F15000 X124.267 Y161.404
G1 F5400 X148.828 Y136.844 E3396.95014
G0 F15000 X148.828 Y137.409
G1 F5400 X124.833 Y161.404 E3398.53026
G0 F15000 X125.398 Y161.404
G1 F5400 X148.828 Y137.975 E3400.07313
G0 F15000 X148.828 Y138.541
G1 F5400 X125.964 Y161.404 E3401.57873
G0 F15000 X126.53 Y161.404
G1 F5400 X148.828 Y139.106 E3403.04709
G0 F15000 X148.828 Y139.672
G1 F5400 X127.095 Y161.404 E3404.47821
G0 F15000 X127.661 Y161.404
G1 F5400 X148.828 Y140.238 E3405.87206
G0 F15000 X148.828 Y140.803
G1 F5400 X128.227 Y161.404 E3407.22867
G0 F15000 X128.792 Y161.404
G1 F5400 X148.828 Y141.369 E3408.54805
G0 F15000 X148.828 Y141.935
G1 F5400 X129.358 Y161.404 E3409.83015
G0 F15000 X129.924 Y161.404
G1 F5400 X148.828 Y142.5 E3411.07501
G0 F15000 X148.828 Y143.066
G1 F5400 X130.489 Y161.404 E3412.28263
G0 F15000 X131.055 Y161.404
G1 F5400 X148.828 Y143.632 E3413.45298
G0 F15000 X148.828 Y144.197
G1 F5400 X131.621 Y161.404 E3414.58609
G0 F15000 X132.187 Y161.404
G1 F5400 X148.828 Y144.763 E3415.68193
G0 F15000 X148.828 Y145.329
G1 F5400 X132.752 Y161.404 E3416.74052
G0 F15000 X133.318 Y161.404
G1 F5400 X148.828 Y145.895 E3417.76185
G0 F15000 X148.828 Y146.46
G1 F5400 X133.884 Y161.404 E3418.74594
G0 F15000 X134.449 Y161.404
G1 F5400 X148.828 Y147.026 E3419.69279
G0 F15000 X148.828 Y147.592
G1 F5400 X135.015 Y161.404 E3420.60237
G0 F15000 X135.581 Y161.404
G1 F5400 X148.828 Y148.157 E3421.4747
G0 F15000 X148.828 Y148.723
G1 F5400 X136.146 Y161.404 E3422.3098
G0 F15000 X136.712 Y161.404
G1 F5400 X148.828 Y149.289 E3423.10763
G0 F15000 X148.828 Y149.854
G1 F5400 X137.278 Y161.404 E3423.86821
G0 F15000 X137.843 Y161.404
G1 F5400 X148.828 Y150.42 E3424.59156
G0 F15000 X148.828 Y150.986
G1 F5400 X138.409 Y161.404 E3425.27764
G0 F15000 X138.975 Y161.404
G1 F5400 X148.828 Y151.551 E3425.92648
G0 F15000 X148.828 Y152.117
G1 F5400 X139.54 Y161.404 E3426.53807
G0 F15000 X140.106 Y161.404
G1 F5400 X148.828 Y152.683 E3427.1124
G0 F15000 X148.828 Y153.248
G1 F5400 X140.672 Y161.404 E3427.64949
G0 F15000 X141.238 Y161.404
G1 F5400 X148.828 Y153.814 E3428.1493
G0 F15000 X148.828 Y154.38
G1 F5400 X141.803 Y161.404 E3428.61188
G0 F15000 X142.369 Y161.404
G1 F5400 X148.828 Y154.945 E3429.03721
G0 F15000 X148.828 Y155.511
G1 F5400 X142.935 Y161.404 E3429.42528
G0 F15000 X143.5 Y161.404
G1 F5400 X148.828 Y156.077 E3429.7761
G0 F15000 X148.828 Y156.643
G1 F5400 X144.066 Y161.404 E3430.08965
G0 F15000 X144.632 Y161.404
G1 F5400 X148.828 Y157.208 E3430.36597
G0 F15000 X148.828 Y157.774
G1 F5400 X145.197 Y161.404 E3430.60504
G0 F15000 X145.763 Y161.404
G1 F5400 X148.828 Y158.34 E3430.80684
G0 F15000 X148.828 Y158.905
G1 F5400 X146.329 Y161.404 E3430.97141
G0 F15000 X146.894 Y161.404
G1 F5400 X148.828 Y159.471 E3431.09873
G0 F15000 X148.828 Y160.037
G1 F5400 X147.46 Y161.404 E3431.18878
G0 F15000 X148.026 Y161.404
G1 F5400 X148.828 Y160.602 E3431.2416
G0 F15000 X148.828 Y161.168
G1 F5400 X148.591 Y161.404 E3431.25717
G1 F2400 E3428.25717
G0 F15000 X148.591 Y161.864
G0 X126.253 Y161.764
G0 X126.253 Y123.968
G0 X126.253 Y124.346
G1 F2400 E3431.25717
G1 F5400 X89.194 Y161.404 E3433.69754
G0 F15000 X88.629 Y161.404
G1 F5400 X125.687 Y124.346 E3436.13787
G0 F15000 X125.121 Y124.346
G1 F5400 X88.063 Y161.404 E3438.5782
G0 F15000 X87.497 Y161.404
G1 F5400 X124.555 Y124.346 E3441.01853
G0 F15000 X123.99 Y124.346
G1 F5400 X86.932 Y161.404 E3443.45887
G0 F15000 X86.366 Y161.404
G1 F5400 X123.424 Y124.346 E3445.8992
G0 F15000 X122.858 Y124.346
G1 F5400 X85.8 Y161.404 E3448.33953
G0 F15000 X85.235 Y161.404
G1 F5400 X122.293 Y124.346 E3450.77987
G0 F15000 X121.727 Y124.346
G1 F5400 X84.669 Y161.404 E3453.2202
G0 F15000 X84.103 Y161.404
G1 F5400 X121.161 Y124.346 E3455.66053
G0 F15000 X120.596 Y124.346
G1 F5400 X83.538 Y161.404 E3458.10086
G0 F15000 X82.972 Y161.404
G1 F5400 X120.03 Y124.346 E3460.5412
G0 F15000 X119.464 Y124.346
G1 F5400 X82.406 Y161.404 E3462.98153
G0 F15000 X81.841 Y161.404
G1 F5400 X118.899 Y124.346 E3465.42186
G0 F15000 X118.333 Y124.346
G1 F5400 X81.275 Y161.404 E3467.86219
G0 F15000 X80.709 Y161.404
G1 F5400 X117.767 Y124.346 E3470.30253
G0 F15000 X117.202 Y124.346
G1 F5400 X80.143 Y161.404 E3472.74289
G0 F15000 X79.578 Y161.404
G1 F5400 X116.636 Y124.346 E3475.18322
G0 F15000 X116.07 Y124.346
G1 F5400 X79.012 Y161.404 E3477.62356
G0 F15000 X78.446 Y161.404
G1 F5400 X115.504 Y124.346 E3480.06389
G0 F15000 X114.939 Y124.346
G1 F5400 X77.881 Y161.404 E3482.50422
G0 F15000 X77.315 Y161.404
G1 F5400 X114.373 Y124.346 E3484.94455
G0 F15000 X113.807 Y124.346
G1 F5400 X76.749 Y161.404 E3487.38489
G0 F15000 X76.184 Y161.404
G1 F5400 X113.242 Y124.346 E3489.82522
G0 F15000 X112.676 Y124.346
G1 F5400 X75.618 Y161.404 E3492.26555
G0 F15000 X75.052 Y161.404
G1 F5400 X112.11 Y124.346 E3494.70588
G0 F15000 X111.545 Y124.346
G1 F5400 X74.487 Y161.404 E3497.14622
G0 F15000 X73.921 Y161.404
G1 F5400 X110.979 Y124.346 E3499.58655
G0 F15000 X110.413 Y124.346
G1 F5400 X73.355 Y161.404 E3502.02688
G0 F15000 X72.79 Y161.404
G1 F5400 X109.848 Y124.346 E3504.46721
G0 F15000 X109.282 Y124.346
G1 F5400 X72.224 Y161.404 E3506.90755
G0 F15000 X71.658 Y161.404
G1 F5400 X108.716 Y124.346 E3509.34788
G0 F15000 X108.151 Y124.346
G1 F5400 X71.168 Y161.329 E3511.78327
G0 F15000 X71.168 Y160.763
G1 F5400 X107.585 Y124.346 E3514.1814
G0 F15000 X107.019 Y124.346
G1 F5400 X71.168 Y160.197 E3516.54225
G0 F15000 X71.168 Y159.631
G1 F5400 X106.454 Y124.346 E3518.86586
G0 F15000 X105.888 Y124.346
G1 F5400 X71.168 Y159.066 E3521.15223
G0 F15000 X71.168 Y158.5
G1 F5400 X105.322 Y124.346 E3523.40133
G0 F15000 X104.756 Y124.346
G1 F5400 X71.168 Y157.934 E3525.61315
G0 F15000 X71.168 Y157.369
G1 F5400 X104.191 Y124.346 E3527.78777
G0 F15000 X103.625 Y124.346
G1 F5400 X71.168 Y156.803 E3529.92512
G0 F15000 X71.168 Y156.237
G1 F5400 X103.059 Y124.346 E3532.0252
G0 F15000 X102.494 Y124.346
G1 F5400 X71.168 Y155.672 E3534.08807
G0 F15000 X71.168 Y155.106
G1 F5400 X101.928 Y124.346 E3536.11367
G0 F15000 X101.362 Y124.346
G1 F5400 X71.168 Y154.54 E3538.102
G0 F15000 X71.168 Y153.975
G1 F5400 X100.797 Y124.346 E3540.05312
G0 F15000 X100.231 Y124.346
G1 F5400 X71.168 Y153.409 E3541.96696
G0 F15000 X71.168 Y152.843
G1 F5400 X99.665 Y124.346 E3543.84354
G0 F15000 X99.1 Y124.346
G1 F5400 X71.168 Y152.278 E3545.68291
G0 F15000 X71.168 Y151.712
G1 F5400 X98.534 Y124.346 E3547.48501
G0 F15000 X97.968 Y124.346
G1 F5400 X71.168 Y151.146 E3549.24983
G0 F15000 X71.168 Y150.581
G1 F5400 X97.403 Y124.346 E3550.97745
G0 F15000 X96.837 Y124.346
G1 F5400 X71.168 Y150.015 E3552.6678
G0 F15000 X71.168 Y149.449
G1 F5400 X96.271 Y124.346 E3554.32088
G0 F15000 X95.705 Y124.346
G1 F5400 X71.168 Y148.883 E3555.93668
G0 F15000 X71.168 Y148.318
G1 F5400 X95.14 Y124.346 E3557.51528
G0 F15000 X94.574 Y124.346
G1 F5400 X71.168 Y147.752 E3559.0566
G0 F15000 X71.168 Y147.186
G1 F5400 X94.008 Y124.346 E3560.56065
G0 F15000 X93.443 Y124.346
G1 F5400 X71.168 Y146.621 E3562.0275
G0 F15000 X71.168 Y146.055
G1 F5400 X92.877 Y124.346 E3563.45708
G0 F15000 X92.418 Y124.239
G1 F5400 X71.168 Y145.489 E3564.85642
G0 F15000 X71.168 Y144.924
G1 F5400 X92.079 Y124.013 E3566.23345
G0 F15000 X91.849 Y123.677
G1 F5400 X71.168 Y144.358 E3567.59533
G0 F15000 X71.168 Y143.792
G1 F5400 X91.728 Y123.232 E3568.94924
G0 F15000 X91.728 Y122.667
G1 F5400 X71.168 Y143.227 E3570.30315
G0 F15000 X71.168 Y142.661
G1 F5400 X91.728 Y122.101 E3571.65706
G0 F15000 X91.728 Y121.535
G1 F5400 X71.168 Y142.095 E3573.01097
G0 F15000 X71.168 Y141.53
G1 F5400 X91.728 Y120.97 E3574.36488
G0 F15000 X91.728 Y120.404
G1 F5400 X71.168 Y140.964 E3575.7188
G0 F15000 X71.168 Y140.398
G1 F5400 X91.728 Y119.838 E3577.07271
G0 F15000 X91.728 Y119.273
G1 F5400 X71.168 Y139.832 E3578.42658
G0 F15000 X71.168 Y139.267
G1 F5400 X91.728 Y118.707 E3579.7805
G0 F15000 X91.728 Y118.141
G1 F5400 X71.168 Y138.701 E3581.13441
G0 F15000 X71.168 Y138.135
G1 F5400 X91.728 Y117.576 E3582.48829
G0 F15000 X91.728 Y117.01
G1 F5400 X71.168 Y137.57 E3583.8422
G0 F15000 X71.168 Y137.004
G1 F5400 X91.728 Y116.444 E3585.19611
G0 F15000 X91.728 Y115.879
G1 F5400 X71.168 Y136.438 E3586.54999
G0 F15000 X71.168 Y135.873
G1 F5400 X91.728 Y115.313 E3587.9039
G0 F15000 X91.728 Y114.747
G1 F5400 X71.168 Y135.307 E3589.25781
G0 F15000 X71.168 Y134.741
G1 F5400 X91.728 Y114.181 E3590.61172
G0 F15000 X91.728 Y113.616
G1 F5400 X71.168 Y134.176 E3591.96563
G0 F15000 X71.168 Y133.61
G1 F5400 X91.728 Y113.05 E3593.31954
G0 F15000 X91.728 Y112.484
G1 F5400 X71.168 Y133.044 E3594.67345
G0 F15000 X71.168 Y132.479
G1 F5400 X91.728 Y111.919 E3596.02736
G0 F15000 X91.728 Y111.353
G1 F5400 X71.168 Y131.913 E3597.38127
G0 F15000 X71.168 Y131.347
G1 F5400 X91.728 Y110.787 E3598.73519
G0 F15000 X91.728 Y110.222
G1 F5400 X71.168 Y130.782 E3600.0891
G0 F15000 X71.168 Y130.216
G1 F5400 X91.728 Y109.656 E3601.44301
G0 F15000 X91.728 Y109.09
G1 F5400 X71.168 Y129.65 E3602.79692
G0 F15000 X71.168 Y129.084
G1 F5400 X91.728 Y108.525 E3604.1508
G0 F15000 X91.728 Y107.959
G1 F5400 X71.168 Y128.519 E3605.50471
G0 F15000 X71.168 Y127.953
G1 F5400 X91.728 Y107.393 E3606.85862
G0 F15000 X91.728 Y106.828
G1 F5400 X71.168 Y127.387 E3608.2125
G0 F15000 X71.168 Y126.822
G1 F5400 X91.728 Y106.262 E3609.56641
G0 F15000 X91.728 Y105.696
G1 F5400 X71.168 Y126.256 E3610.92032
G0 F15000 X71.168 Y125.69
G1 F5400 X91.728 Y105.131 E3612.2742
G0 F15000 X91.728 Y104.565
G1 F5400 X71.168 Y125.125 E3613.62811
G0 F15000 X71.168 Y124.559
G1 F5400 X91.728 Y103.999 E3614.98202
G0 F15000 X91.728 Y103.433
G1 F5400 X71.168 Y123.993 E3616.33593
G0 F15000 X71.168 Y123.428
G1 F5400 X91.728 Y102.868 E3617.68984
G0 F15000 X91.728 Y102.302
G1 F5400 X71.168 Y122.862 E3619.04375
G0 F15000 X71.168 Y122.296
G1 F5400 X91.728 Y101.736 E3620.39766
G0 F15000 X91.728 Y101.171
G1 F5400 X71.168 Y121.731 E3621.75158
G0 F15000 X71.168 Y121.165
G1 F5400 X91.728 Y100.605 E3623.10549
G0 F15000 X91.728 Y100.039
G1 F5400 X71.168 Y120.599 E3624.4594
G0 F15000 X71.168 Y120.033
G1 F5400 X91.728 Y99.474 E3625.81328
G0 F15000 X91.728 Y98.908
G1 F5400 X71.168 Y119.468 E3627.16719
G0 F15000 X71.168 Y118.902
G1 F5400 X91.728 Y98.342 E3628.5211
G0 F15000 X91.728 Y97.777
G1 F5400 X71.168 Y118.336 E3629.87498
G0 F15000 X71.168 Y117.771
G1 F5400 X91.728 Y97.211 E3631.22889
G0 F15000 X91.728 Y96.645
G1 F5400 X71.168 Y117.205 E3632.5828
G0 F15000 X71.168 Y116.639
G1 F5400 X91.728 Y96.08 E3633.93668
G0 F15000 X91.728 Y95.514
G1 F5400 X71.168 Y116.074 E3635.29059
G0 F15000 X71.168 Y115.508
G1 F5400 X91.728 Y94.948 E3636.6445
G0 F15000 X91.728 Y94.382
G1 F5400 X71.168 Y114.942 E3637.99841
G0 F15000 X71.168 Y114.377
G1 F5400 X91.728 Y93.817 E3639.35232
G0 F15000 X91.728 Y93.251
G1 F5400 X71.168 Y113.811 E3640.70623
G0 F15000 X71.168 Y113.245
G1 F5400 X91.728 Y92.685 E3642.06014
G0 F15000 X91.728 Y92.12
G1 F5400 X71.168 Y112.68 E3643.41405
G0 F15000 X71.168 Y112.114
G1 F5400 X91.728 Y91.554 E3644.76797
G0 F15000 X91.728 Y90.988
G1 F5400 X71.168 Y111.548 E3646.12188
G0 F15000 X71.168 Y110.983
G1 F5400 X91.728 Y90.423 E3647.47579
G0 F15000 X91.832 Y89.753
G1 F5400 X71.168 Y110.417 E3648.83655
G1 F2400 E3645.83655
G0 F15000 X70.709 Y110.416
G0 X70.789 Y76.754
G0 X86.078 Y76.726
G0 X89.004 Y76.742
G1 F2400 E3648.83655
G1 F5400 X90.375 Y75.371 E3648.92683
G0 F15000 X89.866 Y75.314
G1 F5400 X88.984 Y76.196 E3648.98491
G0 F15000 X88.807 Y75.808
G1 F5400 X89.447 Y75.168 E3649.02706
G0 F15000 X89.122 Y74.927
G1 F5400 X88.573 Y75.476 E3649.06321
G0 F15000 X88.273 Y75.21
G1 F5400 X88.854 Y74.629 E3649.10147
G1 F2400 E3646.10147
G0 F15000 X88.932 Y73.898
G0 X87.264 Y72.115
G0 X86.314 Y72.078
G1 F2400 E3649.10147
G1 F5400 X85.713 Y72.679 E3649.14105
G0 F15000 X85.439 Y72.387
G1 F5400 X86.027 Y71.799 E3649.17977
G0 F15000 X85.839 Y71.422
G1 F5400 X85.065 Y72.196 E3649.23074
G0 F15000 X84.624 Y72.071
G1 F5400 X85.712 Y70.983 E3649.30238
G0 F15000 X85.775 Y70.354
G1 F5400 X84.019 Y72.11 E3649.41802
G1 F2400 E3646.41802
G0 F15000 X84.196 Y72.531
G0 X83.737 Y72.637
G0 X76.422 Y65.022
G0 X75.863 Y65.559
G1 F2400 E3649.41802
G1 F5400 X71.168 Y70.253 E3649.72716
G0 F15000 X71.168 Y69.687
G1 F5400 X75.27 Y65.586 E3649.99725
G0 F15000 X74.774 Y65.516
G1 F5400 X71.168 Y69.122 E3650.23471
G0 F15000 X71.168 Y68.556
G1 F5400 X74.345 Y65.379 E3650.44392
G0 F15000 X73.964 Y65.195
G1 F5400 X71.168 Y67.99 E3650.62801
G0 F15000 X71.168 Y67.425
G1 F5400 X73.63 Y64.963 E3650.79014
G0 F15000 X73.326 Y64.701
G1 F5400 X71.168 Y66.859 E3650.93225
G0 F15000 X71.168 Y66.293
G1 F5400 X73.076 Y64.386 E3651.05786
G0 F15000 X72.857 Y64.039
G1 F5400 X71.168 Y65.728 E3651.16908
G0 F15000 X71.168 Y65.162
G1 F5400 X72.68 Y63.65 E3651.26865
G0 F15000 X72.554 Y63.21
G1 F5400 X71.168 Y64.596 E3651.35992
G0 F15000 X71.168 Y64.031
G1 F5400 X72.505 Y62.694 E3651.44796
G0 F15000 X72.547 Y62.086
G1 F5400 X71.168 Y63.465 E3651.53877
G0 F15000 X71.168 Y62.899
G1 F5400 X72.931 Y61.136 E3651.65487
G1 F2400 E3648.65487
;MESH:NONMESH
G0 F300 Z1.4
G0 F15000 X73.337 Y61.357
G0 X73.215 Y62.662
G0 X73.258 Y63.094
G0 X73.385 Y63.512
G0 X73.59 Y63.898
G0 X73.867 Y64.235
G0 X75.44 Y65.14
G0 X75.44 Y65.251
;TIME_ELAPSED:2070.189203
;LAYER:4
;TYPE:WALL-INNER
;MESH:lid.stl
G1 F2400 E3651.65487
G1 F5400 X74.941 Y65.205 E3651.6782
G1 X74.442 Y65.052 E3651.70251
G1 X74 Y64.813 E3651.7259
G1 X73.61 Y64.496 E3651.74931
G1 X73.289 Y64.104 E3651.7729
G1 X73.046 Y63.655 E3651.79667
G1 X72.896 Y63.148 E3651.82129
G1 X72.849 Y62.661 E3651.84407
G1 X72.896 Y62.156 E3651.86769
G1 X73.048 Y61.662 E3651.89176
G1 X73.289 Y61.216 E3651.91536
G1 X73.61 Y60.824 E3651.93895
G1 X74 Y60.507 E3651.96236
G1 X74.443 Y60.267 E3651.98582
G1 X74.943 Y60.115 E3652.01015
G1 X75.44 Y60.072 E3652.03338
G1 X75.944 Y60.115 E3652.05693
G1 X76.437 Y60.267 E3652.08096
G1 X76.877 Y60.505 E3652.10425
G1 X77.277 Y60.827 E3652.12816
G1 X77.598 Y61.221 E3652.15183
G1 X77.834 Y61.663 E3652.17516
G1 X77.983 Y62.155 E3652.19909
G1 X78.036 Y62.661 E3652.22278
G1 X77.983 Y63.151 E3652.24573
G1 X77.836 Y63.646 E3652.26978
G1 X77.596 Y64.097 E3652.29357
G1 X77.277 Y64.494 E3652.31728
G1 X76.883 Y64.808 E3652.34074
G1 X76.434 Y65.051 E3652.36451
G1 X75.944 Y65.204 E3652.38842
G1 X75.44 Y65.251 E3652.41199
G1 F2400 E3649.41199
G0 F15000 X75.968 Y65.38
G0 X76.84 Y66.025
G0 X84.26 Y75.114
G0 X84.351 Y74.82
G1 F2400 E3652.41199
G1 F5400 X83.841 Y74.659 E3652.43689
G1 X83.516 Y74.334 E3652.45829
G1 X83.356 Y73.931 E3652.47848
G1 X83.354 Y73.496 E3652.49874
G1 X83.524 Y73.093 E3652.5191
G1 X83.834 Y72.793 E3652.53919
G1 X84.205 Y72.636 E3652.55795
G1 X84.602 Y72.631 E3652.57644
G1 X84.77 Y72.675 E3652.58452
G1 F5142.9 X85.209 Y72.901 E3652.60867
G1 F4705.9 X85.456 Y73.269 E3652.63235
G1 F4169.9 X85.617 Y73.647 E3652.65712
G1 F3857.1 X85.614 Y73.81 E3652.66775
G1 F4500 X85.406 Y74.239 E3652.69439
G1 F5400 X85.219 Y74.508 E3652.70964
G1 X84.893 Y74.73 E3652.72801
G1 X84.569 Y74.807 E3652.74352
G1 X84.351 Y74.82 E3652.75369
G0 F15000 X84.26 Y75.114
G0 X87.468 Y75.12
G0 X87.468 Y74.881
G1 F4227 X87.251 Y74.881 E3652.76659
G1 F4909.1 X86.698 Y74.617 E3652.79798
G1 F5320.2 X86.419 Y74.333 E3652.8168
G1 F5217.4 X86.286 Y74.043 E3652.83217
G1 F4408.2 X86.172 Y73.839 E3652.8455
G1 F4153.8 X86.173 Y73.597 E3652.86015
G1 F4615.4 X86.553 Y72.919 E3652.9025
G1 X86.892 Y72.694 E3652.92466
G1 F4186 X87.297 Y72.517 E3652.95121
G1 F3898.9 X87.415 Y72.517 E3652.95882
G1 F4390.2 X87.641 Y72.634 E3652.9734
G1 F5192.3 X87.991 Y72.774 E3652.99165
G1 F5400 X88.265 Y73.072 E3653.0105
G1 F4537.8 X88.524 Y73.596 E3653.04289
G1 F4194.2 X88.523 Y73.835 E3653.05722
G1 F4920.3 X88.245 Y74.35 E3653.08713
G1 F5400 X87.99 Y74.614 E3653.10422
G1 F4566.6 X87.468 Y74.881 E3653.1365
G0 F15000 X87.468 Y75.12
G0 X88.086 Y75.429
G0 X88.494 Y75.835
G0 X88.698 Y76.328
G0 X88.697 Y76.904
G0 X88.359 Y77.535
G0 X87.972 Y77.794
G0 X87.48 Y77.997
G0 X87.42 Y77.689
G1 F5400 X87.221 Y77.677 E3653.14579
G1 X86.871 Y77.573 E3653.16279
G1 X86.686 Y77.465 E3653.17276
G1 X86.474 Y77.252 E3653.18676
G1 X86.369 Y77.06 E3653.19695
G1 X86.259 Y76.691 E3653.21488
G1 X86.267 Y76.476 E3653.22489
G1 X86.388 Y76.059 E3653.24511
G1 X86.489 Y75.915 E3653.2533
G1 X86.788 Y75.664 E3653.27148
G1 F4942.8 X87.199 Y75.426 E3653.29564
G1 F4235.3 X87.444 Y75.423 E3653.31019
G1 F4481.3 X87.709 Y75.561 E3653.32695
G1 F5281.2 X88 Y75.69 E3653.34211
G1 F5400 X88.287 Y75.985 E3653.36127
G1 X88.445 Y76.385 E3653.3813
G1 X88.446 Y76.748 E3653.3982
G1 X88.403 Y76.918 E3653.40637
G1 X88.182 Y77.347 E3653.42884
G1 X87.779 Y77.615 E3653.45137
G1 X87.42 Y77.689 E3653.46844
G0 F15000 X87.48 Y77.997
G0 X87.881 Y77.855
G0 X88.268 Y77.596
G0 X90.382 Y75.12
G0 X90.322 Y74.816
G1 F5400 X90.064 Y74.793 E3653.4805
G1 X89.728 Y74.684 E3653.49695
G1 X89.577 Y74.591 E3653.50521
G1 X89.339 Y74.35 E3653.52098
G1 F4518.8 X89.076 Y73.867 E3653.55158
G1 F3898.9 X89.076 Y73.602 E3653.56867
G1 F4537.8 X89.211 Y73.355 E3653.58427
G1 F5400 X89.34 Y73.085 E3653.5982
G1 X89.607 Y72.809 E3653.61609
G1 X89.993 Y72.638 E3653.63574
G1 X90.466 Y72.624 E3653.65778
G1 X90.919 Y72.857 E3653.6815
G1 X91.049 Y72.969 E3653.68949
G1 X91.27 Y73.29 E3653.70764
G1 X91.348 Y73.73 E3653.72844
G1 X91.276 Y74.093 E3653.74568
G1 X91.042 Y74.493 E3653.76725
G1 X90.68 Y74.738 E3653.78761
G1 X90.322 Y74.816 E3653.80467
G0 F15000 X90.382 Y75.12
G0 X89.514 Y74.883
G0 X89.107 Y74.478
G0 X88.494 Y72.935
G0 X88.164 Y72.607
G0 X87.46 Y72.201
G0 X87.415 Y71.967
G1 F3898.9 X87.297 Y71.967 E3653.81228
G1 F4390.2 X87.071 Y71.85 E3653.82685
G1 F5106.4 X86.745 Y71.717 E3653.84419
G1 F5294.1 X86.515 Y71.497 E3653.85931
G1 F5400 X86.381 Y71.291 E3653.87075
G1 X86.263 Y70.887 E3653.89035
G1 X86.266 Y70.682 E3653.8999
G1 X86.385 Y70.281 E3653.91937
G1 X86.51 Y70.092 E3653.92992
G1 X86.893 Y69.781 E3653.9529
G1 X87.252 Y69.7 E3653.97003
G1 X87.46 Y69.7 E3653.97972
G1 X87.884 Y69.829 E3654.00036
G1 X88.067 Y69.957 E3654.01076
G1 X88.284 Y70.187 E3654.02548
G1 X88.44 Y70.556 E3654.04413
G1 X88.451 Y71.024 E3654.06593
G1 X88.195 Y71.522 E3654.09201
G1 X87.87 Y71.76 E3654.11076
G1 F4528.3 X87.415 Y71.967 E3654.13852
G0 F15000 X87.46 Y72.201
G0 X90.552 Y72.381
G0 X99.27 Y76.947
G0 X100.522 Y77.261
G0 X100.552 Y76.956
G1 F5400 X99.948 Y76.896 E3654.16678
G1 X99.364 Y76.71 E3654.19532
G1 X98.828 Y76.43 E3654.22348
G1 X98.374 Y76.055 E3654.2509
G1 X97.976 Y75.574 E3654.27997
G1 X97.685 Y75.035 E3654.30849
G1 X97.511 Y74.451 E3654.33687
G1 X97.448 Y73.843 E3654.36533
G1 X97.514 Y73.232 E3654.39395
G1 X97.697 Y72.643 E3654.42267
G1 X97.976 Y72.124 E3654.4501
G1 X98.38 Y71.643 E3654.47935
G1 X98.834 Y71.268 E3654.50677
G1 X99.36 Y70.982 E3654.53465
G1 X99.95 Y70.807 E3654.56331
G1 X100.552 Y70.744 E3654.59149
G1 X101.154 Y70.807 E3654.61968
G1 X101.734 Y70.982 E3654.64789
G1 X102.295 Y71.283 E3654.67753
G1 X102.747 Y71.658 E3654.70488
G1 X103.139 Y72.132 E3654.73352
G1 X103.423 Y72.683 E3654.76239
G1 X103.601 Y73.247 E3654.78992
G1 X103.656 Y73.851 E3654.81817
G1 X103.601 Y74.454 E3654.84636
G1 X103.419 Y75.028 E3654.8744
G1 X103.135 Y75.564 E3654.90265
G1 X102.744 Y76.046 E3654.93155
G1 X102.264 Y76.437 E3654.96037
G1 X101.744 Y76.712 E3654.98776
G1 X101.153 Y76.896 E3655.01659
G1 X100.552 Y76.956 E3655.04471
G0 F15000 X100.522 Y77.261
G0 X113.463 Y80.603
G0 X114.765 Y80.792
G0 X114.796 Y80.48
G1 F5400 X113.514 Y80.36 E3655.10467
G1 X112.267 Y79.981 E3655.16535
G1 X111.133 Y79.371 E3655.22531
G1 X110.126 Y78.544 E3655.28599
G1 X109.321 Y77.564 E3655.34504
G1 X108.704 Y76.417 E3655.40569
G1 X108.32 Y75.167 E3655.46658
G1 X108.192 Y73.873 E3655.52713
G1 X108.329 Y72.566 E3655.58832
G1 X108.71 Y71.33 E3655.64855
G1 X109.323 Y70.193 E3655.70869
G1 X110.132 Y69.21 E3655.76797
G1 X111.129 Y68.393 E3655.828
G1 X112.271 Y67.777 E3655.88841
G1 X113.514 Y67.4 E3655.9489
G1 X114.796 Y67.276 E3656.00887
G1 X116.08 Y67.4 E3656.06894
G1 X117.326 Y67.78 E3656.1296
G1 X118.467 Y68.393 E3656.18991
G1 X119.462 Y69.212 E3656.24991
G1 X120.285 Y70.211 E3656.31019
G1 X120.894 Y71.352 E3656.37041
G1 X121.273 Y72.593 E3656.43083
G1 X121.403 Y73.878 E3656.49097
G1 X121.273 Y75.167 E3656.5513
G1 X120.899 Y76.41 E3656.61174
G1 X120.289 Y77.55 E3656.67194
G1 X119.468 Y78.542 E3656.7319
G1 X118.463 Y79.37 E3656.79254
G1 X117.331 Y79.98 E3656.85241
G1 X116.078 Y80.357 E3656.91334
G1 X114.796 Y80.48 E3656.97331
G0 F15000 X114.765 Y80.792
G0 X132.281 Y80.792
G0 X132.312 Y80.48
G1 F5400 X131.026 Y80.36 E3657.03345
G1 X129.779 Y79.981 E3657.09414
G1 X128.645 Y79.371 E3657.1541
G1 X127.636 Y78.542 E3657.21491
G1 X126.819 Y77.549 E3657.27478
G1 X126.214 Y76.413 E3657.33471
G1 X125.835 Y75.167 E3657.39536
G1 X125.705 Y73.882 E3657.4555
G1 X125.835 Y72.593 E3657.51582
G1 X126.21 Y71.347 E3657.57641
G1 X126.823 Y70.211 E3657.63652
G1 X127.642 Y69.212 E3657.69667
G1 X128.641 Y68.393 E3657.75682
G1 X129.783 Y67.777 E3657.81724
G1 X131.026 Y67.4 E3657.87773
G1 X132.308 Y67.276 E3657.9377
G1 X133.593 Y67.4 E3657.99781
G1 X134.861 Y67.793 E3658.05963
G1 X135.962 Y68.382 E3658.11777
G1 X136.966 Y69.205 E3658.17822
G1 X137.8 Y70.214 E3658.23918
G1 X138.418 Y71.382 E3658.30071
G1 X138.789 Y72.597 E3658.35986
G1 X138.916 Y73.881 E3658.41994
G1 X138.788 Y75.152 E3658.47942
G1 X138.407 Y76.411 E3658.54067
G1 X137.799 Y77.547 E3658.60067
G1 X136.976 Y78.546 E3658.66094
G1 X135.973 Y79.372 E3658.72144
G1 X134.849 Y79.974 E3658.78081
G1 X133.589 Y80.357 E3658.84214
G1 X132.312 Y80.48 E3658.90187
G1 F2400 E3655.90187
G0 F15000 X132.281 Y80.792
G0 X134.78 Y79.841
G0 X135.896 Y79.246
G0 X136.873 Y78.442
G0 X137.676 Y77.465
G0 X138.271 Y76.349
G0 X138.639 Y75.138
G0 X138.763 Y73.881
G0 X138.645 Y72.813
G0 X143.892 Y66.233
G0 X144.063 Y65.382
G0 X144.598 Y65.252
G1 F2400 E3658.90187
G1 F5400 X144.093 Y65.2 E3658.92551
G1 X143.608 Y65.053 E3658.94911
G1 X143.169 Y64.817 E3658.97232
G1 X142.768 Y64.49 E3658.99641
G1 X142.453 Y64.101 E3659.01972
G1 X142.221 Y63.673 E3659.04239
G1 X142.061 Y63.167 E3659.0671
G1 X142.009 Y62.659 E3659.09088
G1 X142.061 Y62.156 E3659.11443
G1 X142.211 Y61.664 E3659.13838
G1 X142.446 Y61.225 E3659.16156
G1 X142.769 Y60.829 E3659.18536
G1 X143.165 Y60.502 E3659.20927
G1 X143.608 Y60.267 E3659.23262
G1 X144.1 Y60.115 E3659.2566
G1 X144.6 Y60.072 E3659.27997
G1 X145.097 Y60.115 E3659.3032
G1 X145.596 Y60.267 E3659.32749
G1 X146.043 Y60.504 E3659.35105
G1 X146.45 Y60.853 E3659.37601
G1 X146.758 Y61.225 E3659.3985
G1 X146.993 Y61.664 E3659.42169
G1 X147.145 Y62.158 E3659.44575
G1 X147.188 Y62.66 E3659.46921
G1 X147.143 Y63.148 E3659.49203
G1 X146.994 Y63.653 E3659.51655
G1 X146.758 Y64.095 E3659.53988
G1 X146.433 Y64.488 E3659.56363
G1 X146.04 Y64.818 E3659.58752
G1 X145.596 Y65.053 E3659.61092
G1 X145.1 Y65.204 E3659.63506
G1 X144.598 Y65.252 E3659.65854
G1 F2400 E3656.65854
G0 F15000 X143.534 Y65.219
G0 X127.298 Y89.778
G0 X110 Y123.785
G1 F2400 E3659.65854
G1 F5400 X92.841 Y123.787 E3660.45753
G1 X92.692 Y123.756 E3660.46462
G1 X92.499 Y123.646 E3660.47497
G1 X92.324 Y123.396 E3660.48918
G1 X92.289 Y123.231 E3660.49703
G1 X92.289 Y90.149 E3662.03747
G1 X92.355 Y89.91 E3662.04901
G1 X92.463 Y89.763 E3662.0575
G1 X92.661 Y89.632 E3662.06856
G1 X92.835 Y89.59 E3662.07689
G1 X127.018 Y89.589 E3663.6686
G1 X127.266 Y89.721 E3663.68168
G1 X127.414 Y89.898 E3663.69242
G1 X127.482 Y90.097 E3663.70222
G1 X127.487 Y123.231 E3665.24507
G1 X127.42 Y123.468 E3665.25654
G1 X127.253 Y123.665 E3665.26857
G1 X126.963 Y123.784 E3665.28316
G1 X110 Y123.785 E3666.07303
G1 F2400 E3663.07303
G0 F15000 X110 Y124.825
G0 X110 Y161.653
G0 X110 Y161.96
G1 F2400 E3666.07303
G1 F5400 X149.388 Y161.96 E3667.9071
G1 X149.388 Y58.036 E3672.74624
G1 X70.608 Y58.036 E3676.41457
G1 X70.608 Y161.96 E3681.2537
G1 X110 Y161.96 E3683.08796
G0 F15000 X110 Y162.36
;TYPE:WALL-OUTER
G1 F5400 X149.788 Y162.36 E3684.94066
G1 X149.788 Y57.636 E3689.81704
G1 X70.208 Y57.636 E3693.52262
G1 X70.208 Y162.36 E3698.39901
G1 X110 Y162.36 E3700.25189
G1 F2400 E3697.25189
G0 F15000 X110 Y161.653
G0 X110 Y124.825
G0 X110 Y123.968
G0 X110 Y123.387
G1 F2400 E3700.25189
G1 F5400 X92.848 Y123.385 E3701.05056
G1 X92.776 Y123.355 E3701.05419
G1 X92.688 Y123.23 E3701.06131
G1 X92.691 Y90.15 E3702.60165
G1 X92.746 Y90.046 E3702.60713
G1 X92.87 Y89.988 E3702.61351
G1 X126.922 Y89.99 E3704.19911
G1 X126.998 Y90.02 E3704.20292
G1 X127.088 Y90.134 E3704.20968
G1 X127.086 Y123.223 E3705.75044
G1 X126.992 Y123.36 E3705.75818
G1 X126.905 Y123.388 E3705.76243
G1 X110 Y123.387 E3706.5496
G1 F2400 E3703.5496
G0 F15000 X110 Y123.698
G0 X127.326 Y123.626
G0 X127.326 Y89.75
G0 X114.704 Y89.409
G0 X114.704 Y88.551
G0 X114.776 Y80.08
G1 F2400 E3706.5496
G1 F5400 X113.612 Y79.968 E3706.60405
G1 X112.405 Y79.601 E3706.6628
G1 X111.356 Y79.039 E3706.71821
G1 X110.41 Y78.262 E3706.77521
G1 X109.645 Y77.33 E3706.83136
G1 X109.064 Y76.239 E3706.88891
G1 X108.712 Y75.068 E3706.94585
G1 X108.596 Y73.86 E3707.00236
G1 X108.72 Y72.653 E3707.05886
G1 X109.079 Y71.485 E3707.11576
G1 X109.646 Y70.429 E3707.17157
G1 X110.414 Y69.494 E3707.22791
G1 X111.352 Y68.725 E3707.28439
G1 X112.441 Y68.144 E3707.34186
G1 X113.612 Y67.792 E3707.3988
G1 X114.816 Y67.68 E3707.4551
G1 X115.984 Y67.792 E3707.50974
G1 X117.187 Y68.159 E3707.56831
G1 X118.244 Y68.725 E3707.62414
G1 X119.178 Y69.494 E3707.68047
G1 X119.954 Y70.435 E3707.73727
G1 X120.525 Y71.506 E3707.79378
G1 X120.881 Y72.672 E3707.85055
G1 X121 Y73.862 E3707.90624
G1 X120.881 Y75.088 E3707.96359
G1 X120.517 Y76.275 E3708.02141
G1 X119.954 Y77.325 E3708.07688
G1 X119.183 Y78.261 E3708.13335
G1 X118.223 Y79.049 E3708.19118
G1 X117.191 Y79.601 E3708.24568
G1 X115.984 Y79.964 E3708.30437
G1 X114.776 Y80.08 E3708.36088
G1 F2400 E3705.36088
G0 F15000 X114.706 Y80.786
G0 X113.699 Y80.638
G0 X100.463 Y77.255
G0 X100.532 Y76.552
G1 F2400 E3708.36088
G1 F5400 X100.048 Y76.504 E3708.38352
G1 X99.518 Y76.341 E3708.40934
G1 X99.053 Y76.095 E3708.43384
G1 X98.633 Y75.748 E3708.45921
G1 X98.295 Y75.331 E3708.4842
G1 X98.055 Y74.876 E3708.50816
G1 X97.903 Y74.372 E3708.53267
G1 X97.852 Y73.828 E3708.55811
G1 X97.908 Y73.305 E3708.5826
G1 X98.061 Y72.809 E3708.60677
G1 X98.306 Y72.35 E3708.631
G1 X98.652 Y71.937 E3708.65609
G1 X99.056 Y71.601 E3708.68056
G1 X99.497 Y71.363 E3708.70389
G1 X100.028 Y71.199 E3708.72977
G1 X100.572 Y71.148 E3708.75521
G1 X101.076 Y71.199 E3708.7788
G1 X101.607 Y71.363 E3708.80468
G1 X102.059 Y71.606 E3708.82857
G1 X102.474 Y71.956 E3708.85385
G1 X102.802 Y72.353 E3708.87783
G1 X103.048 Y72.822 E3708.90249
G1 X103.208 Y73.344 E3708.92791
G1 X103.256 Y73.868 E3708.95241
G1 X103.208 Y74.356 E3708.97525
G1 X103.047 Y74.882 E3709.00086
G1 X102.8 Y75.346 E3709.02534
G1 X102.444 Y75.775 E3709.0513
G1 X102.051 Y76.098 E3709.07498
G1 X101.601 Y76.336 E3709.09869
G1 X101.056 Y76.504 E3709.12524
G1 X100.532 Y76.552 E3709.14975
G1 F2400 E3706.14975
G0 F15000 X100.463 Y77.255
G0 X90.002 Y75.096
G0 X90.21 Y74.418
G1 F2400 E3709.14975
G1 F5400 X89.854 Y74.3 E3709.16721
G1 X89.662 Y74.114 E3709.17966
G1 X89.552 Y73.831 E3709.19379
G1 X89.566 Y73.545 E3709.20713
G1 X89.662 Y73.321 E3709.21848
G1 X89.863 Y73.13 E3709.23139
G1 X90.109 Y73.031 E3709.24373
G1 X90.388 Y73.03 E3709.25673
G1 X90.738 Y73.213 E3709.27512
G1 X90.898 Y73.471 E3709.28925
G1 X90.94 Y73.703 E3709.30023
G1 X90.895 Y73.97 E3709.31284
G1 X90.738 Y74.214 E3709.32635
G1 X90.491 Y74.372 E3709.34
G1 X90.21 Y74.418 E3709.35326
G1 F2400 E3706.35326
G0 F15000 X90.002 Y75.096
G0 X87.754 Y75.065
G0 X87.481 Y74.404
G1 F2400 E3709.35326
G1 F5400 X87.226 Y74.408 E3709.36514
G1 X86.954 Y74.3 E3709.37876
G1 X86.765 Y74.118 E3709.39098
G1 X86.659 Y73.872 E3709.40346
G1 X86.651 Y73.577 E3709.4172
G1 X86.847 Y73.208 E3709.43665
G1 X87.093 Y73.046 E3709.45037
G1 X87.367 Y72.986 E3709.46343
G1 X87.729 Y73.098 E3709.48107
G1 X87.937 Y73.301 E3709.49461
G1 X88.036 Y73.526 E3709.50605
G1 X88.048 Y73.837 E3709.52055
G1 X87.922 Y74.114 E3709.53472
G1 X87.73 Y74.301 E3709.5472
G1 X87.481 Y74.404 E3709.55974
G1 F2400 E3706.55974
G0 F15000 X87.754 Y75.065
G0 X88.494 Y75.835
G0 X88.698 Y76.328
G0 X88.697 Y76.904
G0 X88.359 Y77.535
G0 X87.929 Y77.823
G0 X87.139 Y77.976
G0 X87.344 Y77.298
G1 F2400 E3709.55974
G1 F5400 X86.968 Y77.185 E3709.57802
G1 X86.757 Y76.955 E3709.59256
G1 X86.648 Y76.587 E3709.61043
G1 X86.77 Y76.194 E3709.62959
G1 X87.075 Y75.946 E3709.6479
G1 X87.374 Y75.892 E3709.66204
G1 X87.709 Y75.989 E3709.67828
G1 X87.94 Y76.206 E3709.69304
G1 X88.042 Y76.445 E3709.70514
G1 X88.049 Y76.738 E3709.71879
G1 X87.864 Y77.09 E3709.7373
G1 X87.607 Y77.244 E3709.75126
G1 X87.344 Y77.298 E3709.76376
G1 F2400 E3706.76376
G0 F15000 X87.139 Y77.976
G0 X86.63 Y77.759
G0 X84.215 Y75.1
G0 X84.424 Y74.42
G1 F2400 E3709.76376
G1 F5400 X84.058 Y74.308 E3709.78158
G1 X83.847 Y74.091 E3709.79567
G1 X83.753 Y73.842 E3709.80807
G1 X83.752 Y73.577 E3709.82041
G1 X83.862 Y73.322 E3709.83334
G1 X84.03 Y73.154 E3709.8444
G1 X84.292 Y73.034 E3709.85782
G1 X84.586 Y73.028 E3709.87151
G1 X84.926 Y73.205 E3709.88936
G1 X85.089 Y73.446 E3709.90291
G1 X85.14 Y73.695 E3709.91474
G1 X85.096 Y73.965 E3709.92748
G1 X84.946 Y74.206 E3709.9407
G1 X84.705 Y74.367 E3709.9542
G1 X84.424 Y74.42 E3709.96751
G1 F2400 E3706.96751
G0 F15000 X84.215 Y75.1
G0 X84.966 Y74.979
G0 X85.408 Y74.685
G0 X85.701 Y74.245
G0 X85.81 Y73.72
G0 X86.36 Y72.752
G0 X87.139 Y72.176
G0 X87.344 Y71.498
G1 F2400 E3709.96751
G1 F5400 X86.966 Y71.38 E3709.98595
G1 X86.769 Y71.177 E3709.99912
G1 X86.647 Y70.789 E3710.01806
G1 X86.77 Y70.391 E3710.03746
G1 X87.072 Y70.148 E3710.05551
G1 X87.362 Y70.085 E3710.06933
G1 X87.719 Y70.193 E3710.08669
G1 X87.931 Y70.393 E3710.10027
G1 X88.042 Y70.644 E3710.11304
G1 X88.045 Y70.943 E3710.12697
G1 X87.867 Y71.285 E3710.14492
G1 X87.622 Y71.439 E3710.1584
G1 X87.344 Y71.498 E3710.17163
G1 F2400 E3707.17163
G0 F15000 X87.139 Y72.176
G0 X76.84 Y66.025
G0 X76.504 Y65.218
G0 X75.421 Y64.848
G1 F2400 E3710.17163
G1 F5400 X74.997 Y64.804 E3710.19148
G1 X74.617 Y64.688 E3710.20998
G1 X74.209 Y64.468 E3710.23156
G1 X73.909 Y64.224 E3710.24957
G1 X73.632 Y63.891 E3710.26974
G1 X73.412 Y63.483 E3710.29132
G1 X73.29 Y63.079 E3710.31097
G1 X73.252 Y62.641 E3710.33144
G1 X73.296 Y62.217 E3710.35129
G1 X73.412 Y61.837 E3710.36979
G1 X73.632 Y61.429 E3710.39138
G1 X73.909 Y61.096 E3710.41155
G1 X74.209 Y60.852 E3710.42955
G1 X74.617 Y60.632 E3710.45114
G1 X75.037 Y60.508 E3710.47153
G1 X75.459 Y60.472 E3710.49125
G1 X75.887 Y60.516 E3710.51129
G1 X76.3 Y60.648 E3710.53148
G1 X76.64 Y60.832 E3710.54948
G1 X77.004 Y61.125 E3710.57123
G1 X77.273 Y61.461 E3710.59128
G1 X77.468 Y61.834 E3710.61088
G1 X77.584 Y62.218 E3710.62955
G1 X77.631 Y62.681 E3710.65122
G1 X77.587 Y63.091 E3710.67043
G1 X77.463 Y63.501 E3710.69037
G1 X77.271 Y63.863 E3710.70945
G1 X76.974 Y64.224 E3710.73122
G1 X76.657 Y64.478 E3710.75013
G1 X76.263 Y64.688 E3710.77092
G1 X75.861 Y64.809 E3710.79047
G1 X75.421 Y64.848 E3710.81104
G1 F2400 E3707.81104
G0 F15000 X75.391 Y65.155
G0 X76.985 Y64.957
G0 X78.018 Y65.238
G0 X132.288 Y80.08
G1 F2400 E3710.81104
G1 F5400 X131.124 Y79.968 E3710.86549
G1 X129.917 Y79.601 E3710.92423
G1 X128.868 Y79.039 E3710.97965
G1 X127.921 Y78.261 E3711.03672
G1 X127.154 Y77.325 E3711.09307
G1 X126.583 Y76.258 E3711.14942
G1 X126.227 Y75.088 E3711.20636
G1 X126.108 Y73.898 E3711.26205
G1 X126.224 Y72.692 E3711.31847
G1 X126.583 Y71.502 E3711.37634
G1 X127.154 Y70.435 E3711.43269
G1 X127.913 Y69.508 E3711.48848
G1 X128.864 Y68.725 E3711.54584
G1 X129.953 Y68.144 E3711.60332
G1 X131.124 Y67.792 E3711.66025
G1 X132.328 Y67.68 E3711.71656
G1 X133.496 Y67.792 E3711.7712
G1 X134.699 Y68.159 E3711.82976
G1 X135.761 Y68.729 E3711.88589
G1 X136.688 Y69.492 E3711.94179
G1 X137.467 Y70.436 E3711.99878
G1 X138.044 Y71.525 E3712.05617
G1 X138.396 Y72.692 E3712.11293
G1 X138.512 Y73.9 E3712.16944
G1 X138.394 Y75.083 E3712.22479
G1 X138.029 Y76.275 E3712.28284
G1 X137.467 Y77.324 E3712.33826
G1 X136.68 Y78.275 E3712.39574
G1 X135.735 Y79.049 E3712.45262
G1 X134.689 Y79.608 E3712.50784
G1 X133.507 Y79.962 E3712.56529
G1 X132.288 Y80.08 E3712.62232
G1 F2400 E3709.62232
G0 F15000 X132.218 Y80.786
G0 X134.78 Y79.841
G0 X135.896 Y79.246
G0 X136.873 Y78.442
G0 X137.676 Y77.465
G0 X138.271 Y76.349
G0 X138.639 Y75.138
G0 X138.763 Y73.881
G0 X138.643 Y72.778
G0 X143.892 Y66.233
G0 X144.063 Y65.382
G0 X144.581 Y64.848
G1 F2400 E3712.62232
G1 F5400 X144.157 Y64.804 E3712.64217
G1 X143.776 Y64.686 E3712.66074
G1 X143.389 Y64.483 E3712.68109
G1 X143.065 Y64.216 E3712.70064
G1 X142.783 Y63.874 E3712.72128
G1 X142.585 Y63.507 E3712.7407
G1 X142.46 Y63.103 E3712.76039
G1 X142.412 Y62.677 E3712.78035
G1 X142.46 Y62.217 E3712.80189
G1 X142.591 Y61.801 E3712.8222
G1 X142.771 Y61.465 E3712.83995
G1 X143.068 Y61.101 E3712.86182
G1 X143.406 Y60.827 E3712.88208
G1 X143.781 Y60.632 E3712.90176
G1 X144.197 Y60.508 E3712.92198
G1 X144.619 Y60.472 E3712.9417
G1 X145.043 Y60.516 E3712.96155
G1 X145.423 Y60.632 E3712.98005
G1 X145.833 Y60.85 E3713.00167
G1 X146.153 Y61.121 E3713.0212
G1 X146.433 Y61.465 E3713.04185
G1 X146.628 Y61.837 E3713.06141
G1 X146.752 Y62.257 E3713.0818
G1 X146.788 Y62.679 E3713.10152
G1 X146.744 Y63.103 E3713.12137
G1 X146.613 Y63.519 E3713.14168
G1 X146.433 Y63.855 E3713.15943
G1 X146.133 Y64.218 E3713.18136
G1 X145.833 Y64.47 E3713.1996
G1 X145.423 Y64.688 E3713.22122
G1 X145.003 Y64.812 E3713.24161
G1 X144.581 Y64.848 E3713.26133
G1 F2400 E3710.26133
G0 F15000 X144.55 Y65.155
G0 X144.387 Y65.413
G0 X144.299 Y66.292
G0 X144.285 Y66.486
;TYPE:FILL
G1 F2400 E3713.26133
G1 F10800 X144.281 Y67.056 E3713.28788
G1 X146.909 Y69.523 E3713.45572
G1 X147.391 Y67.444 E3713.55509
G0 F15000 X146.875 Y69.72
G1 F10800 X146.638 Y71.082 E3713.61947
G1 X146.017 Y72.773 E3713.70335
G1 X148.082 Y73.428 E3713.80422
G1 X147.808 Y74.315 E3713.84745
G0 F15000 X145.924 Y72.95
G1 F10800 X145.367 Y74.009 E3713.90317
G1 X143.91 Y75.284 E3713.99332
G1 X143.498 Y76.158 E3714.03831
G0 F15000 X141.343 Y76.511
G1 F10800 X140.738 Y77.569 E3714.09506
G0 F15000 X139.798 Y75.1
G1 F10800 X140.183 Y73.948 E3714.15162
G1 X140.559 Y72.877 E3714.20448
G0 F15000 X141.939 Y73.401
G1 F10800 X140.625 Y72.689 E3714.27407
G1 X139.56 Y71.081 E3714.36388
G0 F15000 X139.631 Y70.832
G1 F10800 X140.551 Y70.41 E3714.41101
G0 F15000 X139.347 Y69.359
G1 F10800 X139.45 Y70.915 E3714.48362
G1 X138.776 Y71.194 E3714.51759
G0 F15000 X137.673 Y67.92
G1 F10800 X137.868 Y67.276 E3714.54892
G0 F15000 X136.865 Y64.192
G1 F10800 X137.046 Y63.459 E3714.58407
G1 X137.565 Y61.855 E3714.66258
G1 X139.188 Y60.72 E3714.7548
G1 X139.741 Y59.203 E3714.82998
G1 X138.16 Y58.617 E3714.90849
G0 F15000 X137.973 Y58.436
G1 F10800 X137.973 Y58.548 E3714.91371
G1 X136.926 Y58.52 E3714.96248
G0 F15000 X134.599 Y59.234
G1 F10800 X135.744 Y60.247 E3715.03366
G1 X135.222 Y61.87 E3715.11305
G1 X135.242 Y62.856 E3715.15897
G0 F15000 X133.68 Y61.534
G1 F10800 X134.054 Y60.378 E3715.21555
G1 X134.45 Y59.102 E3715.27776
G1 X134.45 Y58.436 E3715.30877
G0 F15000 X134.254 Y59.137
G1 F10800 X132.774 Y59.405 E3715.37881
G1 X132.256 Y60.986 E3715.45628
G1 X131.781 Y61.792 E3715.49984
G0 F15000 X132.553 Y64.299
G1 F10800 X132.878 Y65.235 E3715.54598
G0 F15000 X133.135 Y65.369
G1 F10800 X134.162 Y65.077 E3715.59569
G0 F15000 X139.034 Y63.943
G1 F10800 X141.029 Y61.226 E3715.75265
G1 X141.042 Y61.23 E3715.75328
G0 F15000 X142.214 Y58.571
G1 F10800 X142.214 Y58.436 E3715.75957
G0 F15000 X144.849 Y58.347
G0 X144.849 Y58.337
G1 F10800 X147.435 Y58.977 E3715.88362
G0 F15000 X149.034 Y64.425
G1 F10800 X148.948 Y64.497 E3715.88884
G1 X148.193 Y65.973 E3715.96604
G1 X147.436 Y67.25 E3716.03516
G1 X146.112 Y68.41 E3716.11713
G1 X145.574 Y70.013 E3716.19586
G1 X144.902 Y71.528 E3716.27304
G1 X144.353 Y72.455 E3716.3232
G0 F15000 X142.724 Y71.11
G1 F10800 X143.736 Y68.399 E3716.45795
G1 X144.206 Y67.241 E3716.51614
G0 F15000 X142.439 Y65.831
G1 F10800 X141.963 Y66.261 E3716.54601
G1 X140.927 Y64.57 E3716.63835
G1 X140.152 Y66.063 E3716.71668
G1 X137.926 Y67.085 E3716.83074
G1 X136.541 Y66.497 E3716.9008
G1 X135.938 Y67.368 E3716.95013
G1 X134.158 Y66.862 E3717.03629
G1 X132.943 Y65.423 E3717.12399
G1 X131.144 Y65.547 E3717.20796
G1 X130.2 Y66.323 E3717.26486
G1 X128.559 Y65.895 E3717.34383
G1 X128.674 Y64.546 E3717.40687
G1 X127.596 Y64.234 E3717.45913
G0 F15000 X128.782 Y64.379
G1 F10800 X129.369 Y63.475 E3717.50932
G0 F15000 X127.575 Y61.431
G1 F10800 X126.257 Y60.718 E3717.57909
G1 X125.089 Y59.149 E3717.67017
G1 X125.089 Y58.436 E3717.70337
G0 F15000 X125.262 Y59.051
G1 F10800 X125.912 Y58.683 E3717.73815
G0 F15000 X125.001 Y59.328
G1 F10800 X124.325 Y60.688 E3717.80887
G1 X123.306 Y63.396 E3717.9436
G0 F15000 X125.434 Y63.13
G1 F10800 X125.819 Y61.978 E3718.00016
G1 X126.192 Y60.906 E3718.05301
G0 F15000 X128.941 Y58.727
G1 F10800 X130.07 Y58.609 E3718.10587
G0 F15000 X130.268 Y58.436
G1 F10800 X130.268 Y58.589 E3718.11299
G1 X130.195 Y59.665 E3718.16321
G0 F15000 X128.47 Y66.074
G1 F10800 X127.819 Y67.381 E3718.2312
G1 X126.72 Y66.784 E3718.28944
G0 F15000 X124.365 Y67.748
G1 F10800 X124.218 Y69.124 E3718.35388
G1 X125.445 Y70.042 E3718.42523
G0 F15000 X126.832 Y69.572
G1 F10800 X126.223 Y69.073 E3718.46189
G1 X125.605 Y70.161 E3718.52016
G1 X125.222 Y72.627 E3718.63636
G1 X125.175 Y73.762 E3718.68926
G0 F15000 X122.479 Y74.528
G1 F10800 X123.771 Y75.663 E3718.76933
G1 X123.236 Y77.242 E3718.84697
G1 X122.778 Y78.721 E3718.91906
G1 X122.741 Y79.88 E3718.97306
G0 F15000 X122.579 Y78.71
G1 F10800 X121.284 Y78.632 E3719.03347
G1 X121.302 Y77.722 E3719.07585
G0 F15000 X122.222 Y75.361
G1 F10800 X122.329 Y74.397 E3719.12101
G1 X121.768 Y74.183 E3719.14897
G0 F15000 X122.338 Y74.198
G1 F10800 X122.404 Y72.816 E3719.21339
G0 F15000 X121.42 Y70.306
G1 F10800 X121.608 Y68.892 E3719.27982
G1 X120.464 Y67.643 E3719.35868
G0 F15000 X120.616 Y66.678
G1 F10800 X120.329 Y67.496 E3719.39905
G1 X118.942 Y66.904 E3719.46927
G0 F15000 X118.574 Y66.752
G1 F10800 X116.757 Y66.027 E3719.56036
G1 X115.36 Y65.564 E3719.62889
G0 F15000 X115.592 Y63.396
G1 F10800 X115.962 Y62.239 E3719.68546
G1 X116.345 Y60.956 E3719.7478
G1 X117.228 Y58.627 E3719.86378
G1 X118.368 Y58.671 E3719.91691
G1 X118.368 Y58.436 E3719.92785
G0 F15000 X120.411 Y59.952
G1 F10800 X121.055 Y59.15 E3719.97574
G1 X122.382 Y58.712 E3720.04081
G0 F15000 X122.571 Y58.436
G1 F10800 X122.571 Y58.65 E3720.05078
G1 X122.016 Y59.82 E3720.11108
G1 X121.467 Y61.417 E3720.18971
G1 X120.632 Y62.272 E3720.24536
G0 F15000 X120.837 Y64.721
G1 F10800 X119.468 Y65.261 E3720.31389
G1 X118.759 Y66.826 E3720.39389
G1 X118.029 Y67.709 E3720.44724
G0 F15000 X121.742 Y68.745
G1 F10800 X122.572 Y67.832 E3720.50469
G1 X123.237 Y66.281 E3720.58327
G1 X124.338 Y65.38 E3720.64952
G0 F15000 X124.108 Y69.29
G1 F10800 X123.597 Y70.057 E3720.69243
G0 F15000 X126.065 Y76.884
G1 F10800 X125.934 Y77.202 E3720.70845
G1 X125.357 Y78.496 E3720.77442
G1 X124.37 Y81.218 E3720.90924
G0 F15000 X126.196 Y81.742
G1 F10800 X126.157 Y80.679 E3720.95877
G1 X126.684 Y79.053 E3721.03836
G1 X126.009 Y77.387 E3721.12206
G0 F15000 X128.388 Y81.496
G1 F10800 X128.948 Y80.751 E3721.16546
G1 X130.519 Y81.201 E3721.24156
G1 X130.67 Y80.666 E3721.26744
G0 F15000 X130.684 Y81.313
G1 F10800 X132.399 Y82.472 E3721.36383
G1 X133.967 Y80.891 E3721.46751
G0 F15000 X132.535 Y82.618
G1 F10800 X133.684 Y83.854 E3721.54609
G1 X135.275 Y85.182 E3721.64259
G1 X135.009 Y86.006 E3721.68291
G0 F15000 X135.429 Y85.309
G1 F10800 X136.886 Y86.517 E3721.77104
G1 X136.606 Y87.336 E3721.81134
G0 F15000 X137.062 Y86.611
G1 F10800 X138.215 Y87.233 E3721.87234
G0 F15000 X138.993 Y84.94
G1 F10800 X139.179 Y84.21 E3721.90742
G1 X139.696 Y82.605 E3721.98594
G1 X140.224 Y81.007 E3722.0643
G1 X141.855 Y79.904 E3722.15599
G1 X142.405 Y78.368 E3722.23196
G1 X140.639 Y77.742 E3722.3192
G1 X139.125 Y77.607 E3722.38998
G1 X137.489 Y78.332 E3722.4733
G0 F15000 X137.399 Y78.53
G1 F10800 X136.951 Y79.802 E3722.5361
G1 X138.454 Y79.487 E3722.60761
G1 X137.928 Y81.09 E3722.68617
G1 X137.427 Y82.713 E3722.76526
G1 X137.371 Y83.604 E3722.80683
G0 F15000 X135.823 Y82.289
G1 F10800 X136.288 Y81.174 E3722.86308
G1 X136.864 Y79.982 E3722.92473
G0 F15000 X133.622 Y84.043
G1 F10800 X133.413 Y84.676 E3722.95577
G0 F15000 X131.842 Y83.356
G1 F10800 X132.293 Y82.641 E3722.99513
G0 F15000 X130.454 Y81.39
G1 F10800 X129.69 Y83.612 E3723.10454
G0 F15000 X127.697 Y84.691
G1 F10800 X128.76 Y85.547 E3723.16809
G1 X130.065 Y86.664 E3723.24808
G1 X128.6 Y88.098 E3723.34354
G1 X128.397 Y88.388 E3723.36002
G0 F15000 X128.747 Y88.232
G1 F10800 X129.915 Y89.3 E3723.43371
G1 X130.001 Y90.993 E3723.51265
G1 X131.605 Y91.581 E3723.5922
G1 X133.287 Y91.523 E3723.67057
G1 X133.136 Y90.621 E3723.71315
G0 F15000 X133.438 Y91.653
G1 F10800 X134.772 Y92.799 E3723.79504
G0 F15000 X132.571 Y94.687
G1 F10800 X132.35 Y95.317 E3723.82613
G0 F15000 X130.778 Y93.996
G1 F10800 X131.253 Y93.265 E3723.86672
G0 F15000 X131.574 Y91.778
G1 F10800 X131.362 Y93.098 E3723.92898
G1 X132.637 Y94.499 E3724.01718
G1 X134.624 Y95.68 E3724.12482
G1 X134.255 Y96.998 E3724.18855
G1 X135.302 Y98.531 E3724.27499
G1 X136.119 Y99.698 E3724.34132
G0 F15000 X137.705 Y101.655
G1 F10800 X136.41 Y103.021 E3724.42897
G1 X134.971 Y101.8 E3724.51685
G1 X134.324 Y103.099 E3724.58442
G0 F15000 X132.766 Y101.932
G1 F10800 X134.235 Y103.278 E3724.6772
G1 X133.799 Y104.538 E3724.73928
G1 X133.414 Y105.69 E3724.79584
G0 F15000 X135.542 Y105.424
G1 F10800 X135.941 Y104.277 E3724.85239
G1 X136.341 Y103.208 E3724.90553
G0 F15000 X136.555 Y103.158
G1 F10800 X137.612 Y104.155 E3724.97319
G1 X137.632 Y105.61 E3725.04095
G1 X138.671 Y107.066 E3725.12424
G1 X138.701 Y108.076 E3725.17129
G0 F15000 X138.518 Y110.066
G1 F10800 X139.838 Y109.915 E3725.23316
G1 X140.573 Y108.299 E3725.31582
G1 X141.146 Y107.192 E3725.37386
G0 F15000 X142.483 Y107.99
G1 F10800 X141.417 Y110.895 E3725.51795
G1 X140.884 Y112.493 E3725.59639
G1 X139.721 Y113.891 E3725.68107
G1 X138.501 Y116.345 E3725.80868
G0 F15000 X136.288 Y115.347
G1 F10800 X135.813 Y116.055 E3725.84838
G1 X133.164 Y113.667 E3726.01445
G1 X132.122 Y112.137 E3726.10065
G1 X132.653 Y110.538 E3726.1791
G1 X132.965 Y109.321 E3726.2376
G1 X130.773 Y108.766 E3726.34289
G0 F15000 X130.54 Y108.912
G1 F10800 X130.295 Y110.11 E3726.39983
G1 X129.956 Y111.276 E3726.45637
G0 F15000 X129.474 Y108.74
G1 F10800 X130.58 Y108.717 E3726.50788
G1 X130.959 Y107.072 E3726.58649
G1 X129.77 Y105.948 E3726.66267
G1 X128.742 Y105.657 E3726.71242
G0 F15000 X129.693 Y106.132
G1 F10800 X129.431 Y106.757 E3726.74398
G0 F15000 X129.938 Y105.841
G1 F10800 X131.249 Y105.005 E3726.81638
G0 F15000 X130.222 Y103.03
G1 F10800 X130.569 Y101.866 E3726.87294
G1 X130.874 Y100.51 E3726.93766
G1 X131.227 Y98.834 E3727.01741
G1 X129.937 Y97.688 E3727.09776
G0 F15000 X129.742 Y97.362
G1 F10800 X129.461 Y96.188 E3727.15397
G0 F15000 X128.747 Y97.387
G1 F10800 X129.788 Y97.556 E3727.20308
G1 X129.671 Y98.503 E3727.24751
G0 F15000 X129.475 Y100.503
G1 F10800 X130.674 Y100.509 E3727.30334
G0 F15000 X131.034 Y100.628
G1 F10800 X132.619 Y101.797 E3727.39505
G1 X133.114 Y100.458 E3727.46152
G0 F15000 X132.565 Y101.989
G1 F10800 X132.345 Y102.763 E3727.49899
G0 F15000 X136.283 Y107.896
G1 F10800 X135.728 Y108.638 E3727.54213
G1 X134.247 Y108.187 E3727.61422
G1 X133.114 Y109.189 E3727.68465
G0 F15000 X133.099 Y109.468
G1 F10800 X134.249 Y110.73 E3727.76415
G1 X136.064 Y111.45 E3727.85507
G1 X137.35 Y112.094 E3727.92205
G0 F15000 X139.772 Y111.004
G1 F10800 X139.826 Y110.114 E3727.96356
G0 F15000 X143.999 Y112.017
G1 F10800 X144.852 Y112.665 E3728.01344
G0 F15000 X145.728 Y111.463
G1 F10800 X145.176 Y110.277 E3728.07436
G0 F15000 X146.525 Y108.12
G1 F10800 X146.873 Y107.165 E3728.12169
G1 X147.278 Y105.571 E3728.19827
G1 X147.808 Y103.985 E3728.27613
G1 X146.492 Y102.745 E3728.36033
G1 X147.805 Y101.51 E3728.44426
G1 X148.909 Y100.428 E3728.51624
G1 X149.03 Y100.333 E3728.52341
G0 F15000 X147.256 Y97.094
G1 F10800 X146.706 Y98.433 E3728.59081
G1 X146.172 Y100.034 E3728.6694
G1 X144.978 Y101.304 E3728.75057
G1 X143.304 Y104.181 E3728.90556
G1 X143.421 Y105.405 E3728.96281
G0 F15000 X143.112 Y104.126
G1 F10800 X142.226 Y103.869 E3729.00577
G0 F15000 X140.284 Y102.754
G1 F10800 X140.625 Y102.043 E3729.04249
G1 X141.124 Y100.46 E3729.11977
G1 X141.644 Y98.868 E3729.19776
G1 X142.817 Y99.934 E3729.27156
G0 F15000 X142.721 Y100.902
G1 F10800 X142.964 Y100.068 E3729.31201
G1 X144.585 Y98.689 E3729.41111
G1 X145.129 Y97.078 E3729.49029
G1 X145.771 Y96.237 E3729.53955
G0 F15000 X143.816 Y96.392
G1 F10800 X144.376 Y95.647 E3729.58295
G1 X145.892 Y96.079 E3729.65635
G1 X147.332 Y96.91 E3729.73377
G1 X147.942 Y95.409 E3729.80921
G0 F15000 X148.609 Y93.027
G1 F10800 X148.017 Y95.224 E3729.91516
G1 X147.021 Y94.208 E3729.98141
G1 X145.608 Y93.406 E3730.05707
G1 X144.363 Y92.472 E3730.12954
G0 F15000 X147.199 Y91.581
G1 F10800 X147.388 Y90.673 E3730.17273
G1 X147.846 Y89.059 E3730.25085
G1 X148.309 Y87.617 E3730.32137
G1 X148.503 Y85.545 E3730.41827
G1 X147.005 Y86.374 E3730.498
G1 X146.157 Y87.884 E3730.57864
G1 X144.612 Y86.207 E3730.68481
G1 X145.317 Y84.834 E3730.75668
G1 X146.731 Y83.502 E3730.84714
G1 X147.265 Y81.903 E3730.92563
G1 X147.824 Y80.308 E3731.00433
G1 X148.456 Y78.875 E3731.07726
G0 F15000 X148.355 Y78.609
G1 F10800 X147.059 Y78.018 E3731.14359
G1 X146.495 Y79.332 E3731.21017
G1 X145.199 Y82.632 E3731.37526
G1 X142.286 Y82.327 E3731.51164
G1 X141.75 Y83.926 E3731.59017
G1 X141.194 Y85.533 E3731.66935
G1 X140.625 Y86.285 E3731.71326
G0 F15000 X142.423 Y87.595
G1 F10800 X142.934 Y86.714 E3731.76068
G1 X143.47 Y85.149 E3731.83771
G1 X143.996 Y83.56 E3731.91565
G1 X145.041 Y82.754 E3731.9771
G0 F15000 X144.076 Y80.695
G1 F10800 X144.528 Y79.991 E3732.01606
G1 X145.288 Y78.401 E3732.09812
G1 X145.627 Y76.791 E3732.17473
G1 X146.908 Y77.888 E3732.25326
G0 F15000 X148.687 Y76.809
G1 F10800 X148.536 Y78.692 E3732.34123
G1 X148.994 Y78.8 E3732.36314
G0 F15000 X144.506 Y86.376
G1 F10800 X143.78 Y87.527 E3732.4265
G1 X143.253 Y89.115 E3732.50441
G1 X141.531 Y90.419 E3732.60499
G1 X140.303 Y89.295 E3732.68251
G1 X139.752 Y90.895 E3732.76131
G1 X139.288 Y91.601 E3732.80064
G0 F15000 X137.62 Y90.344
G1 F10800 X137.167 Y91.046 E3732.83955
G1 X135.504 Y90.518 E3732.92079
G1 X135.509 Y89.171 E3732.98352
G1 X132.441 Y87.911 E3733.13795
G1 X132.318 Y86.925 E3733.18422
G1 X130.263 Y86.687 E3733.28055
G0 F15000 X128.425 Y88.002
G1 F10800 X126.921 Y87.171 E3733.36056
G1 X125.159 Y86.397 E3733.45018
G1 X122.981 Y86.644 E3733.55224
G1 X123.808 Y84.234 E3733.67089
G0 F15000 X125.407 Y85.564
G1 F10800 X125.216 Y86.206 E3733.70207
G0 F15000 X122.789 Y86.59
G1 F10800 X121.142 Y86.119 E3733.78184
G1 X121.414 Y85.298 E3733.82211
G0 F15000 X120.943 Y86.107
G1 F10800 X119.622 Y86.023 E3733.88375
G0 F15000 X118.456 Y88.186
G1 F10800 X117.497 Y88.49 E3733.93059
G0 F15000 X117.265 Y88.355
G1 F10800 X116.982 Y87.052 E3733.99268
G1 X115.29 Y86.652 E3734.07364
G1 X115.564 Y85.83 E3734.11399
G0 F15000 X115.092 Y86.675
G1 F10800 X113.139 Y86.911 E3734.20559
G1 X111.3 Y86.385 E3734.29465
G1 X111.572 Y85.564 E3734.33492
G0 F15000 X111.101 Y86.373
G1 F10800 X109.78 Y86.289 E3734.39656
G0 F15000 X110.456 Y88.337
G1 F10800 X109.749 Y88.505 E3734.4304
G0 F15000 X108.786 Y88.438
G1 F10800 X107.309 Y87.422 E3734.51387
G1 X105.407 Y86.907 E3734.60563
G1 X105.685 Y85.561 E3734.66963
G1 X104.627 Y84.624 E3734.73543
G0 F15000 X105.874 Y85.498
G1 F10800 X107.294 Y85.022 E3734.80517
G0 F15000 X106.282 Y83.08
G1 F10800 X106.721 Y81.949 E3734.86166
G1 X107.369 Y80.636 E3734.92984
G1 X107.617 Y79.271 E3734.99444
G0 F15000 X107.476 Y80.804
G1 F10800 X108.28 Y82.064 E3735.06404
G0 F15000 X110.754 Y81.918
G1 F10800 X110.006 Y84.144 E3735.17339
G0 F15000 X112.147 Y82.445
G1 F10800 X110.818 Y81.729 E3735.24368
G1 X109.223 Y80.291 E3735.34368
G1 X107.652 Y79.075 E3735.43619
G1 X104.713 Y76.554 E3735.61649
G0 F15000 X104.434 Y76.577
G1 F10800 X103.634 Y77.533 E3735.67453
G1 X103.069 Y79.036 E3735.7493
G1 X102.449 Y80.246 E3735.81261
G0 F15000 X101.733 Y78.285
G1 F10800 X101.942 Y77.33 E3735.85813
G1 X103.436 Y77.51 E3735.9282
G0 F15000 X101.742 Y77.332
G1 F10800 X100.48 Y77.348 E3735.98697
G0 F15000 X97.892 Y79.405
G1 F10800 X99.065 Y80.136 E3736.05133
G1 X99.099 Y81.485 E3736.11416
G1 X100.472 Y82.798 E3736.20262
G1 X100.723 Y82.119 E3736.23633
G0 F15000 X103.667 Y82.247
G1 F10800 X103.067 Y83.245 E3736.29055
G1 X102.442 Y84.794 E3736.36833
G1 X101.923 Y85.891 E3736.42484
G0 F15000 X101.648 Y86.011
G1 F10800 X99.834 Y85.439 E3736.51341
G1 X98.048 Y84.777 E3736.6021
G0 F15000 X95.58 Y84.194
G1 F10800 X94.9 Y84.334 E3736.63443
G0 F15000 X94.252 Y83.184
G1 F10800 X94.705 Y84.374 E3736.69372
G1 X94.096 Y85.897 E3736.77009
G1 X95.369 Y86.855 E3736.84428
G1 X97.251 Y87.531 E3736.9374
G1 X97.663 Y88.27 E3736.97679
G0 F15000 X97.85 Y88.422
G1 F10800 X98.772 Y88.186 E3737.02111
G0 F15000 X101.25 Y87.345
G1 F10800 X101.838 Y86.071 E3737.08645
G1 X103.609 Y86.576 E3737.1722
G1 X105.211 Y86.871 E3737.24805
G0 F15000 X105.218 Y80.154
G1 F10800 X105.534 Y78.983 E3737.30453
G1 X105.867 Y77.361 E3737.38163
G1 X104.562 Y76.424 E3737.45644
G1 X103.559 Y75.606 E3737.5167
G0 F15000 X104.983 Y73.518
G1 F10800 X105.625 Y72.718 E3737.56447
G1 X106.977 Y72.326 E3737.63001
G0 F15000 X107.504 Y70.629
G1 F10800 X104.391 Y69.96 E3737.77828
G1 X104.416 Y69.078 E3737.81936
G0 F15000 X106.038 Y70.321
G1 F10800 X106.513 Y69.613 E3737.85906
G1 X107.55 Y70.538 E3737.92377
G0 F15000 X108.408 Y71.049
G1 F10800 X107.699 Y70.671 E3737.96118
G1 X107.169 Y72.271 E3738.03967
G1 X106.886 Y73.668 E3738.10604
G1 X106.548 Y74.834 E3738.16257
G0 F15000 X107.56 Y76.776
G1 F10800 X106.056 Y77.296 E3738.23667
G0 F15000 X111.564 Y79.92
G0 X113.25 Y80.614
G1 F10800 X114.489 Y80.663 E3738.2944
G0 F15000 X114.479 Y80.764
G0 X115.066 Y83.054
G1 F10800 X115.899 Y82.701 E3738.33653
G1 X116.929 Y81.305 E3738.41731
G1 X118.345 Y81.68 E3738.48552
G0 F15000 X118.73 Y81.785
G1 F10800 X120.386 Y82.259 E3738.56573
G1 X120.114 Y83.08 E3738.606
G0 F15000 X120.585 Y82.271
G1 F10800 X121.906 Y82.355 E3738.66764
G0 F15000 X118.778 Y79.55
G1 F10800 X118.538 Y81.731 E3738.76981
G1 X117.72 Y84.144 E3738.88845
G0 F15000 X113.432 Y86.095
G1 F10800 X113.206 Y86.723 E3738.91952
G0 F15000 X96.972 Y81.75
G1 F10800 X97.359 Y80.598 E3738.97611
G1 X97.669 Y79.492 E3739.0296
G0 F15000 X95.67 Y79.634
G1 F10800 X96.23 Y78.889 E3739.07299
G1 X97.723 Y79.3 E3739.1451
G1 X98.156 Y77.12 E3739.24859
G1 X96.591 Y76.057 E3739.33669
G1 X97.153 Y74.639 E3739.40771
G0 F15000 X97.124 Y74.441
G1 F10800 X96.891 Y72.904 E3739.4801
G1 X95.589 Y73.712 E3739.55145
G1 X95.074 Y74.561 E3739.59769
G0 F15000 X92.789 Y74.69
G1 F10800 X92.876 Y73.614 E3739.64796
G0 F15000 X92.788 Y75.088
G1 F10800 X92.908 Y76.686 E3739.72257
G1 X93.982 Y77.011 E3739.77482
G0 F15000 X92.852 Y76.877
G1 F10800 X92.492 Y78.106 E3739.83446
G1 X93.185 Y79.669 E3739.91407
G1 X93.214 Y80.678 E3739.96107
G0 F15000 X91.01 Y80.191
G1 F10800 X90.369 Y78.4 E3740.04965
G1 X90.113 Y76.993 E3740.11624
G1 X90.573 Y75.415 E3740.19278
G0 F15000 X90.669 Y75.119
G1 F10800 X90.628 Y75.223 E3740.19798
G1 X89.557 Y74.879 E3740.25036
G0 F15000 X89.534 Y74.953
G0 X89.914 Y77.012
G1 F10800 X89.305 Y77.071 E3740.27885
G0 F15000 X87.785 Y79.215
G1 F10800 X87.571 Y81.207 E3740.37214
G1 X87.145 Y82.022 E3740.41496
G0 F15000 X87.762 Y81.263
G1 F10800 X88.965 Y81.618 E3740.47337
G1 X88.446 Y83.236 E3740.55249
G1 X88.431 Y84.137 E3740.59445
G0 F15000 X87.333 Y86.909
G1 F10800 X87.715 Y88.34 E3740.66342
G0 F15000 X89.189 Y89.36
G1 F10800 X88.46 Y91.592 E3740.77275
G0 F15000 X86.573 Y91.054
G1 F10800 X86.679 Y89.906 E3740.82643
G0 F15000 X84.982 Y89.725
G1 F10800 X85.101 Y88.777 E3740.87092
G1 X86.697 Y89.707 E3740.95694
G1 X87.766 Y88.533 E3741.03087
G1 X89.25 Y89.17 E3741.10607
G1 X90.855 Y90.503 E3741.20322
G1 X91.044 Y90.418 E3741.21287
G0 F15000 X90.794 Y90.693
G1 F10800 X90.587 Y91.326 E3741.24388
G0 F15000 X91.043 Y93.827
G1 F10800 X87.265 Y95.517 E3741.4366
G1 X87.298 Y94.362 E3741.4904
G0 F15000 X87.066 Y95.523
G1 F10800 X85.72 Y95.57 E3741.55311
G1 X84.262 Y93.444 E3741.67315
G1 X83.877 Y94.716 E3741.73504
G1 X83.093 Y97.433 E3741.86671
G0 F15000 X84.736 Y97.976
G1 F10800 X85.155 Y96.837 E3741.92322
G1 X85.639 Y95.752 E3741.97854
G0 F15000 X87.188 Y95.701
G1 F10800 X86.601 Y97.087 E3742.04863
G1 X85.532 Y100.287 E3742.20573
G1 X83.881 Y101.647 E3742.30533
G1 X83.505 Y102.935 E3742.36781
G1 X82.608 Y105.69 E3742.50272
G0 F15000 X81.232 Y104.35
G1 F10800 X81.573 Y103.639 E3742.53944
G1 X82.072 Y102.056 E3742.61673
G1 X82.592 Y100.464 E3742.69471
G1 X83.734 Y101.512 E3742.76689
G0 F15000 X81.012 Y98.948
G1 F10800 X80.049 Y99.447 E3742.81739
G1 X78.808 Y100.655 E3742.89803
G1 X77.5 Y101.711 E3742.97631
G1 X75.338 Y101.886 E3743.07731
G1 X74.253 Y102.618 E3743.13826
G0 F15000 X74.248 Y102.848
G1 F10800 X75.783 Y103.993 E3743.22743
G1 X77.698 Y104.462 E3743.31923
G1 X78.847 Y103.676 E3743.38406
G0 F15000 X77.809 Y104.627
G1 F10800 X78.553 Y105.732 E3743.44609
G1 X78.584 Y106.746 E3743.49332
G0 F15000 X80.153 Y108.16
G1 F10800 X79.511 Y108.96 E3743.54109
G1 X78.164 Y109.361 E3743.60653
G0 F15000 X78.498 Y110.787
G1 F10800 X77.973 Y109.417 E3743.67485
G1 X76.52 Y108.116 E3743.76566
G1 X76.788 Y106.571 E3743.83868
G1 X75.461 Y105.208 E3743.92726
G1 X75.732 Y104.186 E3743.97649
G0 F15000 X73.583 Y103.57
G1 F10800 X74.088 Y102.729 E3744.02217
G1 X72.602 Y102.06 E3744.09805
G0 F15000 X72.823 Y100.209
G1 F10800 X74.641 Y99.176 E3744.19542
G1 X74.867 Y98.332 E3744.2361
G0 F15000 X74.835 Y99.221
G1 F10800 X76.262 Y99.556 E3744.30435
G1 X77.773 Y99.048 E3744.37858
G1 X78.685 Y98.494 E3744.42827
G0 F15000 X77.254 Y97.17
G1 F10800 X77.226 Y96.163 E3744.47518
G1 X76.305 Y95.178 E3744.53797
G0 F15000 X76.355 Y94.961
G1 F10800 X77.907 Y94.364 E3744.6154
G1 X79.461 Y94.506 E3744.68806
G1 X79.581 Y95.563 E3744.7376
G0 F15000 X79.559 Y94.333
G1 F10800 X80.162 Y93.269 E3744.79455
G0 F15000 X78.683 Y91.045
G1 F10800 X76.233 Y92.511 E3744.92749
G1 X74.896 Y93.487 E3745.00457
G0 F15000 X73.826 Y94.582
G1 F10800 X74.735 Y93.604 E3745.06674
G1 X76.169 Y95.032 E3745.16098
G1 X75.707 Y95.854 E3745.20488
G0 F15000 X73.54 Y96.108
G1 F10800 X73.69 Y94.728 E3745.26952
G1 X72.351 Y93.982 E3745.34089
G1 X72.468 Y92.246 E3745.42191
G1 X70.989 Y91.064 E3745.51007
G1 X70.948 Y91.022 E3745.51281
G0 F15000 X72.267 Y94.163
G1 F10800 X71.977 Y94.788 E3745.54489
G0 F15000 X70.995 Y97.064
G1 F10800 X71.287 Y97.17 E3745.55935
G1 X71.505 Y98.632 E3745.62818
G1 X72.65 Y100.307 E3745.72266
G1 X72.42 Y101.978 E3745.8012
G1 X72.018 Y103.444 E3745.87199
G1 X72.667 Y105.684 E3745.98058
G1 X71.755 Y106.591 E3746.04047
G1 X72.431 Y108.838 E3746.14973
G1 X73.8 Y110.174 E3746.2388
G1 X73.56 Y111.009 E3746.27926
G0 F15000 X73.947 Y110.309
G1 F10800 X75.13 Y111.397 E3746.3541
G1 X75.477 Y112.77 E3746.42004
G1 X76.692 Y114.449 E3746.51655
G1 X77.152 Y112.985 E3746.588
G1 X78.441 Y114.209 E3746.67077
G1 X78.335 Y114.996 E3746.70775
G0 F15000 X76.647 Y114.643
G1 F10800 X76.34 Y115.939 E3746.76977
G1 X77.452 Y116.815 E3746.83568
G1 X77.264 Y118.186 E3746.90012
G0 F15000 X77.619 Y116.924
G1 F10800 X79.138 Y117.921 E3746.98473
G1 X79.688 Y116.32 E3747.06355
G1 X80.162 Y115.613 E3747.10319
G0 F15000 X82.373 Y113.95
G1 F10800 X82.979 Y113.173 E3747.14907
G1 X83.548 Y111.554 E3747.22898
G1 X84.085 Y109.953 E3747.30761
G1 X85.834 Y109.224 E3747.39584
G1 X86.422 Y107.598 E3747.47635
G1 X87.518 Y104.387 E3747.63434
G1 X89.317 Y103.625 E3747.72531
G1 X90.586 Y103.471 E3747.78484
G0 F15000 X90.76 Y102.342
G1 F10800 X90.784 Y103.447 E3747.8363
G1 X90.642 Y100.004 E3747.99676
G1 X90.906 Y98.706 E3748.05844
G1 X91.044 Y98.643 E3748.0655
G0 F15000 X90.758 Y98.573
G1 F10800 X89.367 Y97.325 E3748.15252
G1 X90.552 Y96.495 E3748.21989
G0 F15000 X89.253 Y97.489
G1 F10800 X88.526 Y98.536 E3748.27924
G1 X87.753 Y99.976 E3748.35534
G1 X87.167 Y101.567 E3748.43429
G1 X86.027 Y102.954 E3748.51789
G1 X85.364 Y104.427 E3748.59311
G1 X83.886 Y107.18 E3748.73861
G1 X82.574 Y108.533 E3748.82636
G1 X82.048 Y110.12 E3748.90421
G1 X81.479 Y111.666 E3748.98092
G1 X80.978 Y112.599 E3749.03023
G0 F15000 X85.029 Y112.086
G1 F10800 X85.557 Y111.355 E3749.07222
G1 X86.86 Y110.383 E3749.14792
G1 X87.682 Y108.984 E3749.22347
G1 X88.346 Y107.397 E3749.30358
G1 X88.936 Y105.793 E3749.38316
G1 X90.448 Y107.014 E3749.47366
G1 X91.031 Y106.882 E3749.50149
G0 F15000 X90.396 Y107.206
G1 F10800 X90.017 Y108.593 E3749.56844
G1 X89.421 Y109.874 E3749.63423
G1 X88.992 Y111.01 E3749.69077
G0 F15000 X90.813 Y110.75
G1 F10800 X90.086 Y108.78 E3749.78855
G0 F15000 X91.044 Y113.778
G1 F10800 X91.127 Y114.741 E3749.83356
G0 F15000 X90.95 Y114.853
G1 F10800 X90.134 Y115.258 E3749.87598
G1 X88.48 Y113.917 E3749.97513
G1 X87.827 Y114.938 E3750.03156
G1 X87.161 Y116.469 E3750.10931
G1 X86.622 Y118.073 E3750.1881
G1 X85.23 Y119.315 E3750.27497
G1 X84.455 Y120.621 E3750.34568
G1 X83.699 Y122.061 E3750.42141
G1 X83.161 Y123.664 E3750.50015
G1 X81.872 Y124.976 E3750.58579
G1 X81.311 Y125.921 E3750.63696
G0 F15000 X78.9 Y125.532
G1 F10800 X77.729 Y124.832 E3750.70049
G1 X76.536 Y123.075 E3750.79938
G1 X76.654 Y122.102 E3750.84502
G0 F15000 X74.243 Y123.376
G1 F10800 X74.653 Y124.789 E3750.91353
G1 X73.541 Y126.37 E3751.00353
G1 X74.877 Y128.001 E3751.1017
G1 X76.661 Y129.352 E3751.20591
G1 X76.366 Y130.799 E3751.27467
G1 X75.717 Y131.769 E3751.32902
G0 F15000 X76.539 Y130.898
G1 F10800 X77.914 Y131.686 E3751.40281
G1 X79.175 Y132.81 E3751.48147
G1 X79.979 Y131.967 E3751.53571
G1 X80.949 Y133.135 E3751.60641
G1 X80.978 Y134.144 E3751.65341
G0 F15000 X82.844 Y134.773
G1 F10800 X82.587 Y135.547 E3751.69139
G1 X81.323 Y136.813 E3751.77469
G1 X81.711 Y137.807 E3751.82437
G0 F15000 X83.631 Y139.255
G1 F10800 X82.913 Y140.071 E3751.87499
G1 X84.737 Y141.034 E3751.97103
G1 X85.464 Y141.408 E3752.0091
G0 F15000 X85.744 Y143.264
G1 F10800 X84.304 Y143.439 E3752.07664
G1 X82.525 Y143.031 E3752.16163
G1 X80.208 Y143.402 E3752.2709
G1 X78.016 Y143.302 E3752.37307
G1 X76.43 Y143.833 E3752.45095
G1 X74.714 Y144.43 E3752.53555
G1 X73.849 Y145.366 E3752.5949
G0 F15000 X74.859 Y144.567
G1 F10800 X76.194 Y145.83 E3752.68047
G1 X75.71 Y146.661 E3752.72525
G0 F15000 X76.326 Y145.979
G1 F10800 X77.24 Y147.007 E3752.7893
G1 X77.594 Y148.319 E3752.85258
G1 X78.917 Y149.894 E3752.94836
G1 X79.385 Y148.614 E3753.01182
G1 X80.772 Y149.828 E3753.09765
G1 X80.481 Y150.645 E3753.13804
G0 F15000 X80.967 Y149.871
G1 F10800 X82.032 Y150.106 E3753.18882
G0 F15000 X82.118 Y148.112
G1 F10800 X81.58 Y147.239 E3753.23657
G1 X81.693 Y146.31 E3753.28015
G0 F15000 X83.07 Y146.194
G1 F10800 X81.717 Y146.112 E3753.34326
G1 X79.842 Y145.701 E3753.43264
G1 X77.969 Y145.17 E3753.5233
G1 X76.381 Y145.761 E3753.60219
G0 F15000 X73.54 Y146.914
G1 F10800 X73.714 Y145.512 E3753.66798
G1 X72.666 Y144.584 E3753.73316
G1 X72.763 Y142.983 E3753.80785
G1 X70.976 Y141.831 E3753.90685
G0 F15000 X72.942 Y142.896
G1 F10800 X74.316 Y142.226 E3753.97803
G0 F15000 X75.448 Y140.014
G1 F10800 X75.962 Y139.16 E3754.02444
G1 X75.914 Y137.441 E3754.10452
G1 X74.414 Y135.825 E3754.20718
G1 X74.283 Y134.336 E3754.27679
G1 X73.721 Y132.215 E3754.37896
G1 X73.576 Y131.107 E3754.43099
G0 F15000 X71.963 Y130.693
G1 F10800 X72.339 Y129.922 E3754.47093
G1 X73.551 Y130.909 E3754.54371
G1 X74.794 Y128.182 E3754.68326
G0 F15000 X73.445 Y126.545
G1 F10800 X72.927 Y127.482 E3754.73312
G1 X71.61 Y126.281 E3754.81611
G1 X71.596 Y125.378 E3754.85817
G0 F15000 X77.301 Y125.646
G1 F10800 X77.636 Y125.008 E3754.89172
G0 F15000 X79.699 Y123.137
G1 F10800 X78.677 Y122.512 E3754.9475
G1 X77.867 Y120.96 E3755.02902
G1 X76.677 Y121.904 E3755.09975
G1 X74.759 Y122.202 E3755.19013
G1 X74.188 Y123.184 E3755.24302
G1 X72.763 Y121.875 E3755.33312
G1 X72.591 Y120.249 E3755.40926
G1 X71.736 Y118.667 E3755.493
G1 X72.21 Y117.235 E3755.56323
G0 F15000 X71.66 Y118.851
G1 F10800 X71.385 Y119.51 E3755.59648
G0 F15000 X74.92 Y119.136
G1 F10800 X72.272 Y117.046 E3755.75356
G1 X73.709 Y115.657 E3755.84663
G1 X72.64 Y114.331 E3755.92594
G1 X72.871 Y113.014 E3755.9882
G1 X71.739 Y111.597 E3756.07265
G1 X72.265 Y109.982 E3756.15174
G1 X72.403 Y109.035 E3756.1963
G0 F15000 X73.681 Y106.816
G1 F10800 X72.8 Y105.832 E3756.2578
G0 F15000 X71.687 Y106.404
G1 F10800 X71.37 Y105.529 E3756.30114
G0 F15000 X72.514 Y97.871
G1 F10800 X71.46 Y97.269 E3756.35766
G0 F15000 X77.287 Y89.73
G1 F10800 X77.485 Y89.093 E3756.38872
G0 F15000 X79.363 Y88.676
G1 F10800 X78.879 Y87.964 E3756.4288
G1 X77.544 Y88.902 E3756.50478
G1 X75.946 Y88.611 E3756.58041
G1 X75.112 Y89.984 E3756.65521
G1 X73.138 Y88.985 E3756.75823
G1 X72.191 Y87.496 E3756.8404
G1 X72.699 Y86.213 E3756.90466
G1 X73.093 Y84.867 E3756.96996
G1 X71.733 Y82.914 E3757.08078
G0 F15000 X71.358 Y83.595
G1 F10800 X71.619 Y82.75 E3757.12196
G1 X73.514 Y81.737 E3757.22201
G1 X73.918 Y80.321 E3757.29058
G1 X72.515 Y79.351 E3757.37
G1 X73.046 Y77.753 E3757.44841
G1 X73.42 Y76.436 E3757.51216
G0 F15000 X73.639 Y76.356
G1 F10800 X74.839 Y77.177 E3757.57987
G1 X76.18 Y78.39 E3757.66407
G1 X76.162 Y80.138 E3757.74546
G1 X75.707 Y80.958 E3757.78913
G0 F15000 X76.345 Y80.218
G1 F10800 X77.642 Y80.784 E3757.85502
G1 X77.551 Y82.506 E3757.93532
G1 X78.561 Y83.107 E3757.99005
G0 F15000 X77.731 Y80.606
G1 F10800 X78.048 Y79.974 E3758.02297
G0 F15000 X80.216 Y80.654
G1 F10800 X81.311 Y79.758 E3758.08885
G1 X81.851 Y78.154 E3758.16766
G1 X82.496 Y76.617 E3758.24527
G1 X83.08 Y75.578 E3758.30077
G1 X81.879 Y74.427 E3758.37823
G0 F15000 X81.578 Y74.167
G1 F10800 X80.17 Y73.073 E3758.46126
G1 X79.426 Y74.512 E3758.53669
G1 X78.184 Y73.13 E3758.62321
G1 X78.347 Y71.738 E3758.68847
G0 F15000 X78.092 Y73.307
G1 F10800 X77.471 Y74.505 E3758.7513
G1 X77.022 Y75.632 E3758.80779
G0 F15000 X78.618 Y76.962
G1 F10800 X78.992 Y75.806 E3758.86437
G1 X79.363 Y74.701 E3758.91865
G0 F15000 X80.214 Y78.292
G1 F10800 X81.185 Y75.564 E3759.05348
G1 X81.735 Y74.289 E3759.11814
G1 X82.958 Y73.839 E3759.17882
G0 F15000 X83.14 Y73.742
G1 F10800 X83.063 Y73.346 E3759.1976
G0 F15000 X84.009 Y71.184
G1 F10800 X82.6 Y70.791 E3759.26572
G1 X82.607 Y69.877 E3759.30828
G0 F15000 X80.48 Y70.046
G1 F10800 X81.409 Y67.302 E3759.44317
G1 X81.79 Y66.232 E3759.49606
G0 F15000 X79.95 Y65.525
G1 F10800 X80.241 Y64.709 E3759.5364
G1 X78.393 Y65.116 E3759.62451
G1 X78.383 Y65.108 E3759.62511
G1 X78.249 Y65.253
G1 X77.726 Y65.751 E3759.65874
G1 X77.286 Y66.708 E3759.70778
G1 X75.997 Y66.606 E3759.76799
G0 F15000 X77.39 Y66.878
G1 F10800 X78.218 Y68.236 E3759.84205
G0 F15000 X76.456 Y71.102
G1 F10800 X76.429 Y70.099 E3759.88877
G1 X74.83 Y68.76 E3759.98589
G1 X73.807 Y67.785 E3760.05169
G0 F15000 X72.269 Y66.222
G1 F10800 X73.663 Y67.647 E3760.14452
G1 X73.495 Y68.587 E3760.18898
G1 X72.436 Y71.786 E3760.34589
G1 X74.012 Y72.216 E3760.42196
G1 X74.326 Y71.463 E3760.45995
G0 F15000 X74.114 Y72.387
G1 F10800 X75.102 Y74.038 E3760.54954
G1 X73.888 Y74.977 E3760.621
G1 X73.474 Y76.244 E3760.68307
G1 X71.658 Y75.529 E3760.77395
G1 X71.566 Y74.447 E3760.82451
G0 F15000 X74.79 Y77.37
G1 F10800 X74.621 Y78.025 E3760.85601
G0 F15000 X73.669 Y81.863
G1 F10800 X74.67 Y82.676 E3760.91606
G0 F15000 X75.242 Y84.889
G1 F10800 X76.177 Y84.503 E3760.96316
G0 F15000 X73.292 Y84.876
G1 F10800 X75.058 Y84.965 E3761.0455
G1 X76.448 Y85.995 E3761.12605
G1 X78.155 Y85.513 E3761.20865
G1 X79.335 Y85.687 E3761.26419
G0 F15000 X81.244 Y83.339
G1 F10800 X81.74 Y82.414 E3761.31306
G1 X82.913 Y81.083 E3761.39567
G1 X83.452 Y79.479 E3761.47446
G1 X84.126 Y77.963 E3761.55172
G1 X84.686 Y76.913 E3761.60713
G1 X83.233 Y75.705 E3761.69512
G0 F15000 X84.84 Y77.039
G1 F10800 X86.343 Y78.27 E3761.78558
G1 X84.656 Y83.013 E3762.01999
G1 X85.463 Y84.216 E3762.08744
G1 X84.727 Y84.889 E3762.13388
G0 F15000 X84.487 Y83.119
G1 F10800 X83.329 Y83.847 E3762.19757
G1 X82.641 Y84.691 E3762.24827
G0 F15000 X82.103 Y87.663
G1 F10800 X83.281 Y88.296 E3762.31054
G1 X84.908 Y88.726 E3762.38891
G0 F15000 X85.108 Y88.578
G1 F10800 X85.164 Y87.18 E3762.45405
G0 F15000 X83.177 Y88.466
G1 F10800 X82.646 Y89.328 E3762.5012
G1 X81.546 Y90.23 E3762.56744
G0 F15000 X84.111 Y93.314
G1 F10800 X82.85 Y92.221 E3762.64514
G1 X82.312 Y93.817 E3762.72357
G1 X81.754 Y95.418 E3762.80251
G1 X81.3 Y96.123 E3762.84156
G0 F15000 X73.599 Y87.205
G1 F10800 X72.833 Y86.361 E3762.89463
G0 F15000 X86.521 Y78.36
G1 F10800 X87.806 Y79.017 E3762.96183
G1 X92.774 Y74.889 E3763.2626
G1 X92.051 Y71.927 E3763.40458
G1 X92.431 Y70.407 E3763.47753
G1 X93.435 Y71.315 E3763.54056
G1 X94.023 Y69.918 E3763.61114
G1 X94.593 Y68.381 E3763.68747
G1 X93.266 Y67.222 E3763.76951
G1 X92.986 Y67.92 E3763.80453
G0 F15000 X90.799 Y68.263
G1 F10800 X90.203 Y69.2 E3763.85624
G0 F15000 X90.028 Y70.571
G1 F10800 X90.096 Y69.368 E3763.91235
G1 X88.319 Y69.034 E3763.99654
G1 X85.605 Y68.59 E3764.1246
G1 X86.55 Y68.724 E3764.16904
G1 X87.343 Y67.386 E3764.24146
G1 X87.806 Y66.332 E3764.29507
G1 X89.498 Y66.272 E3764.37391
G1 X90.147 Y65.305 E3764.42813
G1 X91.316 Y65.332 E3764.48258
G0 F15000 X92.184 Y62.864
G1 F10800 X93.046 Y60.1 E3764.6174
G1 X93.346 Y58.968 E3764.67193
G0 F15000 X93.547 Y58.906
G1 F10800 X94.78 Y59.98 E3764.74807
G1 X94.251 Y61.583 E3764.82667
G1 X93.737 Y63.22 E3764.90657
G1 X93.747 Y64.186 E3764.95155
G0 F15000 X95.59 Y65.512
G1 F10800 X95.943 Y64.421 E3765.00494
G1 X96.611 Y62.918 E3765.08153
G1 X97.199 Y61.457 E3765.15486
G1 X98.34 Y60.07 E3765.23849
G1 X98.794 Y58.972 E3765.29382
G0 F15000 X98.87 Y58.436
G1 F10800 X98.87 Y58.788 E3765.31021
G1 X97.553 Y58.991 E3765.37226
G0 F15000 X100.458 Y61.28
G1 F10800 X101.003 Y60.541 E3765.41502
G1 X101.559 Y58.935 E3765.49415
G1 X102.991 Y59.345 E3765.56351
G0 F15000 X104.689 Y59.731
G1 F10800 X104.433 Y61.15 E3765.63065
G1 X103.622 Y63.928 E3765.76541
G0 F15000 X105.695 Y65.202
G1 F10800 X106.528 Y65.866 E3765.81501
G0 F15000 X106.794 Y65.824
G1 F10800 X107.291 Y65.071 E3765.85702
G0 F15000 X108.91 Y66.41
G1 F10800 X108.607 Y67.224 E3765.89747
G1 X110.206 Y67.667 E3765.97473
G1 X111.052 Y66.414 E3766.04513
G0 F15000 X111.321 Y65.352
G1 F10800 X111.163 Y66.249 E3766.08754
G1 X112.806 Y66.632 E3766.16609
G1 X113.22 Y67.097 E3766.19508
G0 F15000 X112.812 Y63.174
G1 F10800 X112.429 Y62.125 E3766.24708
G1 X112.877 Y60.68 E3766.31753
G1 X113.33 Y59.159 E3766.39143
G1 X114.892 Y59.666 E3766.4679
G1 X116.196 Y60.824 E3766.5491
G0 F15000 X116.494 Y61.088
G1 F10800 X117.659 Y62.119 E3766.62154
G1 X117.686 Y63.122 E3766.66826
G0 F15000 X114.536 Y60.474
G1 F10800 X114.812 Y59.849 E3766.70008
G0 F15000 X110.514 Y60.198
G1 F10800 X110.6 Y59.183 E3766.74751
G1 X110.6 Y58.436 E3766.78229
G0 F15000 X110.403 Y59.151
G1 F10800 X109.22 Y58.958 E3766.83811
G1 X108.225 Y60.452 E3766.92169
G1 X106.928 Y61.144 E3766.99014
G1 X106.307 Y62.077 E3767.04233
G0 F15000 X107.082 Y61.271
G1 F10800 X109.5 Y63.276 E3767.18859
G0 F15000 X108.439 Y67.116
G1 F10800 X106.684 Y65.99 E3767.28569
G1 X105.741 Y66.802 E3767.34363
G0 F15000 X103.038 Y66.935
G1 F10800 X102.561 Y67.643 E3767.38338
G1 X102.009 Y69.245 E3767.46228
G1 X100.717 Y68.714 E3767.52733
G0 F15000 X100.46 Y68.825
G1 F10800 X100.186 Y69.523 E3767.56224
G0 F15000 X98.584 Y71.041
G1 F10800 X98.613 Y70.833 E3767.57202
G1 X100.533 Y68.639 E3767.70778
G1 X100.731 Y66.753 E3767.79608
G1 X101.44 Y65.604 E3767.85895
G0 F15000 X100.532 Y66.735
G1 F10800 X99.19 Y66.609 E3767.92172
G1 X97.556 Y66.471 E3767.99807
G0 F15000 X97.964 Y64.444
G1 F10800 X98.068 Y63.85 E3768.02615
G0 F15000 X99.562 Y63.736
G1 F10800 X98.102 Y63.653 E3768.09425
G1 X96.79 Y63.006 E3768.16236
G0 F15000 X102.292 Y61.8
G1 F10800 X102.696 Y60.654 E3768.21894
G1 X103.183 Y59.4 E3768.28158
G1 X104.724 Y59.535 E3768.35361
G1 X105.158 Y58.482 E3768.40665
G0 F15000 X105.366 Y58.336
G1 F10800 X106.484 Y58.656 E3768.4608
G0 F15000 X93.397 Y58.436
G1 F10800 X93.397 Y58.775 E3768.47658
G1 X91.391 Y59.116 E3768.57133
G1 X89.66 Y59.422 E3768.65318
G1 X89.023 Y60.218 E3768.70065
G0 F15000 X91.278 Y59.28
G1 F10800 X90.702 Y60.116 E3768.74793
G1 X90.082 Y61.681 E3768.82631
G1 X88.825 Y63.018 E3768.91176
G1 X88.227 Y63.943 E3768.96305
G0 F15000 X86.032 Y64.186
G1 F10800 X86.012 Y63.2 E3769.00897
G1 X86.534 Y61.577 E3769.08836
G1 X85.189 Y60.403 E3769.17149
G1 X83.589 Y58.924 E3769.27295
G0 F15000 X83.255 Y58.855
G1 F10800 X81.842 Y59.35 E3769.34266
G1 X81.185 Y60.668 E3769.41124
G1 X80.746 Y61.8 E3769.46777
G0 F15000 X79.54 Y59.933
G1 F10800 X79.745 Y58.865 E3769.51841
G1 X83.443 Y58.789 E3769.69064
G1 X83.443 Y58.436 E3769.70708
G0 F15000 X81.972 Y59.501
G1 F10800 X82.797 Y60.453 E3769.76574
G1 X82.692 Y61.596 E3769.81918
G1 X82.588 Y63.325 E3769.89984
G1 X83.616 Y63.953 E3769.95593
G0 F15000 X84.947 Y66.392
G1 F10800 X83.582 Y66.569 E3770.02002
G1 X81.856 Y66.044 E3770.10403
G1 X80.395 Y64.836 E3770.1923
G0 F15000 X84.992 Y61.266
G1 F10800 X85.145 Y60.598 E3770.22421
G0 F15000 X86.118 Y58.494
G1 F10800 X87.155 Y58.301 E3770.27333
G0 F15000 X87.155 Y58.347
G0 X79.546 Y58.851
G1 F10800 X78.137 Y58.749 E3770.33911
G0 F15000 X73.852 Y59.176
G1 F10800 X73.845 Y59.164 E3770.33976
G1 X72.335 Y58.915 E3770.41102
G1 X71.863 Y60.466 E3770.48651
G1 X71.575 Y61.777 E3770.54901
G0 F15000 X71.866 Y64.57
G1 F10800 X72.13 Y66.079 E3770.62034
G1 X72.726 Y65.378 E3770.66319
G0 F15000 X72.052 Y66.262
G1 F10800 X71.686 Y67.116 E3770.70645
G0 F15000 X85.477 Y71.936
G1 F10800 X84.201 Y71.237 E3770.7742
G1 X84.74 Y69.83 E3770.84436
G1 X85.408 Y68.558 E3770.91126
G1 X86.282 Y69.762 E3770.98053
G0 F15000 X86.794 Y69.541
G0 X87.399 Y69.422
G0 X96.848 Y72.709
G1 F10800 X96.486 Y71.098 E3771.05742
G1 X96.981 Y69.624 E3771.12982
G1 X98.001 Y68.834 E3771.1899
G0 F15000 X91.865 Y83.156
G1 F10800 X91.173 Y83.548 E3771.22693
G1 X90.59 Y84.91 E3771.29592
G1 X90.006 Y86.424 E3771.37148
G1 X91.356 Y87.594 E3771.45466
G1 X91.882 Y86.341 E3771.51794
G0 F15000 X92.163 Y85.3
G1 F10800 X91.959 Y86.157 E3771.55896
G1 X93.27 Y87.323 E3771.64066
G1 X93.996 Y86.07 E3771.70809
G0 F15000 X91.198 Y88.523
G0 X88.329 Y113.786
G1 F10800 X87.084 Y112.707 E3771.7848
G1 X86.478 Y114.311 E3771.86464
G1 X85.571 Y115.41 E3771.931
G1 X84.503 Y115.043 E3771.98358
G0 F15000 X85.494 Y115.594
G1 F10800 X85 Y116.779 E3772.04336
G1 X83.404 Y118.166 E3772.14182
G1 X82.051 Y116.959 E3772.22625
G1 X81.514 Y118.555 E3772.30466
G1 X80.955 Y120.156 E3772.38362
G1 X80.502 Y120.861 E3772.42264
G0 F15000 X82.076 Y122.182
G1 F10800 X82.995 Y119.434 E3772.55757
G1 X83.343 Y118.356 E3772.61031
G0 F15000 X86.653 Y121.014
G1 F10800 X86.101 Y121.918 E3772.65963
G1 X85.358 Y123.373 E3772.73571
G1 X84.781 Y124.966 E3772.8146
G1 X83.641 Y126.351 E3772.89813
G1 X83.055 Y127.882 E3772.97446
G1 X82.574 Y128.825 E3773.02375
G0 F15000 X81.242 Y131.076
G1 F10800 X80.142 Y131.852 E3773.08644
G0 F15000 X77.947 Y131.489
G1 F10800 X78.069 Y130.787 E3773.11961
G0 F15000 X77.881 Y131.883
G1 F10800 X77.605 Y133.486 E3773.19536
G1 X77.924 Y135.153 E3773.27439
G1 X78.902 Y136.554 E3773.35395
G1 X79.739 Y138.167 E3773.43856
G1 X81.783 Y137.993 E3773.53409
G1 X83.763 Y139.105 E3773.63983
G1 X84.934 Y139.271 E3773.6949
G0 F15000 X84.237 Y136.827
G1 F10800 X84.81 Y135.89 E3773.74604
G1 X86.089 Y134.569 E3773.83166
G1 X86.626 Y132.965 E3773.91042
G1 X87.191 Y131.803 E3773.97059
G1 X87.773 Y130.548 E3774.035
G0 F15000 X87.041 Y131.671
G1 F10800 X86.04 Y130.791 E3774.09707
G1 X85.488 Y132.391 E3774.17588
G1 X85.024 Y133.097 E3774.21522
G0 F15000 X83.637 Y131.751
G1 F10800 X84.159 Y130.89 E3774.2621
G1 X85.205 Y127.722 E3774.41745
G1 X86.46 Y127.049 E3774.48376
G0 F15000 X88.679 Y127.491
G1 F10800 X89.826 Y123.496 E3774.6773
G1 X90.947 Y123.077 E3774.73302
G0 F15000 X91.133 Y122.984
G1 F10800 X91.02 Y121.228 E3774.81496
G0 F15000 X89.675 Y123.366
G1 F10800 X86.757 Y120.844 E3774.99455
G1 X87.866 Y121.967 E3775.06804
G1 X87.345 Y123.592 E3775.1475
G1 X86.853 Y125.265 E3775.2287
G1 X86.636 Y126.955 E3775.30804
G1 X87.156 Y128.237 E3775.37246
G1 X87.857 Y130.367 E3775.47688
G1 X89.18 Y131.471 E3775.55711
G1 X88.657 Y132.893 E3775.62766
G1 X88.544 Y134.131 E3775.68555
G1 X88.312 Y135.808 E3775.76438
G1 X86.649 Y136.942 E3775.85811
G1 X87.954 Y138.966 E3775.97025
G1 X89.427 Y139.995 E3776.05391
G1 X88.892 Y141.262 E3776.11795
G1 X87.928 Y143.994 E3776.25285
G0 F15000 X89.794 Y144.624
G1 F10800 X89.821 Y145.627 E3776.29958
G1 X91.121 Y146.783 E3776.38058
G1 X90.853 Y149.352 E3776.50085
G0 F15000 X90.341 Y150.386
G1 F10800 X90.833 Y149.55 E3776.54602
G1 X91.838 Y151.068 E3776.63079
G1 X91.392 Y152.888 E3776.71805
G0 F15000 X91.304 Y153.277
G1 F10800 X91.13 Y154.106 E3776.75749
G0 F15000 X93.052 Y153.945
G1 F10800 X93.149 Y154.79 E3776.7971
G0 F15000 X93.987 Y154.696
G1 F10800 X93.171 Y154.988 E3776.83745
G1 X92.751 Y156.546 E3776.91259
G1 X94.082 Y157.707 E3776.99483
G1 X95.717 Y158.924 E3777.08974
G1 X97.586 Y159.466 E3777.18035
G1 X98.869 Y160.014 E3777.24531
G0 F15000 X99.107 Y159.9
G1 F10800 X99.494 Y158.565 E3777.31004
G1 X98.617 Y157.522 E3777.37349
G1 X96.72 Y156.755 E3777.46877
G1 X97.11 Y155.145 E3777.54591
G1 X96.421 Y153.997 E3777.60825
G1 X96.948 Y152.642 E3777.67595
G1 X97.479 Y151.045 E3777.75432
G1 X95.779 Y150.536 E3777.83695
G1 X96.261 Y148.513 E3777.93378
G1 X96.649 Y147.049 E3778.00431
G1 X96.857 Y145.701 E3778.06782
G0 F15000 X94.765 Y145.445
G1 F10800 X94.019 Y145.497 E3778.10264
G1 X94.71 Y147.475 E3778.2002
G1 X96.095 Y148.402 E3778.2778
G0 F15000 X94.533 Y147.567
G1 F10800 X93.786 Y147.958 E3778.31707
G0 F15000 X92.118 Y146.692
G1 F10800 X91.32 Y146.765 E3778.35438
G0 F15000 X91.133 Y146.584
G1 F10800 X91.171 Y145.964 E3778.3833
G0 F15000 X92.151 Y143.454
G1 F10800 X92.129 Y142.467 E3778.42927
G1 X90.544 Y141.341 E3778.51981
G1 X89.554 Y140.148 E3778.59199
G0 F15000 X91.386 Y138.408
G1 F10800 X92.317 Y135.665 E3778.72687
G1 X92.702 Y134.594 E3778.77987
G0 F15000 X92.803 Y132.361
G1 F10800 X91.583 Y133.049 E3778.84509
G1 X91.044 Y134.651 E3778.92379
G1 X90.402 Y136.193 E3779.00157
G1 X89.823 Y137.093 E3779.0514
G0 F15000 X92.949 Y139.73
G1 F10800 X92.94 Y138.765 E3779.09634
G1 X93.452 Y137.126 E3779.17629
G1 X93.982 Y135.523 E3779.25491
G1 X92.769 Y134.406 E3779.33169
G1 X93.963 Y133.022 E3779.4168
G1 X92.977 Y132.263 E3779.47474
G1 X93.594 Y130.506 E3779.56146
G1 X94.17 Y129.091 E3779.63259
G1 X94.262 Y127.317 E3779.71531
G1 X93.509 Y126.163 E3779.77947
G0 F15000 X93.569 Y125.89
G1 F10800 X94.261 Y125.455 E3779.81753
G0 F15000 X93.274 Y125.023
G1 F10800 X93.4 Y125.996 E3779.86322
G1 X92.669 Y127.453 E3779.93912
G1 X91.652 Y130.162 E3780.07386
G0 F15000 X90.332 Y128.038
G1 F10800 X91.499 Y125.011 E3780.22492
G0 F15000 X94.362 Y129.146
G1 F10800 X95.62 Y129.507 E3780.28586
G1 X95.613 Y130.421 E3780.32842
G0 F15000 X96.472 Y134.166
G1 F10800 X97.082 Y133.366 E3780.37527
G1 X97.662 Y131.755 E3780.455
G1 X98.2 Y130.154 E3780.53364
G1 X99.941 Y129.434 E3780.62137
G1 X100.548 Y127.797 E3780.70267
G1 X101.1 Y126.186 E3780.78196
G1 X102.665 Y125.924 E3780.85585
G1 X102.761 Y126.064
G1 X102.245 Y126.942 E3780.90327
G1 X101.748 Y128.499 E3780.97938
G1 X100.976 Y130.057 E3781.06034
G1 X99.802 Y131.467 E3781.14578
G1 X97.553 Y135.634 E3781.36627
G1 X96.385 Y137.021 E3781.4507
G1 X95.846 Y138.624 E3781.52945
G1 X95.135 Y140.113 E3781.60628
G1 X94.611 Y141.083 E3781.65762
G0 F15000 X94.83 Y143.402
G1 F10800 X95.668 Y142.543 E3781.7135
G1 X96.325 Y141.001 E3781.79155
G1 X97.967 Y138.363 E3781.93623
G1 X99.127 Y136.957 E3782.02111
G1 X99.796 Y135.424 E3782.09899
G1 X101.634 Y132.836 E3782.2468
G1 X102.915 Y132.017 E3782.3176
G1 X103.892 Y128.566 E3782.48461
G1 X104.262 Y127.122 E3782.55402
G0 F15000 X102.896 Y125.024
G1 F10800 X102.862 Y125.892 E3782.59447
G1 X104.311 Y126.929 E3782.67744
G1 X104.743 Y125.748 E3782.73599
G1 X106.449 Y125.488 E3782.81635
G1 X105.835 Y128.485 E3782.9588
G1 X105.522 Y130.134 E3783.03695
G1 X106.749 Y131.267 E3783.11472
G1 X106.227 Y132.891 E3783.19415
G1 X106.248 Y133.878 E3783.24012
G0 F15000 X107.878 Y135.216
G1 F10800 X108.331 Y134.09 E3783.29664
G1 X109.111 Y132.613 E3783.37441
G1 X109.306 Y131.335 E3783.43461
G1 X108.84 Y129.622 E3783.51727
G1 X109.846 Y128.413 E3783.59051
G1 X108.443 Y127.547 E3783.66728
G1 X108.922 Y126.067 E3783.73972
G1 X110.683 Y125.9 E3783.82209
G1 X110.672 Y125.025 E3783.86283
G0 F15000 X110.77 Y126.079
G1 F10800 X111.524 Y127.625 E3783.94293
G1 X111.631 Y128.867 E3784.00097
G1 X111.575 Y130.611 E3784.08222
G1 X112.353 Y131.226 E3784.1284
G0 F15000 X114.765 Y131.485
G1 F10800 X114.779 Y130.582 E3784.17045
G1 X113.741 Y129.62 E3784.23635
G1 X114.691 Y126.774 E3784.37606
G1 X113.223 Y125.127 E3784.4788
G1 X113.12 Y124.986 E3784.48693
G0 F15000 X114.866 Y126.679
G1 F10800 X115.909 Y126.111 E3784.54223
G1 X117.786 Y126.73 E3784.63426
G1 X118.168 Y125.755 E3784.68302
G0 F15000 X115.622 Y127.643
G1 F10800 X114.837 Y126.91 E3784.73303
G0 F15000 X122.032 Y126.051
G1 F10800 X120.683 Y125.715 E3784.79776
G1 X120.08 Y127.335 E3784.87825
G1 X119.353 Y128.937 E3784.96017
G1 X117.783 Y129.692 E3785.04129
G1 X117.143 Y131.324 E3785.12292
G1 X116.209 Y132.75 E3785.20229
G1 X115.578 Y133.821 E3785.26018
G1 X114.531 Y134.654 E3785.32248
G0 F15000 X115.836 Y136.598
G1 F10800 X115.065 Y137.613 E3785.38183
G1 X114.297 Y139.074 E3785.45869
G1 X113.754 Y140.684 E3785.5378
G1 X112.464 Y141.996 E3785.62348
G1 X111.901 Y142.945 E3785.67486
G0 F15000 X113.734 Y143.56
G1 F10800 X113.761 Y144.563 E3785.72158
G1 X114.973 Y145.639 E3785.79705
G0 F15000 X115.047 Y145.956
G1 F10800 X114.541 Y147.192 E3785.85924
G0 F15000 X116.166 Y146.941
G1 F10800 X115.122 Y145.771 E3785.93225
G1 X115.314 Y144.887 E3785.97438
G0 F15000 X116.868 Y146.202
G1 F10800 X116.299 Y147.09 E3786.02348
G1 X116.222 Y149.014 E3786.11315
G0 F15000 X115.617 Y150.122
G1 F10800 X116.214 Y149.213 E3786.16379
G1 X117.152 Y149.938 E3786.21899
G0 F15000 X117.092 Y151.726
G1 F10800 X115.859 Y152.471 E3786.28607
G0 F15000 X116.87 Y154.469
G1 F10800 X116.904 Y155.878 E3786.3517
G1 X117.105 Y157.72 E3786.43798
G1 X116.934 Y159.583 E3786.52509
G1 X115.076 Y160.493 E3786.62143
G0 F15000 X114.702 Y160.539
G1 F10800 X112.83 Y160.128 E3786.71067
G1 X112.057 Y158.485 E3786.79522
G1 X111.609 Y156.418 E3786.8937
G1 X110.862 Y154.879 E3786.97336
G1 X110.044 Y154.391 E3787.01771
G0 F15000 X109.662 Y155.816
G1 F10800 X108.938 Y155.832 E3787.05143
G1 X108.462 Y157.186 E3787.11826
G1 X107.908 Y158.661 E3787.19163
G1 X107.353 Y160.196 E3787.26764
G1 X109.177 Y160.663 E3787.35531
G1 X110.782 Y160.357 E3787.43139
G0 F15000 X112.632 Y160.148
G1 F10800 X110.978 Y160.32 E3787.50882
G1 X109.771 Y159.194 E3787.58568
G1 X109.744 Y158.19 E3787.63245
G0 F15000 X107.182 Y160.094
G1 F10800 X104.976 Y158.771 E3787.75223
G1 X103.159 Y160.015 E3787.85477
G1 X101.688 Y160.064 E3787.9233
G1 X102.596 Y161.15 E3787.98922
G0 F15000 X101.769 Y159.882
G1 F10800 X102.236 Y158.835 E3788.0426
G1 X103.383 Y157.439 E3788.12673
G1 X104.007 Y155.915 E3788.20341
G1 X104.631 Y154.979 E3788.25579
G0 F15000 X103.829 Y155.825
G1 F10800 X102.722 Y155.264 E3788.31358
G1 X101.892 Y153.806 E3788.3917
G1 X99.685 Y152.961 E3788.50174
G1 X100.376 Y152.58 E3788.53849
G0 F15000 X102.049 Y153.683
G1 F10800 X102.971 Y152.96 E3788.59304
G1 X101.595 Y151.458 E3788.68789
G1 X100.312 Y150.238 E3788.77033
G1 X99.456 Y149.36 E3788.82743
G0 F15000 X100.694 Y147.186
G1 F10800 X100.891 Y146.548 E3788.85852
G0 F15000 X99.057 Y146.644
G1 F10800 X99.454 Y145.905 E3788.89759
G1 X100.949 Y146.357 E3788.97031
G1 X102.31 Y148.654 E3789.09464
G1 X103.932 Y149.833 E3789.18801
G1 X105.309 Y150.633 E3789.26216
G1 X104.721 Y152.109 E3789.33614
G1 X103.15 Y152.873 E3789.41749
G0 F15000 X103.813 Y150.627
G1 F10800 X103.903 Y150.03 E3789.4456
G0 F15000 X105.42 Y150.467
G1 F10800 X105.961 Y149.659 E3789.49088
G0 F15000 X104.709 Y147.462
G1 F10800 X105.166 Y146.75 E3789.53027
G0 F15000 X104.882 Y144.898
G1 F10800 X105.274 Y146.582 E3789.61078
G1 X107.437 Y147.706 E3789.72429
G1 X107.993 Y149.305 E3789.80312
G1 X107.886 Y151.156 E3789.88945
G1 X109.025 Y152.217 E3789.96194
G0 F15000 X111.091 Y152.109
G1 F10800 X109.171 Y152.353 E3790.05206
G1 X109.144 Y151.112 E3790.10986
G1 X109.656 Y149.489 E3790.1891
G1 X109.393 Y147.67 E3790.27468
G1 X109.236 Y146.465 E3790.33127
G0 F15000 X107.417 Y147.508
G1 F10800 X107.264 Y146.02 E3790.40092
G1 X107.015 Y144.631 E3790.46663
G0 F15000 X108.144 Y141.866
G1 F10800 X108.573 Y140.731 E3790.52313
G1 X109.174 Y139.448 E3790.5891
G1 X110.546 Y138.044 E3790.68051
G1 X111.104 Y136.446 E3790.75932
G1 X111.655 Y135.562 E3790.80783
G0 F15000 X109.74 Y135.748
G1 F10800 X110.113 Y134.592 E3790.86439
G1 X110.495 Y133.31 E3790.92668
G1 X109.289 Y132.702 E3790.98957
G0 F15000 X110.687 Y133.364
G1 F10800 X112.114 Y133.765 E3791.05859
G1 X111.76 Y135.393 E3791.13617
G1 X112.854 Y137.326 E3791.23959
G1 X112.896 Y138.4 E3791.28964
G0 F15000 X109.309 Y139.595
G1 F10800 X110.206 Y140.574 E3791.35147
G1 X109.684 Y142.199 E3791.43094
G1 X109.706 Y143.188 E3791.477
G0 F15000 X111.421 Y145.374
G1 F10800 X112.08 Y146.939 E3791.55607
G1 X113.404 Y149.083 E3791.67341
G1 X111.785 Y149.739 E3791.75475
G1 X111.289 Y152.084 E3791.86636
G1 X112.915 Y152.551 E3791.94513
G0 F15000 X113.431 Y151.796
G1 F10800 X113.107 Y152.606 E3791.98576
G1 X114.32 Y154.405 E3792.08679
G1 X113.999 Y156.731 E3792.19612
G1 X114.941 Y157.061 E3792.2426
G0 F15000 X115.358 Y156.335
G1 F10800 X115.129 Y157.127 E3792.28099
G1 X115.013 Y158.963 E3792.36665
G1 X114.897 Y160.581 E3792.44219
G1 X114.897 Y161.56 E3792.48777
G0 F15000 X117.445 Y161.232
G1 F10800 X118.364 Y160.446 E3792.54408
G1 X117.105 Y159.686 E3792.61256
G0 F15000 X118.475 Y160.28
G1 F10800 X118.995 Y159.501 E3792.65617
G0 F15000 X120.115 Y156.314
G1 F10800 X119.399 Y155.483 E3792.70725
G0 F15000 X121.424 Y155.37
G1 F10800 X120.605 Y152.643 E3792.83983
G1 X122.182 Y152.008 E3792.91899
G1 X121.8 Y150.956 E3792.97111
G0 F15000 X123.523 Y150.101
G1 F10800 X124.01 Y148.82 E3793.03492
G1 X125.129 Y149.687 E3793.10084
G1 X125.41 Y150.837 E3793.15596
G1 X126.921 Y151.274 E3793.2292
G1 X128.319 Y152.471 E3793.3149
G0 F15000 X128.651 Y152.518
G1 F10800 X129.931 Y151.928 E3793.38053
G1 X129.698 Y149.446 E3793.49661
G1 X130.687 Y148.311 E3793.56671
G1 X131.205 Y146.79 E3793.64153
G1 X130.174 Y145.065 E3793.73511
G1 X130.189 Y144.092 E3793.78042
G0 F15000 X128.788 Y142.494
G1 F10800 X129.341 Y141.497 E3793.83351
G1 X129.88 Y139.993 E3793.9079
G1 X128.527 Y138.859 E3793.9901
G1 X127.531 Y137.645 E3794.06322
G0 F15000 X128.487 Y139.054
G1 F10800 X128.348 Y139.735 E3794.09559
G0 F15000 X126.686 Y141.839
G1 F10800 X125.837 Y141.842 E3794.13512
G1 X126.812 Y138.822 E3794.28289
G1 X127.405 Y137.491 E3794.35074
G1 X128.655 Y136.155 E3794.43593
G1 X129.317 Y134.613 E3794.51407
G1 X129.977 Y133.771 E3794.56389
G0 F15000 X131.927 Y134.136
G1 F10800 X133.386 Y134.551 E3794.63452
G1 X132.859 Y136.153 E3794.71305
G1 X132.346 Y137.779 E3794.79244
G1 X132.321 Y138.667 E3794.83381
G0 F15000 X132.354 Y141.038
G1 F10800 X133.395 Y140.213 E3794.89566
G1 X133.882 Y138.724 E3794.96861
G1 X134.663 Y137.225 E3795.04731
G1 X134.943 Y135.774 E3795.11612
G1 X136.802 Y134.752 E3795.2149
G1 X137.853 Y131.674 E3795.36635
G1 X138.389 Y130.135 E3795.44224
G1 X136.992 Y128.97 E3795.52694
G1 X135.544 Y127.743 E3795.61532
G1 X134.282 Y126.356 E3795.70263
G1 X132.887 Y125.105 E3795.78988
G0 F15000 X132.629 Y125.138
G1 F10800 X132.109 Y125.917 E3795.8335
G0 F15000 X130.232 Y125.551
G1 F10800 X130.238 Y126.434 E3795.87461
G1 X129.713 Y128.049 E3795.95369
G1 X131.556 Y128.942 E3796.04905
G1 X132.349 Y130.337 E3796.12377
G1 X132.511 Y131.206 E3796.16493
G0 F15000 X134.212 Y131.758
G1 F10800 X135.482 Y127.932 E3796.35264
G0 F15000 X133.704 Y127.246
G1 F10800 X134.174 Y126.523 E3796.3928
G0 F15000 X134.45 Y126.248
G1 F10800 X136.224 Y125.11 E3796.49094
G1 X136.327 Y124.138 E3796.53645
G0 F15000 X136.402 Y125.199
G1 F10800 X137.346 Y125.671 E3796.5856
G0 F15000 X138.436 Y123.77
G1 F10800 X138.412 Y122.783 E3796.63157
G1 X137.296 Y121.706 E3796.70379
G1 X137.067 Y120.599 E3796.75642
G1 X136.164 Y119.646 E3796.81756
G0 F15000 X136.191 Y119.388
G1 F10800 X137.368 Y118.574 E3796.88419
G0 F15000 X139.607 Y119.29
G1 F10800 X140.147 Y118.569 E3796.92614
G1 X140.515 Y116.97 E3797.00254
G1 X141.046 Y115.374 E3797.08086
G1 X142.789 Y114.578 E3797.17009
G1 X142.755 Y116.673 E3797.26765
G1 X143.832 Y117.644 E3797.33517
G1 X145.661 Y116.494 E3797.43578
G1 X146.549 Y114.979 E3797.51755
G1 X148.719 Y115.244 E3797.61934
G1 X148.997 Y115.161 E3797.63285
G0 F15000 X148.613 Y115.413
G1 F10800 X147.944 Y116.484 E3797.69165
G1 X147.236 Y117.855 E3797.7635
G1 X145.887 Y119.227 E3797.85309
G1 X145.261 Y120.585 E3797.92272
G1 X144.644 Y121.97 E3797.99332
G1 X143.847 Y123.355 E3798.06773
G1 X142.037 Y124.273 E3798.16223
G1 X141.759 Y126.079 E3798.24732
G1 X141.081 Y128.821 E3798.37884
G0 F15000 X139.266 Y127.502
G1 F10800 X140.237 Y124.774 E3798.51368
G1 X140.799 Y123.497 E3798.57864
G1 X141.868 Y124.167 E3798.63739
G0 F15000 X140.739 Y123.307
G1 F10800 X140.327 Y122.006 E3798.70093
G0 F15000 X141.422 Y119.8
G1 F10800 X141.991 Y119.051 E3798.74473
G1 X143.397 Y118.771 E3798.81149
G1 X143.76 Y117.83 E3798.85845
G0 F15000 X146.036 Y119.36
G1 F10800 X147.257 Y120.452 E3798.93473
G1 X146.923 Y122.047 E3799.01061
G1 X146.095 Y123.633 E3799.09392
G1 X145.355 Y125.127 E3799.17155
G1 X143.779 Y126.033 E3799.2562
G1 X143.181 Y127.622 E3799.33526
G1 X142.414 Y129.093 E3799.4125
G1 X141.861 Y130.479 E3799.48199
G1 X140.272 Y131.6 E3799.57254
G1 X139.724 Y132.971 E3799.64129
G1 X138.945 Y134.436 E3799.71855
G1 X138.441 Y135.972 E3799.79382
G1 X136.807 Y136.863 E3799.88049
G1 X136.06 Y138.345 E3799.95777
G1 X135.799 Y139.931 E3800.03261
G1 X135.027 Y141.491 E3800.11366
G1 X133.145 Y142.318 E3800.20938
G1 X132.337 Y143.137 E3800.26295
G0 F15000 X133.106 Y145.25
G1 F10800 X134.261 Y145.839 E3800.32332
G1 X136.015 Y146.4 E3800.40907
G1 X136.5 Y144.969 E3800.47943
G1 X138.249 Y144.116 E3800.57004
G1 X138.788 Y142.512 E3800.64883
G1 X139.379 Y140.906 E3800.72852
G1 X139.987 Y140.147 E3800.7738
G0 F15000 X141.41 Y140.977
G1 F10800 X140.895 Y142.27 E3800.83861
G1 X140.587 Y143.921 E3800.91681
G1 X139.814 Y145.482 E3800.99792
G1 X138.485 Y146.769 E3801.08407
G1 X137.969 Y147.733 E3801.13498
G0 F15000 X135.837 Y149.37
G1 F10800 X136.799 Y149.851 E3801.18506
G1 X136.268 Y151.256 E3801.255
G1 X134.88 Y151.777 E3801.32404
G0 F15000 X134.609 Y151.666
G1 F10800 X134.267 Y150.933 E3801.3617
G1 X133.183 Y149.632 E3801.44055
G1 X133.152 Y148.614 E3801.48798
G0 F15000 X130.733 Y150.325
G1 F10800 X129.85 Y149.575 E3801.54192
G0 F15000 X129.606 Y149.269
G1 F10800 X129.112 Y148.326 E3801.59149
G1 X128.362 Y146.735 E3801.67339
G1 X128.453 Y145.069 E3801.75109
G1 X127.611 Y144.924 E3801.79087
G0 F15000 X125.932 Y146.357
G1 F10800 X125.245 Y146.011 E3801.82669
G0 F15000 X125.368 Y144.6
G1 F10800 X125.067 Y145.922 E3801.88982
G1 X124.438 Y147.462 E3801.96728
G1 X124.07 Y148.63 E3802.0243
G0 F15000 X123.862 Y148.686
G1 F10800 X122.539 Y147.49 E3802.10735
G1 X122.512 Y146.486 E3802.15412
G0 F15000 X123.339 Y144.009
G1 F10800 X124.031 Y143.161 E3802.20508
G1 X125.676 Y141.959 E3802.29995
G0 F15000 X124.096 Y140.268
G1 F10800 X125.352 Y135.988 E3802.50765
G1 X125.738 Y134.178 E3802.59383
G1 X126.478 Y132.152 E3802.69426
G1 X126.94 Y130.579 E3802.7706
G1 X127.236 Y129.528 E3802.82144
G0 F15000 X125.525 Y129.006
G1 F10800 X125.056 Y130.087 E3802.87631
G1 X124.636 Y131.226 E3802.93284
G0 F15000 X122.774 Y130.694
G1 F10800 X123.747 Y127.966 E3803.0677
G1 X124.194 Y126.879 E3803.12243
G0 F15000 X124.426 Y126.571
G1 F10800 X125.672 Y125.595 E3803.19613
G0 F15000 X127.859 Y126.452
G1 F10800 X128.496 Y125.655 E3803.24364
G1 X130.231 Y125.351 E3803.32566
G1 X131.031 Y123.84 E3803.40527
G0 F15000 X131.279 Y123.789
G1 F10800 X132.739 Y124.972 E3803.49277
G1 X133.983 Y123.644 E3803.5775
G1 X134.681 Y122.789 E3803.6289
G0 F15000 X132.314 Y122.829
G1 F10800 X131.124 Y123.664 E3803.69659
G1 X129.58 Y122.53 E3803.78579
G0 F15000 X129.582 Y122.298
G1 F10800 X130.718 Y121.5 E3803.85043
G0 F15000 X128.737 Y122.163
G1 F10800 X129.419 Y122.412 E3803.88424
G1 X129.103 Y123.233 E3803.9252
G0 F15000 X129.92 Y118.716
G1 F10800 X129.876 Y117.625 E3803.97605
G1 X129.475 Y115.398 E3804.08141
G1 X129.5 Y114.394 E3804.12818
G0 F15000 X128.738 Y113.917
G1 F10800 X129.504 Y114.194 E3804.16611
G1 X131.032 Y115.395 E3804.2566
G1 X132.615 Y116.836 E3804.35628
G1 X134.218 Y118.168 E3804.45333
G1 X136.027 Y119.501 E3804.55796
G1 X135.559 Y120.327 E3804.60217
G0 F15000 X133.414 Y120.586
G1 F10800 X134.155 Y118.357 E3804.71155
G0 F15000 X132.553 Y117.026
G1 F10800 X131.818 Y119.256 E3804.82088
G0 F15000 X134.551 Y114.681
G1 F10800 X134.72 Y114.027 E3804.85233
G0 F15000 X133.948 Y111.543
G1 F10800 X134.18 Y110.917 E3804.88342
G0 F15000 X140.646 Y105.493
G1 F10800 X141.237 Y107.015 E3804.95945
G1 X142.552 Y107.803 E3805.03083
G1 X144.623 Y106.885 E3805.13631
G1 X144.946 Y105.237 E3805.21451
G1 X145.698 Y103.889 E3805.28639
G1 X146.379 Y102.909 E3805.34196
G0 F15000 X148.536 Y110.216
G1 F10800 X148.196 Y109.526 E3805.37777
G1 X147.468 Y111.806 E3805.48922
G1 X146.91 Y113.466 E3805.57077
G1 X146.595 Y114.785 E3805.63391
G0 F15000 X145.024 Y114.183
G1 F10800 X145.011 Y112.786 E3805.69897
G1 X145.812 Y111.644 E3805.76392
G1 X146.992 Y110.844 E3805.8303
G1 X147.38 Y111.627 E3805.87099
G0 F15000 X144.449 Y121.927
G1 F10800 X143.296 Y121.672 E3805.92598
G0 F15000 X148.157 Y124.486
G1 F10800 X147.808 Y125.121 E3805.95972
G0 F15000 X149.036 Y122.677
G1 F10800 X148.954 Y122.747 E3805.96474
G1 X148.253 Y124.311 E3806.04454
G1 X148.538 Y127.296 E3806.18417
G1 X146.889 Y128.73 E3806.28593
G1 X145.625 Y127.599 E3806.36491
G1 X145.087 Y129.195 E3806.44333
G1 X144.529 Y130.796 E3806.52228
G1 X144.076 Y131.501 E3806.5613
G0 F15000 X143.262 Y134.304
G1 F10800 X142.004 Y133.94 E3806.62228
G1 X141.494 Y135.523 E3806.69972
G1 X141.087 Y136.271 E3806.73937
G0 F15000 X142.411 Y138.397
G1 F10800 X143.154 Y135.669 E3806.87103
G1 X143.454 Y134.359 E3806.93361
G1 X145.117 Y133.004 E3807.03349
G1 X145.652 Y131.403 E3807.11209
G1 X146.284 Y129.847 E3807.1903
G1 X146.794 Y128.905 E3807.24018
G0 F15000 X149.033 Y130.128
G1 F10800 X148.942 Y130.203 E3807.24567
G1 X148.187 Y131.625 E3807.32064
G1 X147.406 Y132.894 E3807.39002
G1 X146.715 Y134.332 E3807.46431
G1 X145.457 Y135.68 E3807.55017
G1 X144.863 Y137.027 E3807.61871
G1 X143.833 Y138.267 E3807.69378
G1 X143.291 Y139.873 E3807.7727
G1 X141.484 Y140.792 E3807.8671
G1 X140.111 Y139.991 E3807.94112
G1 X138.719 Y138.767 E3808.02743
G1 X138.199 Y140.36 E3808.10546
G1 X137.7 Y141.943 E3808.18274
G1 X137.358 Y142.654 E3808.21948
G0 F15000 X136.341 Y144.849
G1 F10800 X135.489 Y144.201 E3808.26933
G0 F15000 X139.025 Y150.655
G1 F10800 X139.536 Y149.801 E3808.31567
G1 X140.361 Y148.315 E3808.39481
G1 X141.429 Y147.159 E3808.46809
G1 X142.022 Y145.659 E3808.5432
G1 X142.843 Y144.276 E3808.61809
G1 X143.529 Y142.723 E3808.69715
G1 X144.961 Y141.58 E3808.78246
G1 X145.529 Y139.997 E3808.86077
G1 X146.048 Y138.837 E3808.91995
G0 F15000 X144.985 Y137.184
G1 F10800 X146.129 Y138.655 E3809.00672
G1 X146.98 Y137.171 E3809.08638
G1 X148.484 Y136.338 E3809.16643
G1 X148.256 Y138.396 E3809.26285
G1 X147.569 Y139.65 E3809.32943
G1 X147.017 Y141.223 E3809.40705
G1 X146.701 Y142.779 E3809.48099
G1 X144.911 Y144.02 E3809.58241
G1 X144.357 Y145.299 E3809.64731
G1 X143.529 Y146.557 E3809.71744
G1 X143.004 Y148.145 E3809.79532
G1 X141.713 Y149.457 E3809.88103
G1 X141.161 Y150.392 E3809.93159
G0 F15000 X143.534 Y150.363
G1 F10800 X144.57 Y149.622 E3809.9909
G1 X145.299 Y148.246 E3810.06341
G1 X145.973 Y146.938 E3810.13192
G1 X144.497 Y145.441 E3810.22981
G0 F15000 X146.137 Y147.052
G1 F10800 X147.343 Y147.892 E3810.29825
G1 X148.101 Y146.34 E3810.37867
G1 X147.589 Y145.112 E3810.44063
G0 F15000 X147.322 Y148.09
G1 F10800 X147.165 Y149.509 E3810.5071
G1 X146.928 Y150.632 E3810.56055
G0 F15000 X149.025 Y151.146
G1 F10800 X148.873 Y151.253 E3810.5692
G1 X147.735 Y152.233 E3810.63913
G1 X146.091 Y153.493 E3810.73558
G1 X145.032 Y152.349 E3810.80817
G1 X144.147 Y153.83 E3810.88851
G1 X143.986 Y154.618 E3810.92596
G0 F15000 X143.955 Y153.778
G1 F10800 X142.494 Y153.378 E3810.99649
G1 X141.653 Y154.746 E3811.07127
G1 X141.568 Y155.679 E3811.11489
G0 F15000 X141.488 Y154.634
G1 F10800 X139.972 Y153.597 E3811.20042
G1 X138.758 Y152.842 E3811.26699
G0 F15000 X139.298 Y154.976
G1 F10800 X139.887 Y156.029 E3811.32317
G1 X140.978 Y157.771 E3811.41888
G0 F15000 X142.406 Y157.64
G1 F10800 X141.084 Y157.94 E3811.482
G1 X140.249 Y159.58 E3811.5677
G1 X140.431 Y161.561 E3811.66033
G0 F15000 X139.544 Y161.181
G1 F10800 X138.143 Y160.432 E3811.7343
G1 X139.214 Y158.83 E3811.82403
G1 X140.088 Y159.463 E3811.87428
G0 F15000 X138.023 Y160.273
G1 F10800 X136.659 Y158.467 E3811.97967
G1 X135.316 Y158.375 E3812.04235
G0 F15000 X136.696 Y158.271
G1 F10800 X136.916 Y157.129 E3812.0965
G1 X135.461 Y156.298 E3812.17453
G1 X133.691 Y155.675 E3812.2619
G1 X133.416 Y156.497 E3812.30226
G0 F15000 X133.541 Y155.543
G1 F10800 X132.316 Y154.467 E3812.37818
G1 X131.84 Y155.175 E3812.41791
G0 F15000 X133.754 Y155.486
G1 F10800 X134.185 Y154.192 E3812.48142
G0 F15000 X133.453 Y151.73
G1 F10800 X134.693 Y151.847 E3812.53941
G1 X136.003 Y153.584 E3812.64072
G1 X137.327 Y155.68 E3812.75616
G1 X136.97 Y156.937 E3812.817
G0 F15000 X137.952 Y160.49
G1 F10800 X137.148 Y160.736 E3812.85615
G0 F15000 X134.226 Y160.115
G1 F10800 X132.958 Y159.414 E3812.92362
G1 X132.997 Y161.56 E3813.02356
G0 F15000 X132.839 Y159.574
G1 F10800 X132.369 Y160.208 E3813.06031
G1 X130.988 Y159.006 E3813.14556
G1 X131.256 Y158.182 E3813.18591
G0 F15000 X130.836 Y158.877
G1 F10800 X129.51 Y157.75 E3813.26694
G1 X129.552 Y156.797 E3813.31136
G1 X128.657 Y155.219 E3813.39584
G1 X129.654 Y154.484 E3813.45351
G0 F15000 X128.661 Y151.813
G1 F10800 X128.47 Y152.601 E3813.49127
G1 X127.082 Y153.762 E3813.57553
G1 X125.993 Y156.786 E3813.72519
G1 X127.855 Y157.317 E3813.81535
G1 X129.317 Y157.7 E3813.88572
G0 F15000 X129.432 Y157.933
G1 F10800 X128.904 Y159.161 E3813.94797
G0 F15000 X129.874 Y160.959
G1 F10800 X128.217 Y160.877 E3814.02522
G1 X125.093 Y160.746 E3814.17081
G1 X124.96 Y161.542 E3814.20839
G0 F15000 X125.103 Y161.704
G1 F10800 X125.89 Y161.546 E3814.24577
G0 F15000 X125.263 Y160.641
G1 F10800 X126.193 Y160.064 E3814.29673
G0 F15000 X124.911 Y160.664
G1 F10800 X123.025 Y159.809 E3814.39315
G1 X121.054 Y160.032 E3814.48552
G1 X121.275 Y158.336 E3814.56516
G1 X120.245 Y156.465 E3814.66461
G1 X121.481 Y155.561 E3814.73591
G1 X121.73 Y156.484 E3814.78043
G0 F15000 X121.643 Y155.445
G1 F10800 X123.25 Y154.291 E3814.87255
G1 X124.402 Y153.521 E3814.93707
G0 F15000 X126.94 Y151.075
G1 F10800 X127.181 Y148.627 E3815.05161
G0 F15000 X119.818 Y149.67
G1 F10800 X119.012 Y152.087 E3815.17025
G1 X120.417 Y152.578 E3815.23955
G0 F15000 X118.819 Y152.036
G1 F10800 X117.263 Y151.623 E3815.31452
G1 X117.31 Y150.06 E3815.38733
G1 X117.867 Y149.092 E3815.43933
G1 X118.451 Y147.526 E3815.51716
G1 X120.034 Y146.355 E3815.60884
G1 X120.587 Y144.851 E3815.68346
G1 X119.61 Y144.32 E3815.73524
G0 F15000 X117.42 Y143.188
G1 F10800 X117.391 Y142.18 E3815.7822
G1 X116.369 Y141.039 E3815.85352
G1 X117.161 Y138.05 E3815.9975
G0 F15000 X119.269 Y137.067
G1 F10800 X120.366 Y133.265 E3816.18176
G0 F15000 X120.23 Y133.022
G1 F10800 X118.811 Y132.635 E3816.25025
G1 X118.138 Y134.264 E3816.33232
G1 X117.156 Y135.498 E3816.40576
G1 X115.957 Y136.439 E3816.47673
G1 X117.212 Y137.857 E3816.5649
G1 X118.938 Y139.295 E3816.66951
G1 X120.336 Y140.491 E3816.75518
G1 X120.108 Y141.333 E3816.7958
G0 F15000 X120.485 Y140.623
G1 F10800 X121.649 Y141.653 E3816.86817
G1 X121.676 Y142.656 E3816.91489
G0 F15000 X122.745 Y138.135
G1 F10800 X122.761 Y137.234 E3816.95685
G1 X123.279 Y135.617 E3817.03592
G1 X121.857 Y135.223 E3817.10463
G0 F15000 X120.912 Y137.61
G1 F10800 X121.282 Y136.453 E3817.16119
G1 X121.665 Y135.17 E3817.22354
G1 X121.96 Y133.506 E3817.30223
G1 X120.422 Y133.074 E3817.37661
G1 X120.664 Y131.045 E3817.47176
G1 X121.436 Y129.048 E3817.57146
G1 X121.846 Y127.419 E3817.64968
G1 X122.171 Y126.291 E3817.70434
G0 F15000 X122.222 Y125.025
G1 F10800 X122.226 Y126.099 E3817.75435
G1 X124.269 Y126.694 E3817.85343
G1 X125.604 Y128.823 E3817.97044
G1 X127.29 Y129.336 E3818.0525
G1 X128.833 Y130.64 E3818.14657
G1 X130.177 Y131.852 E3818.23084
G1 X130.1 Y133.614 E3818.31297
G1 X131.735 Y134.082 E3818.39216
G1 X131.382 Y135.387 E3818.45511
G1 X131.02 Y136.546 E3818.51165
G0 F15000 X127.562 Y134.684
G1 F10800 X128.454 Y131.928 E3818.64653
G1 X128.777 Y130.831 E3818.69978
G0 F15000 X135.808 Y133.088
G1 F10800 X136.668 Y130.323 E3818.83462
G1 X136.946 Y129.164 E3818.89012
G0 F15000 X116.268 Y141.211
G1 F10800 X115.876 Y141.874 E3818.92598
G0 F15000 X111.591 Y148.875
G1 F10800 X111.742 Y149.544 E3818.95791
G0 F15000 X113.494 Y154.666
G1 F10800 X114.13 Y154.465 E3818.98897
G0 F15000 X106.582 Y154.207
G1 F10800 X106.008 Y155.624 E3819.06016
G1 X105.038 Y158.582 E3819.20512
G0 F15000 X101.488 Y160.066
G1 F10800 X99.052 Y160.092 E3819.31855
G1 X97.499 Y161.237 E3819.4084
G0 F15000 X94.768 Y161.546
G1 F10800 X93.989 Y161.71 E3819.44547
G0 F15000 X93.737 Y161.561
G1 F10800 X93.342 Y160.497 E3819.49831
G1 X92.205 Y159.748 E3819.56171
G1 X90.025 Y159.599 E3819.66346
G1 X90.31 Y157.502 E3819.762
G1 X90.32 Y156.593 E3819.80433
G0 F15000 X88.681 Y154.442
G1 F10800 X89.828 Y152.846 E3819.89585
G1 X91.345 Y153.082 E3819.96734
G1 X93.477 Y152.088 E3820.07687
G0 F15000 X91.916 Y150.885
G1 F10800 X92.203 Y150.213 E3820.1109
G0 F15000 X94.606 Y149.906
G1 F10800 X95.603 Y150.442 E3820.1636
G0 F15000 X95.787 Y150.735
G1 F10800 X95.817 Y151.423 E3820.19567
G0 F15000 X97.791 Y154.574
G1 F10800 X97.263 Y155.017 E3820.22776
G0 F15000 X99.66 Y156.041
G1 F10800 X99.815 Y157.227 E3820.28346
G1 X99.54 Y158.371 E3820.33825
G0 F15000 X94.29 Y156.854
G1 F10800 X94.129 Y157.513 E3820.36983
G0 F15000 X90.733 Y161.315
G1 F10800 X87.221 Y160.582 E3820.53689
G1 X85.987 Y158.461 E3820.65115
G1 X82.598 Y157.506 E3820.81511
G1 X83.105 Y155.875 E3820.89464
G1 X83.003 Y154.526 E3820.95763
G1 X81.803 Y153.785 E3821.0233
G1 X81.809 Y152.869 E3821.06596
G0 F15000 X79.673 Y153.133
G1 F10800 X79.599 Y153.951 E3821.1042
G1 X80.362 Y155.411 E3821.18091
G1 X79.091 Y156.902 E3821.27214
G1 X80.533 Y158.115 E3821.35988
G1 X80.054 Y159.741 E3821.43881
G1 X78.371 Y159.425 E3821.51855
G1 X82.389 Y159.795 E3821.70643
G1 X83.466 Y160.525 E3821.76702
G1 X85.843 Y161.106 E3821.88096
G1 X87.035 Y160.653 E3821.94034
G0 F15000 X87.309 Y160.403
G1 F10800 X87.62 Y159.773 E3821.97305
G0 F15000 X86.031 Y158.267
G1 F10800 X86.349 Y156.872 E3822.03968
G1 X87.966 Y156.096 E3822.12319
G1 X88.565 Y154.604 E3822.19806
G1 X87.513 Y153.708 E3822.2624
G1 X87.085 Y154.624 E3822.30948
G0 F15000 X87.448 Y153.519
G1 F10800 X86.91 Y151.967 E3822.38597
G1 X87.969 Y150.225 E3822.48089
G1 X88.391 Y148.81 E3822.54965
G1 X87.588 Y147.681 E3822.61416
G0 F15000 X86.898 Y149.888
G1 F10800 X87.779 Y150.165 E3822.65716
G0 F15000 X85.806 Y145.688
G1 F10800 X85.735 Y146.769 E3822.70761
G1 X85.319 Y148.389 E3822.78549
G1 X84.256 Y151.594 E3822.94272
G1 X85.288 Y153.381 E3823.03881
G1 X85.231 Y155.409 E3823.13328
G1 X86.228 Y156.714 E3823.20975
G0 F15000 X84.753 Y156.237
G1 F10800 X85.131 Y155.582 E3823.24497
G0 F15000 X83.284 Y160.607
G1 F10800 X81.822 Y161.271 E3823.31974
G0 F15000 X75.134 Y161.239
G1 F10800 X73.99 Y160.45 E3823.38445
G1 X74.006 Y160.251
G1 X75.467 Y159.549 E3823.45992
G1 X76.006 Y157.946 E3823.53867
G1 X76.634 Y156.391 E3823.61676
G1 X77.225 Y155.507 E3823.66627
G0 F15000 X75.496 Y154.161
G1 F10800 X75.238 Y155.332 E3823.72211
G1 X74.894 Y156.496 E3823.77863
G0 F15000 X73.778 Y158.703
G1 F10800 X72.575 Y159.103 E3823.83766
G1 X71.891 Y157.931 E3823.90085
G1 X72.527 Y156.2 E3823.98672
G1 X71.696 Y154.589 E3824.07112
G1 X72.217 Y153.097 E3824.14471
G0 F15000 X71.627 Y154.776
G1 F10800 X71.387 Y155.421 E3824.17676
G0 F15000 X72.717 Y159.243
G1 F10800 X73.826 Y160.337 E3824.24929
G1 X72.28 Y160.852 E3824.32517
G0 F15000 X77.245 Y153.139
G1 F10800 X75.538 Y153.966 E3824.41349
G1 X74.253 Y152.882 E3824.49178
G1 X73.501 Y153.585 E3824.53971
G1 X72.282 Y152.909 E3824.60462
G1 X72.608 Y151.283 E3824.68184
G1 X73.224 Y148.973 E3824.79316
G1 X71.735 Y147.497 E3824.89078
G1 X72.266 Y145.9 E3824.96915
G1 X72.608 Y144.775 E3825.0239
G0 F15000 X73.407 Y149.051
G1 F10800 X74.855 Y149.667 E3825.09717
G1 X75.999 Y150.507 E3825.16326
G0 F15000 X78.376 Y150.92
G1 F10800 X78.824 Y150.07 E3825.208
G0 F15000 X82.556 Y142.834
G1 F10800 X82.65 Y142.238 E3825.2361
G0 F15000 X80.692 Y141.088
G1 F10800 X79.406 Y140.444 E3825.30307
G1 X77.745 Y139.787 E3825.38624
G0 F15000 X77.287 Y140.536
G1 F10800 X77.559 Y139.714 E3825.42656
G1 X76.15 Y139.225 E3825.49601
G0 F15000 X73.593 Y138.018
G1 F10800 X72.799 Y137.301 E3825.54582
G0 F15000 X72.85 Y135.557
G1 F10800 X71.55 Y133.658 E3825.65298
G1 X71.358 Y134.401 E3825.68872
G0 F15000 X74.215 Y135.811
G1 F10800 X72.962 Y135.722 E3825.74721
G1 X72.651 Y137.168 E3825.81608
G1 X72.284 Y138.537 E3825.88208
G1 X72.652 Y139.779 E3825.94239
G0 F15000 X76.526 Y134.986
G1 F10800 X77.726 Y135.13 E3825.99867
G0 F15000 X78.123 Y135.16
G1 F10800 X78.805 Y135.184 E3826.03045
G0 F15000 X76.825 Y129.238
G1 F10800 X78.024 Y128.405 E3826.09843
G1 X79.882 Y128.618 E3826.18551
G0 F15000 X75.717 Y116.873
G1 F10800 X76.23 Y116.105 E3826.22852
G0 F15000 X74.299 Y114.809
G1 F10800 X73.823 Y115.493 E3826.26732
G0 F15000 X88.726 Y119.256
G1 F10800 X89.165 Y118.125 E3826.32381
G1 X89.726 Y116.99 E3826.38277
G0 F15000 X90.094 Y115.453
G1 F10800 X89.814 Y116.811 E3826.44733
G1 X90.724 Y118.24 E3826.52622
G0 F15000 X91.198 Y124.853
G0 X96.968 Y126
G1 F10800 X96.658 Y126.693 E3826.56157
G0 F15000 X97.909 Y127.283
G1 F10800 X97.049 Y125.818 E3826.64067
G1 X98.586 Y124.997 E3826.72181
G1 X98.628 Y124.959 E3826.72445
G0 F15000 X102.988 Y132.203
G1 F10800 X103.558 Y133.653 E3826.797
G1 X104.183 Y135.465 E3826.88625
G1 X105.419 Y136.587 E3826.96398
G1 X107.016 Y137.921 E3827.06087
G1 X106.491 Y139.534 E3827.13986
G1 X106.515 Y140.528 E3827.18616
G0 F15000 X104.72 Y141.585
G1 F10800 X104.512 Y140.599 E3827.23308
G1 X104.611 Y138.939 E3827.31051
G1 X103.807 Y137.252 E3827.39753
G0 F15000 X104.128 Y135.657
G1 F10800 X103.721 Y137.072 E3827.46609
G1 X102.965 Y138.064 E3827.52417
G1 X102.319 Y139.616 E3827.60245
G1 X101.06 Y140.96 E3827.6882
G1 X101.964 Y141.913 E3827.74936
G1 X102.159 Y143.268 E3827.81311
G1 X103.011 Y143.419 E3827.8534
G0 F15000 X103.06 Y146.212
G1 F10800 X102.689 Y147.369 E3827.90997
G1 X102.366 Y148.463 E3827.96309
G0 F15000 X99.898 Y143.462
G1 F10800 X100.346 Y142.334 E3828.0196
G1 X100.968 Y141.137 E3828.08242
G0 F15000 X98.293 Y142.13
G1 F10800 X98.519 Y141.336 E3828.12086
G1 X98.997 Y139.795 E3828.19599
G1 X100.618 Y138.52 E3828.29202
G1 X101.682 Y135.462 E3828.44278
G1 X100.668 Y134.546 E3828.50641
G0 F15000 X105.228 Y130.964
G1 F10800 X105.456 Y130.322 E3828.53814
G1 F2400 E3825.53814
G0 F15000 X123.66 Y157.608
G1 F2400 E3828.53814
G1 F10800 X124.027 Y158.729 E3828.59306
G1 X123.161 Y159.663 E3828.65237
G0 F15000 X143.015 Y159.754
G1 F10800 X144.066 Y160.414 E3828.71016
G1 X144.522 Y161.574 E3828.7682
G0 F15000 X145.072 Y161.735
G1 F10800 X146.047 Y161.61 E3828.81397
G1 X147.43 Y161.483 E3828.87864
G0 F15000 X148.341 Y159.435
G1 F10800 X148.954 Y158.657 E3828.92476
G1 X149.036 Y158.587 E3828.92978
G0 F15000 X146.479 Y158.903
G1 F10800 X146.761 Y158.034 E3828.97232
G1 X147.307 Y156.462 E3829.04981
G1 X147.843 Y154.872 E3829.12794
G1 X146.06 Y154.991 E3829.21115
G0 F15000 X146.061 Y153.69
G1 F10800 X145.861 Y155.004 E3829.27304
G1 X145.385 Y156.443 E3829.34361
G1 X145.071 Y157.549 E3829.39715
G1 F2400 E3826.39715
G0 F15000 X90.928 Y161.56
G1 F2400 E3829.39715
G1 F10800 X90.928 Y161.355 E3829.4067
G1 X89.575 Y161.412 E3829.46975
G1 F2400 E3826.46975
G0 F15000 X128.578 Y124.853
G0 X129.106 Y93.442
G1 F2400 E3829.46975
G1 F10800 X129.45 Y92.347 E3829.5232
G1 X129.926 Y91.178 E3829.58197
G0 F15000 X134.799 Y95.776
G1 F10800 X135.86 Y96.362 E3829.63841
G1 X136.745 Y95.594 E3829.69297
G1 X137.972 Y95.739 E3829.7505
G1 X138.095 Y94.362 E3829.81488
G0 F15000 X137.962 Y95.938
G1 F10800 X137.908 Y96.905 E3829.85998
G0 F15000 X139.61 Y98.278
G1 F10800 X140.256 Y97.403 E3829.91062
G1 X141.369 Y96.221 E3829.98622
G1 X142.137 Y94.858 E3830.05907
G1 X142.996 Y93.466 E3830.13523
G1 X144.204 Y92.352 E3830.21175
G1 X144.911 Y90.812 E3830.29066
G1 X145.577 Y89.276 E3830.36861
G1 X146.081 Y88.068 E3830.42956
G0 F15000 X141.483 Y90.613
G1 F10800 X141.198 Y91.755 E3830.48437
G1 X140.33 Y94.518 E3830.61922
G0 F15000 X141.296 Y67.221
G1 F10800 X141.849 Y66.425 E3830.66436
G0 F15000 X144.525 Y66.396
G0 X144.6 Y65.644
;TYPE:SKIN
G1 F4655.2 X145.178 Y65.588 E3830.69572
G1 X145.743 Y65.415 E3830.72764
G1 F4665.2 X146.263 Y65.141 E3830.75932
G1 F4655.2 X146.691 Y64.782 E3830.78949
G1 F4635.2 X147.078 Y64.32 E3830.82219
G1 X147.356 Y63.801 E3830.85412
G1 F4655.2 X147.527 Y63.231 E3830.88627
G1 F4635.2 X147.581 Y62.658 E3830.91749
G1 X147.529 Y62.079 E3830.94903
G1 F4645.2 X147.357 Y61.513 E3830.98105
G1 X147.08 Y61 E3831.01261
G1 F4615.4 X146.719 Y60.568 E3831.04328
G1 F4635.2 X146.268 Y60.178 E3831.07562
G1 F4675.3 X145.745 Y59.905 E3831.10735
G1 X145.18 Y59.729 E3831.13918
G1 F4655.2 X144.6 Y59.678 E3831.17063
G1 F4635.2 X144.028 Y59.733 E3831.2018
G1 F4655.2 X143.461 Y59.902 E3831.23376
G1 F4675.3 X142.933 Y60.185 E3831.26598
G1 X142.492 Y60.55 E3831.29676
G1 X142.117 Y61.005 E3831.32847
G1 F4665.2 X141.847 Y61.515 E3831.35958
G1 F4655.2 X141.675 Y62.077 E3831.39132
G1 F4665.2 X141.614 Y62.66 E3831.42292
G1 X141.675 Y63.245 E3831.45462
G1 F4635.2 X141.854 Y63.812 E3831.48687
G1 F4645.2 X142.111 Y64.298 E3831.51663
G1 F4665.2 X142.494 Y64.77 E3831.54939
G1 X142.947 Y65.143 E3831.58102
G1 X143.457 Y65.416 E3831.6122
G1 X144.018 Y65.588 E3831.64383
G1 F4655.2 X144.6 Y65.644 E3831.67541
G0 F15000 X144.6 Y66.111
G1 F4655.2 X143.93 Y66.044 E3831.71178
G1 F4665.2 X143.285 Y65.845 E3831.74816
G1 X142.686 Y65.526 E3831.78474
G1 X142.165 Y65.095 E3831.82118
G1 F4655.2 X141.734 Y64.574 E3831.8577
G1 F4635.2 X141.417 Y63.974 E3831.89451
G1 X141.217 Y63.33 E3831.9311
G1 F4665.2 X141.151 Y62.66 E3831.96738
G1 X141.218 Y61.99 E3832.00367
G1 F4655.2 X141.415 Y61.345 E3832.0401
G1 F4665.2 X141.733 Y60.746 E3832.07665
G1 F4675.3 X142.164 Y60.224 E3832.11306
G1 X142.685 Y59.793 E3832.14943
G1 X143.285 Y59.474 E3832.18597
G1 F4655.2 X143.931 Y59.277 E3832.22245
G1 F4635.2 X144.6 Y59.211 E3832.25892
G1 F4655.2 X145.27 Y59.276 E3832.29528
G1 F4675.3 X145.919 Y59.475 E3832.33179
G1 X146.527 Y59.797 E3832.36879
G1 F4635.2 X147.038 Y60.224 E3832.40491
G1 F4615.4 X147.466 Y60.738 E3832.44135
G1 F4645.2 X147.788 Y61.342 E3832.47841
G1 X147.987 Y61.994 E3832.51531
G1 F4635.2 X148.05 Y62.659 E3832.55154
G1 X147.983 Y63.326 E3832.58791
G1 F4655.2 X147.788 Y63.975 E3832.62451
G1 F4635.2 X147.461 Y64.585 E3832.66206
G1 F4625.3 X147.038 Y65.098 E3832.6982
G1 F4635.2 X146.526 Y65.522 E3832.73426
G1 F4665.2 X145.919 Y65.845 E3832.77132
G1 F4655.2 X145.27 Y66.043 E3832.80798
G1 X144.6 Y66.111 E3832.84435
G1 F2400 E3829.84435
G0 F15000 X144.571 Y66.4
G0 X128.578 Y124.853
G0 X110 Y124.925
G0 X110 Y124.634
G1 F2400 E3832.84435
G1 F4716.2 X92.86 Y124.635 E3833.75819
G1 F4595.7 X92.554 Y124.623 E3833.77494
G1 F4909.1 X92.041 Y124.664 E3833.8013
G1 F5400 X91.384 Y124.664 E3833.83189
G1 X91.384 Y123.754 E3833.87427
G1 F4931.5 X91.422 Y123.322 E3833.89638
G1 F4518.8 X91.424 Y106.66 E3834.82352
G1 F4490.6 X91.425 Y89.998 E3835.75649
G1 F4864.9 X91.386 Y89.626 E3835.77582
G1 F5373.1 X91.384 Y88.708 E3835.81878
G1 F5320.2 X92.38 Y88.713 E3835.86585
G1 F4931.5 X92.704 Y88.74 E3835.88243
G1 F4655.2 X127.027 Y88.74 E3837.73637
G1 F4931.5 X127.345 Y88.715 E3837.75263
G1 F5320.2 X128.388 Y88.708 E3837.80193
G1 F5400 X128.388 Y89.669 E3837.84668
G1 F4942.8 X128.351 Y90.065 E3837.86691
G1 F4557 X128.351 Y123.322 E3839.70198
G1 F4931.5 X128.388 Y123.745 E3839.72363
G1 F5400 X128.388 Y124.664 E3839.76643
G1 X127.385 Y124.664 E3839.81313
G1 F5000 X126.995 Y124.633 E3839.8328
G1 F4695.7 X110 Y124.634 E3840.74287
G0 F15000 X110 Y124.176
G1 F4675.3 X126.956 Y124.176 E3841.65479
G1 F4843 X127.348 Y124.032 E3841.67647
G1 F5192.3 X127.567 Y123.865 E3841.68981
G1 F5400 X127.693 Y123.71 E3841.69911
G1 F4931.5 X127.879 Y123.281 E3841.72295
G1 F4557 X127.881 Y90.11 E3843.55328
G1 F4778.8 X127.815 Y89.89 E3843.56536
G1 F5192.3 X127.642 Y89.596 E3843.58188
G1 F5400 X127.503 Y89.451 E3843.59124
G1 F5167.5 X127.149 Y89.246 E3843.61114
G1 F4800 X126.984 Y89.2 E3843.62011
G1 F4655.2 X92.744 Y89.199 E3845.46957
G1 F4821.4 X92.353 Y89.365 E3845.49172
G1 F4954.1 X92.068 Y89.679 E3845.51325
G1 F4675.3 X91.897 Y90.071 E3845.53625
G1 F4490.6 X91.895 Y106.676 E3846.46602
G1 F4518.8 X91.893 Y123.281 E3847.38999
G1 F4726.5 X92.067 Y123.693 E3847.41378
G1 F5155.1 X92.211 Y123.871 E3847.42495
G1 F4909.1 X92.597 Y124.145 E3847.4492
G1 F4576.3 X92.818 Y124.175 E3847.46145
G1 F4675.3 X110 Y124.176 E3848.38553
G0 F15000 X110 Y124.925
G0 X91.654 Y124.925
G0 X91.654 Y124.464
G1 F5400 X91.584 Y124.394 E3848.39014
G0 F15000 X91.584 Y123.828
G1 F5400 X92.2 Y124.444 E3848.4307
G1 F2400 E3845.4307
G0 F15000 X92.2 Y124.925
G0 X90.944 Y125.107
G0 X91.126 Y89.621
G0 X91.884 Y89.621
G1 F2400 E3848.4307
G1 F5400 X91.586 Y89.323 E3848.45032
G0 F15000 X91.736 Y88.908
G1 F5400 X92.139 Y89.31 E3848.47683
G0 F15000 X92.478 Y89.083
G1 F5400 X92.302 Y88.908 E3848.48839
G1 F2400 E3845.48839
G0 F15000 X92.302 Y88.451
G0 X127.386 Y88.451
G0 X127.386 Y88.919
G1 F2400 E3848.48839
G1 F5400 X128.18 Y89.713 E3848.54067
G0 F15000 X128.188 Y89.156
G1 F5400 X127.94 Y88.908 E3848.557
G1 F2400 E3845.557
G0 F15000 X127.94 Y88.451
G0 X128.578 Y88.523
G0 X128.65 Y123.497
G0 X128.022 Y123.497
G1 F2400 E3848.557
G1 F5400 X128.171 Y123.645 E3848.56678
G0 F15000 X127.824 Y123.865
G1 F5400 X128.189 Y124.229 E3848.59079
G0 F15000 X127.858 Y124.464
G1 F5400 X127.534 Y124.14 E3848.61212
G0 F15000 X127.274 Y124.445
G1 F5400 X127.157 Y124.328 E3848.61983
G1 F2400 E3845.61983
G0 F15000 X127.157 Y124.925
G0 X128.832 Y125.107
G0 X128.832 Y88.269
G0 X94.946 Y88.151
G0 X75.369 Y66.397
G0 X75.444 Y65.644
G1 F2400 E3848.61983
G1 F4645.2 X76.012 Y65.587 E3848.65073
G1 F4635.2 X76.583 Y65.412 E3848.68312
G1 F4625.3 X77.098 Y65.135 E3848.71491
G1 F4635.2 X77.552 Y64.769 E3848.74655
G1 X77.921 Y64.316 E3848.77824
G1 X78.197 Y63.795 E3848.81023
G1 X78.36 Y63.255 E3848.84083
G1 F4655.2 X78.428 Y62.658 E3848.87328
G1 X78.365 Y62.077 E3848.90485
G1 X78.197 Y61.51 E3848.93679
G1 X77.924 Y61.001 E3848.96799
G1 F4665.2 X77.554 Y60.55 E3848.99943
G1 F4655.2 X77.095 Y60.178 E3849.03134
G1 X76.583 Y59.902 E3849.06276
G1 F4675.3 X76.02 Y59.729 E3849.09444
G1 F4655.2 X75.44 Y59.678 E3849.12589
G1 F4635.2 X74.868 Y59.733 E3849.15706
G1 F4655.2 X74.295 Y59.902 E3849.18933
G1 F4675.3 X73.785 Y60.177 E3849.22049
G1 X73.329 Y60.548 E3849.25211
G1 X72.959 Y60.997 E3849.2834
G1 X72.684 Y61.514 E3849.31489
G1 X72.509 Y62.082 E3849.34685
G1 F4655.2 X72.459 Y62.656 E3849.37798
G1 F4635.2 X72.51 Y63.23 E3849.40924
G1 F4655.2 X72.682 Y63.801 E3849.44145
G1 F4665.2 X72.959 Y64.321 E3849.4732
G1 X73.33 Y64.77 E3849.5046
G1 X73.783 Y65.141 E3849.53616
G1 X74.295 Y65.416 E3849.56748
G1 X74.86 Y65.588 E3849.59931
G1 F4655.2 X75.444 Y65.644 E3849.631
G0 F15000 X75.44 Y66.111
G1 F4655.2 X74.77 Y66.043 E3849.66738
G1 F4665.2 X74.122 Y65.845 E3849.7039
G1 X73.526 Y65.526 E3849.74033
G1 X73.004 Y65.099 E3849.77668
G1 X72.574 Y64.578 E3849.81309
G1 X72.255 Y63.979 E3849.84967
G1 F4655.2 X72.057 Y63.33 E3849.88632
G1 F4635.2 X71.99 Y62.656 E3849.92306
G1 F4655.2 X72.056 Y61.99 E3849.95921
G1 F4675.3 X72.254 Y61.345 E3849.9955
G1 X72.573 Y60.741 E3850.03223
G1 X73.004 Y60.22 E3850.0686
G1 X73.525 Y59.794 E3850.10479
G1 X74.121 Y59.474 E3850.14118
G1 F4655.2 X74.77 Y59.277 E3850.17781
G1 F4635.2 X75.44 Y59.211 E3850.21433
G1 F4655.2 X76.11 Y59.276 E3850.25069
G1 F4675.3 X76.759 Y59.475 E3850.2872
G1 F4655.2 X77.358 Y59.795 E3850.32388
G1 X77.884 Y60.225 E3850.36058
G1 F4665.2 X78.31 Y60.742 E3850.39669
G1 F4655.2 X78.629 Y61.341 E3850.43334
G1 X78.823 Y61.99 E3850.46993
G1 X78.891 Y62.656 E3850.50609
G1 X78.821 Y63.33 E3850.54269
G1 F4635.2 X78.627 Y63.979 E3850.57944
G1 X78.309 Y64.577 E3850.61618
G1 X77.883 Y65.095 E3850.65256
G1 X77.357 Y65.524 E3850.68938
G1 F4625.3 X76.758 Y65.844 E3850.7263
G1 F4635.2 X76.11 Y66.043 E3850.76308
G1 F4645.2 X75.44 Y66.111 E3850.79953
G0 F15000 X75.381 Y66.699
;MESH:NONMESH
G0 F300 Z1.68
G0 F15000 X75.35 Y66.395
G0 X75.443 Y65.464
;TIME_ELAPSED:2283.842991
;LAYER:5
;TYPE:WALL-INNER
;MESH:lid.stl
G1 F5400 X74.9 Y65.412 E3850.82493
G1 X74.363 Y65.248 E3850.85107
G1 X73.877 Y64.988 E3850.87674
G1 X73.457 Y64.643 E3850.90205
G1 X73.112 Y64.223 E3850.92736
G1 X72.849 Y63.732 E3850.95329
G1 X72.687 Y63.195 E3850.97941
G1 X72.64 Y62.66 E3851.00442
G1 X72.687 Y62.125 E3851.02943
G1 X72.849 Y61.588 E3851.05555
G1 X73.112 Y61.097 E3851.08148
G1 X73.456 Y60.678 E3851.10673
G1 X73.878 Y60.332 E3851.13214
G1 X74.372 Y60.069 E3851.1582
G1 X74.912 Y59.908 E3851.18443
G1 X75.44 Y59.856 E3851.20914
G1 X75.989 Y59.909 E3851.23482
G1 X76.515 Y60.071 E3851.26045
G1 X76.996 Y60.329 E3851.28587
G1 X77.424 Y60.674 E3851.31146
G1 X77.774 Y61.105 E3851.33732
G1 X78.028 Y61.584 E3851.36256
G1 X78.19 Y62.111 E3851.38824
G1 X78.248 Y62.66 E3851.41394
G1 X78.192 Y63.184 E3851.43848
G1 X78.03 Y63.727 E3851.46487
G1 X77.773 Y64.212 E3851.49042
G1 X77.42 Y64.645 E3851.51644
G1 X77.004 Y64.983 E3851.5414
G1 X76.514 Y65.247 E3851.56731
G1 X76.007 Y65.404 E3851.59203
G1 X75.443 Y65.464 E3851.61844
G1 F2400 E3848.61844
G0 F15000 X76.583 Y65.414
G0 X77.003 Y66.201
G0 X83.307 Y74.478
G0 X83.636 Y74.806
G0 X84.26 Y75.114
G0 X84.351 Y74.82
G1 F2400 E3851.61844
G1 F5400 X83.841 Y74.659 E3851.64334
G1 X83.515 Y74.333 E3851.66481
G1 X83.357 Y73.931 E3851.68492
G1 X83.351 Y73.551 E3851.70262
G1 X83.509 Y73.099 E3851.72491
G1 X83.846 Y72.782 E3851.74646
G1 X84.252 Y72.635 E3851.76656
G1 X84.602 Y72.631 E3851.78286
G1 X84.77 Y72.675 E3851.79095
G1 F5142.9 X85.209 Y72.901 E3851.81509
G1 F4705.9 X85.456 Y73.269 E3851.83877
G1 F4169.9 X85.617 Y73.647 E3851.86355
G1 F3857.1 X85.614 Y73.81 E3851.87417
G1 F4500 X85.406 Y74.239 E3851.90081
G1 F5400 X85.219 Y74.508 E3851.91607
G1 X84.893 Y74.73 E3851.93443
G1 X84.569 Y74.807 E3851.94994
G1 X84.351 Y74.82 E3851.96011
G0 F15000 X84.26 Y75.114
G0 X87.468 Y75.12
G0 X87.468 Y74.881
G1 F4227 X87.251 Y74.881 E3851.97302
G1 F4909.1 X86.698 Y74.617 E3852.00441
G1 F5320.2 X86.419 Y74.333 E3852.02322
G1 F5217.4 X86.286 Y74.043 E3852.0386
G1 F4408.2 X86.172 Y73.839 E3852.05193
G1 F4153.8 X86.173 Y73.597 E3852.06658
G1 F4615.4 X86.553 Y72.919 E3852.10892
G1 X86.892 Y72.694 E3852.13109
G1 F4186 X87.297 Y72.517 E3852.15764
G1 F3898.9 X87.415 Y72.517 E3852.16525
G1 F4390.2 X87.641 Y72.634 E3852.17982
G1 F5192.3 X87.991 Y72.774 E3852.19808
G1 F5400 X88.265 Y73.072 E3852.21693
G1 F4537.8 X88.524 Y73.596 E3852.24932
G1 F4194.2 X88.523 Y73.835 E3852.26364
G1 F4920.3 X88.245 Y74.35 E3852.29355
G1 F5400 X87.99 Y74.614 E3852.31064
G1 F4566.6 X87.468 Y74.881 E3852.34293
G0 F15000 X87.468 Y75.12
G0 X86.794 Y75.341
G0 X86.205 Y75.822
G0 X85.973 Y76.595
G0 X86.193 Y77.322
G0 X86.586 Y77.715
G0 X87.232 Y78.004
G0 X87.321 Y77.709
G1 F5400 X86.752 Y77.536 E3852.37062
G1 X86.474 Y77.252 E3852.38913
G1 X86.369 Y77.06 E3852.39932
G1 X86.259 Y76.691 E3852.41725
G1 X86.267 Y76.476 E3852.42726
G1 X86.388 Y76.059 E3852.44748
G1 X86.489 Y75.915 E3852.45567
G1 X86.788 Y75.664 E3852.47385
G1 F4942.8 X87.199 Y75.426 E3852.49801
G1 F4235.3 X87.444 Y75.423 E3852.51256
G1 F4481.3 X87.709 Y75.561 E3852.52932
G1 F5281.2 X88 Y75.69 E3852.54448
G1 F5400 X88.287 Y75.985 E3852.56364
G1 X88.445 Y76.385 E3852.58367
G1 X88.446 Y76.822 E3852.60402
G1 X88.215 Y77.286 E3852.62815
G1 X88.085 Y77.419 E3852.63681
G1 X87.782 Y77.616 E3852.65364
G1 X87.321 Y77.709 E3852.67554
G0 F15000 X87.232 Y78.004
G0 X87.881 Y77.855
G0 X88.268 Y77.596
G0 X90.382 Y75.12
G0 X90.322 Y74.816
G1 F5400 X90.064 Y74.793 E3852.6876
G1 X89.728 Y74.684 E3852.70405
G1 X89.577 Y74.591 E3852.71231
G1 X89.339 Y74.35 E3852.72808
G1 F4518.8 X89.076 Y73.867 E3852.75868
G1 F3898.9 X89.076 Y73.602 E3852.77577
G1 F4537.8 X89.211 Y73.355 E3852.79137
G1 F5400 X89.34 Y73.085 E3852.8053
G1 X89.607 Y72.809 E3852.82318
G1 X89.993 Y72.638 E3852.84284
G1 X90.466 Y72.624 E3852.86488
G1 X90.919 Y72.857 E3852.8886
G1 X91.049 Y72.969 E3852.89659
G1 X91.27 Y73.29 E3852.91473
G1 X91.348 Y73.73 E3852.93554
G1 X91.276 Y74.093 E3852.95277
G1 X91.04 Y74.496 E3852.97452
G1 X90.66 Y74.743 E3852.99562
G1 X90.322 Y74.816 E3853.01172
G0 F15000 X90.382 Y75.12
G0 X89.514 Y74.883
G0 X89.107 Y74.478
G0 X88.494 Y72.935
G0 X88.164 Y72.607
G0 X87.46 Y72.201
G0 X87.415 Y71.967
G1 F3898.9 X87.297 Y71.967 E3853.01933
G1 F4390.2 X87.071 Y71.85 E3853.03391
G1 F5106.4 X86.745 Y71.717 E3853.05125
G1 F5294.1 X86.515 Y71.497 E3853.06636
G1 F5400 X86.381 Y71.291 E3853.07781
G1 X86.263 Y70.887 E3853.0974
G1 X86.266 Y70.682 E3853.10695
G1 X86.385 Y70.281 E3853.12643
G1 X86.515 Y70.087 E3853.1373
G1 X86.89 Y69.781 E3853.15984
G1 X87.252 Y69.7 E3853.17711
G1 X87.46 Y69.7 E3853.1868
G1 X87.884 Y69.829 E3853.20744
G1 X88.067 Y69.957 E3853.21783
G1 X88.284 Y70.187 E3853.23256
G1 X88.44 Y70.556 E3853.25121
G1 X88.451 Y71.024 E3853.27301
G1 X88.195 Y71.522 E3853.29908
G1 X87.87 Y71.76 E3853.31784
G1 F4528.3 X87.415 Y71.967 E3853.3456
G0 F15000 X87.46 Y72.201
G0 X90.552 Y72.381
G0 X99.27 Y76.947
G0 X100.522 Y77.261
G0 X100.552 Y76.956
G1 F5400 X99.948 Y76.896 E3853.37386
G1 X99.364 Y76.71 E3853.4024
G1 X98.828 Y76.43 E3853.43056
G1 X98.374 Y76.055 E3853.45798
G1 X97.976 Y75.574 E3853.48705
G1 X97.685 Y75.035 E3853.51557
G1 X97.511 Y74.451 E3853.54395
G1 X97.448 Y73.843 E3853.57241
G1 X97.514 Y73.232 E3853.60103
G1 X97.697 Y72.643 E3853.62975
G1 X97.976 Y72.124 E3853.65718
G1 X98.341 Y71.682 E3853.68387
G1 X98.834 Y71.268 E3853.71385
G1 X99.36 Y70.982 E3853.74173
G1 X99.95 Y70.807 E3853.77039
G1 X100.552 Y70.744 E3853.79857
G1 X101.154 Y70.807 E3853.82676
G1 X101.734 Y70.982 E3853.85497
G1 X102.295 Y71.283 E3853.88461
G1 X102.747 Y71.658 E3853.91196
G1 X103.139 Y72.132 E3853.9406
G1 X103.423 Y72.683 E3853.96946
G1 X103.601 Y73.247 E3853.997
G1 X103.656 Y73.851 E3854.02524
G1 X103.601 Y74.454 E3854.05344
G1 X103.419 Y75.028 E3854.08148
G1 X103.135 Y75.564 E3854.10972
G1 X102.744 Y76.046 E3854.13862
G1 X102.264 Y76.437 E3854.16745
G1 X101.743 Y76.71 E3854.19484
G1 X101.154 Y76.896 E3854.2236
G1 X100.552 Y76.956 E3854.25177
G0 F15000 X100.522 Y77.261
G0 X113.463 Y80.603
G0 X114.765 Y80.792
G0 X114.796 Y80.48
G1 F5400 X113.514 Y80.36 E3854.31173
G1 X112.27 Y79.982 E3854.37227
G1 X111.136 Y79.376 E3854.43214
G1 X110.126 Y78.544 E3854.49307
G1 X109.321 Y77.564 E3854.55213
G1 X108.704 Y76.417 E3854.61277
G1 X108.32 Y75.167 E3854.67366
G1 X108.192 Y73.873 E3854.73421
G1 X108.329 Y72.566 E3854.7954
G1 X108.71 Y71.33 E3854.85563
G1 X109.323 Y70.193 E3854.91578
G1 X110.132 Y69.21 E3854.97506
G1 X111.129 Y68.393 E3855.03508
G1 X112.271 Y67.777 E3855.0955
G1 X113.514 Y67.4 E3855.15598
G1 X114.796 Y67.276 E3855.21595
G1 X116.08 Y67.4 E3855.27602
G1 X117.326 Y67.78 E3855.33668
G1 X118.467 Y68.393 E3855.39699
G1 X119.462 Y69.212 E3855.457
G1 X120.285 Y70.211 E3855.51727
G1 X120.897 Y71.351 E3855.57752
G1 X121.273 Y72.593 E3855.63794
G1 X121.403 Y73.878 E3855.69808
G1 X121.273 Y75.167 E3855.75841
G1 X120.899 Y76.41 E3855.81885
G1 X120.289 Y77.55 E3855.87905
G1 X119.456 Y78.554 E3855.9398
G1 X118.46 Y79.376 E3855.99993
G1 X117.328 Y79.981 E3856.0597
G1 X116.078 Y80.357 E3856.12048
G1 X114.796 Y80.48 E3856.18045
G0 F15000 X114.765 Y80.792
G0 X132.281 Y80.792
G0 X132.312 Y80.48
G1 F5400 X131.026 Y80.36 E3856.24059
G1 X129.793 Y79.983 E3856.30063
G1 X128.649 Y79.377 E3856.36091
G1 X127.648 Y78.554 E3856.42125
G1 X126.823 Y77.549 E3856.4818
G1 X126.21 Y76.411 E3856.54199
G1 X125.835 Y75.167 E3856.60249
G1 X125.705 Y73.882 E3856.66263
G1 X125.835 Y72.593 E3856.72295
G1 X126.21 Y71.347 E3856.78354
G1 X126.823 Y70.211 E3856.84365
G1 X127.642 Y69.212 E3856.9038
G1 X128.641 Y68.393 E3856.96395
G1 X129.783 Y67.777 E3857.02437
G1 X131.026 Y67.4 E3857.08486
G1 X132.308 Y67.276 E3857.14483
G1 X133.592 Y67.4 E3857.2049
G1 X134.832 Y67.78 E3857.26529
G1 X135.984 Y68.393 E3857.32605
G1 X136.975 Y69.209 E3857.38583
G1 X137.801 Y70.216 E3857.44647
G1 X138.413 Y71.369 E3857.50726
G1 X138.788 Y72.596 E3857.567
G1 X138.916 Y73.88 E3857.62708
G1 X138.788 Y75.152 E3857.68661
G1 X138.407 Y76.411 E3857.74786
G1 X137.799 Y77.547 E3857.80786
G1 X136.976 Y78.546 E3857.86813
G1 X135.973 Y79.372 E3857.92863
G1 X134.841 Y79.981 E3857.98849
G1 X133.598 Y80.352 E3858.04889
G1 X132.312 Y80.48 E3858.10907
G1 F2400 E3855.10907
G0 F15000 X132.281 Y80.792
G0 X134.78 Y79.841
G0 X135.896 Y79.246
G0 X136.873 Y78.442
G0 X137.676 Y77.465
G0 X138.271 Y76.349
G0 X138.639 Y75.138
G0 X138.763 Y73.881
G0 X138.653 Y72.892
G0 X143.854 Y66.444
G0 X143.998 Y65.581
G0 X144.596 Y65.464
G1 F2400 E3858.10907
G1 F5400 X144.039 Y65.405 E3858.13515
G1 X143.527 Y65.248 E3858.16008
G1 X143.043 Y64.988 E3858.18567
G1 X142.614 Y64.641 E3858.21136
G1 X142.28 Y64.228 E3858.23609
G1 X142.007 Y63.72 E3858.26295
G1 X141.847 Y63.198 E3858.28837
G1 X141.797 Y62.66 E3858.31353
G1 X141.848 Y62.117 E3858.33892
G1 X142.012 Y61.582 E3858.36498
G1 X142.272 Y61.097 E3858.3906
G1 X142.614 Y60.68 E3858.41572
G1 X143.038 Y60.332 E3858.44126
G1 X143.532 Y60.069 E3858.46732
G1 X144.072 Y59.908 E3858.49356
G1 X144.598 Y59.857 E3858.51816
G1 X145.146 Y59.908 E3858.54379
G1 X145.675 Y60.071 E3858.56957
G1 X146.165 Y60.334 E3858.59546
G1 X146.599 Y60.702 E3858.62196
G1 X146.936 Y61.106 E3858.64645
G1 X147.191 Y61.59 E3858.67193
G1 X147.354 Y62.126 E3858.69802
G1 X147.404 Y62.66 E3858.72299
G1 X147.352 Y63.188 E3858.74769
G1 X147.192 Y63.729 E3858.77396
G1 X146.936 Y64.214 E3858.7995
G1 X146.584 Y64.637 E3858.82513
G1 X146.163 Y64.988 E3858.85065
G1 X145.675 Y65.249 E3858.87642
G1 X145.146 Y65.412 E3858.90219
G1 X144.596 Y65.464 E3858.92792
G1 F2400 E3855.92792
G0 F15000 X143.998 Y65.581
G0 X138.6 Y72.632
G0 X138.763 Y73.881
G0 X138.639 Y75.138
G0 X128.188 Y124.463
G0 X110 Y124.935
G0 X110 Y124.623
G1 F2400 E3858.92792
G1 F5400 X91.996 Y124.624 E3859.76626
G1 X91.754 Y124.561 E3859.7779
G1 X91.539 Y124.379 E3859.79102
G1 X91.425 Y124.068 E3859.80644
G1 X91.425 Y89.261 E3861.4272
G1 X91.512 Y89.033 E3861.43857
G1 X91.675 Y88.859 E3861.44967
G1 X91.993 Y88.748 E3861.46535
G1 X127.794 Y88.749 E3863.1324
G1 X128.08 Y88.847 E3863.14647
G1 X128.252 Y89.022 E3863.1579
G1 X128.347 Y89.306 E3863.17184
G1 X128.347 Y124.068 E3864.79051
G1 X128.235 Y124.376 E3864.80577
G1 X128.051 Y124.543 E3864.81734
G1 X127.793 Y124.623 E3864.82992
G1 X110 Y124.623 E3865.65843
G1 F2400 E3862.65843
G0 F15000 X110 Y124.935
G0 X110 Y161.651
G0 X110 Y161.96
G1 F2400 E3865.65843
G1 F5400 X149.384 Y161.96 E3867.49232
G1 X149.384 Y58.036 E3872.33145
G1 X70.612 Y58.036 E3875.99941
G1 X70.612 Y161.96 E3880.83855
G1 X110 Y161.96 E3882.67262
G0 F15000 X110 Y162.36
;TYPE:WALL-OUTER
G1 F5400 X149.784 Y162.36 E3884.52513
G1 X149.784 Y57.636 E3889.40151
G1 X70.212 Y57.636 E3893.10672
G1 X70.212 Y162.36 E3897.98311
G1 X110 Y162.36 E3899.8358
G1 F2400 E3896.8358
G0 F15000 X110 Y161.651
G0 X110 Y124.935
G0 X110 Y124.222
G1 F2400 E3899.8358
G1 F5400 X91.996 Y124.223 E3900.67415
G1 X91.87 Y124.153 E3900.68086
G1 X91.824 Y124.039 E3900.68658
G1 X91.825 Y89.322 E3902.30315
G1 X91.853 Y89.243 E3902.30705
G1 X91.962 Y89.148 E3902.31379
G1 X127.764 Y89.148 E3903.98088
G1 X127.892 Y89.208 E3903.98746
G1 X127.948 Y89.304 E3903.99263
G1 X127.948 Y124.039 E3905.61004
G1 X127.886 Y124.17 E3905.61679
G1 X127.786 Y124.221 E3905.62202
G1 X110 Y124.222 E3906.45021
G1 F2400 E3903.45021
G0 F15000 X110 Y124.935
G0 X128.588 Y124.863
G0 X128.588 Y88.513
G0 X114.706 Y80.786
G0 X114.776 Y80.08
G1 F2400 E3906.45021
G1 F5400 X113.612 Y79.968 E3906.50466
G1 X112.405 Y79.601 E3906.5634
G1 X111.373 Y79.049 E3906.6179
G1 X110.41 Y78.262 E3906.67581
G1 X109.645 Y77.33 E3906.73195
G1 X109.064 Y76.239 E3906.78951
G1 X108.712 Y75.068 E3906.84645
G1 X108.596 Y73.86 E3906.90296
G1 X108.72 Y72.653 E3906.95946
G1 X109.079 Y71.485 E3907.01635
G1 X109.646 Y70.429 E3907.07216
G1 X110.414 Y69.494 E3907.12851
G1 X111.352 Y68.725 E3907.18499
G1 X112.441 Y68.144 E3907.24246
G1 X113.612 Y67.792 E3907.2994
G1 X114.816 Y67.68 E3907.3557
G1 X115.984 Y67.792 E3907.41034
G1 X117.187 Y68.159 E3907.4689
G1 X118.244 Y68.725 E3907.52473
G1 X119.178 Y69.494 E3907.58107
G1 X119.954 Y70.435 E3907.63786
G1 X120.517 Y71.489 E3907.6935
G1 X120.881 Y72.672 E3907.75114
G1 X121 Y73.862 E3907.80683
G1 X120.881 Y75.088 E3907.86418
G1 X120.517 Y76.275 E3907.92199
G1 X119.954 Y77.325 E3907.97747
G1 X119.187 Y78.257 E3908.03368
G1 X118.223 Y79.049 E3908.09177
G1 X117.191 Y79.601 E3908.14627
G1 X115.984 Y79.964 E3908.20496
G1 X114.776 Y80.08 E3908.26147
G1 F2400 E3905.26147
G0 F15000 X114.706 Y80.786
G0 X113.699 Y80.638
G0 X100.463 Y77.255
G0 X100.532 Y76.552
G1 F2400 E3908.26147
G1 F5400 X100.048 Y76.504 E3908.28411
G1 X99.518 Y76.341 E3908.30993
G1 X99.053 Y76.095 E3908.33443
G1 X98.633 Y75.748 E3908.3598
G1 X98.295 Y75.331 E3908.38479
G1 X98.055 Y74.876 E3908.40874
G1 X97.903 Y74.372 E3908.43326
G1 X97.852 Y73.828 E3908.4587
G1 X97.908 Y73.305 E3908.48319
G1 X98.061 Y72.809 E3908.50736
G1 X98.306 Y72.35 E3908.53159
G1 X98.639 Y71.95 E3908.55582
G1 X99.056 Y71.601 E3908.58114
G1 X99.497 Y71.363 E3908.60448
G1 X100.028 Y71.199 E3908.63036
G1 X100.572 Y71.148 E3908.6558
G1 X101.076 Y71.199 E3908.67939
G1 X101.607 Y71.363 E3908.70526
G1 X102.059 Y71.606 E3908.72916
G1 X102.474 Y71.956 E3908.75444
G1 X102.802 Y72.353 E3908.77842
G1 X103.048 Y72.822 E3908.80308
G1 X103.208 Y73.344 E3908.8285
G1 X103.256 Y73.868 E3908.853
G1 X103.208 Y74.356 E3908.87584
G1 X103.047 Y74.882 E3908.90145
G1 X102.8 Y75.346 E3908.92593
G1 X102.444 Y75.775 E3908.95189
G1 X102.051 Y76.098 E3908.97557
G1 X101.589 Y76.341 E3908.99988
G1 X101.056 Y76.504 E3909.02583
G1 X100.532 Y76.552 E3909.05033
G1 F2400 E3906.05033
G0 F15000 X100.463 Y77.255
G0 X90.002 Y75.096
G0 X90.21 Y74.418
G1 F2400 E3909.05033
G1 F5400 X89.854 Y74.3 E3909.0678
G1 X89.662 Y74.114 E3909.08025
G1 X89.552 Y73.831 E3909.09438
G1 X89.566 Y73.545 E3909.10772
G1 X89.662 Y73.321 E3909.11907
G1 X89.863 Y73.13 E3909.13198
G1 X90.109 Y73.031 E3909.14432
G1 X90.388 Y73.03 E3909.15732
G1 X90.738 Y73.213 E3909.17571
G1 X90.898 Y73.471 E3909.18984
G1 X90.94 Y73.703 E3909.20082
G1 X90.895 Y73.97 E3909.21343
G1 X90.738 Y74.214 E3909.22694
G1 X90.491 Y74.372 E3909.24059
G1 X90.21 Y74.418 E3909.25385
G1 F2400 E3906.25385
G0 F15000 X90.002 Y75.096
G0 X87.754 Y75.065
G0 X87.481 Y74.404
G1 F2400 E3909.25385
G1 F5400 X87.226 Y74.408 E3909.26573
G1 X86.954 Y74.3 E3909.27935
G1 X86.765 Y74.118 E3909.29157
G1 X86.659 Y73.872 E3909.30404
G1 X86.651 Y73.577 E3909.31779
G1 X86.847 Y73.208 E3909.33724
G1 X87.093 Y73.046 E3909.35096
G1 X87.367 Y72.986 E3909.36402
G1 X87.729 Y73.098 E3909.38166
G1 X87.937 Y73.301 E3909.3952
G1 X88.036 Y73.526 E3909.40664
G1 X88.048 Y73.837 E3909.42113
G1 X87.922 Y74.114 E3909.4353
G1 X87.73 Y74.301 E3909.44778
G1 X87.481 Y74.404 E3909.46033
G1 F2400 E3906.46033
G0 F15000 X87.754 Y75.065
G0 X88.494 Y75.835
G0 X88.698 Y76.328
G0 X88.697 Y76.904
G0 X88.359 Y77.535
G0 X87.929 Y77.823
G0 X87.141 Y77.977
G0 X87.346 Y77.298
G1 F2400 E3909.46033
G1 F5400 X86.968 Y77.185 E3909.4787
G1 X86.757 Y76.955 E3909.49324
G1 X86.648 Y76.587 E3909.51111
G1 X86.77 Y76.194 E3909.53027
G1 X87.075 Y75.946 E3909.54857
G1 X87.374 Y75.892 E3909.56272
G1 X87.709 Y75.989 E3909.57896
G1 X87.94 Y76.206 E3909.59372
G1 X88.042 Y76.445 E3909.60582
G1 X88.049 Y76.738 E3909.61947
G1 X87.881 Y77.057 E3909.63625
G1 X87.633 Y77.234 E3909.65044
G1 X87.346 Y77.298 E3909.66413
G1 F2400 E3906.66413
G0 F15000 X87.141 Y77.977
G0 X86.63 Y77.759
G0 X84.215 Y75.1
G0 X84.424 Y74.42
G1 F2400 E3909.66413
G1 F5400 X84.058 Y74.308 E3909.68196
G1 X83.847 Y74.091 E3909.69605
G1 X83.753 Y73.842 E3909.70844
G1 X83.758 Y73.568 E3909.7212
G1 X83.849 Y73.341 E3909.73259
G1 X84.041 Y73.145 E3909.74537
G1 X84.292 Y73.034 E3909.75815
G1 X84.586 Y73.028 E3909.77184
G1 X84.926 Y73.205 E3909.78969
G1 X85.089 Y73.446 E3909.80324
G1 X85.14 Y73.695 E3909.81507
G1 X85.096 Y73.965 E3909.82781
G1 X84.946 Y74.206 E3909.84103
G1 X84.705 Y74.367 E3909.85452
G1 X84.424 Y74.42 E3909.86784
G1 F2400 E3906.86784
G0 F15000 X84.215 Y75.1
G0 X84.966 Y74.979
G0 X85.408 Y74.685
G0 X85.701 Y74.245
G0 X86.004 Y73.408
G0 X86.36 Y72.752
G0 X86.745 Y72.494
G0 X87.49 Y72.195
G0 X87.353 Y71.496
G1 F2400 E3909.86784
G1 F5400 X86.966 Y71.381 E3909.88664
G1 X86.769 Y71.177 E3909.89984
G1 X86.647 Y70.789 E3909.91878
G1 X86.769 Y70.393 E3909.93808
G1 X87.067 Y70.156 E3909.95581
G1 X87.36 Y70.085 E3909.96984
G1 X87.719 Y70.193 E3909.9873
G1 X87.931 Y70.393 E3910.00087
G1 X88.042 Y70.644 E3910.01365
G1 X88.045 Y70.943 E3910.02758
G1 X87.867 Y71.285 E3910.04553
G1 X87.622 Y71.439 E3910.059
G1 X87.353 Y71.496 E3910.07181
G1 F2400 E3907.07181
G0 F15000 X87.49 Y72.195
G0 X76.916 Y66.225
G0 X76.583 Y65.414
G0 X75.421 Y65.06
G1 F2400 E3910.07181
G1 F5400 X74.957 Y65.012 E3910.09353
G1 X74.501 Y64.869 E3910.11578
G1 X74.121 Y64.665 E3910.13586
G1 X73.729 Y64.343 E3910.15949
G1 X73.435 Y63.979 E3910.18127
G1 X73.216 Y63.563 E3910.20316
G1 X73.08 Y63.103 E3910.2255
G1 X73.04 Y62.641 E3910.24709
G1 X73.088 Y62.177 E3910.26881
G1 X73.231 Y61.721 E3910.29107
G1 X73.435 Y61.341 E3910.31115
G1 X73.733 Y60.972 E3910.33324
G1 X74.122 Y60.655 E3910.3566
G1 X74.541 Y60.436 E3910.37862
G1 X74.981 Y60.302 E3910.40003
G1 X75.44 Y60.256 E3910.42151
G1 X75.927 Y60.308 E3910.44432
G1 X76.379 Y60.451 E3910.46639
G1 X76.759 Y60.655 E3910.48648
G1 X77.152 Y60.973 E3910.51002
G1 X77.428 Y61.313 E3910.53041
G1 X77.664 Y61.757 E3910.55382
G1 X77.792 Y62.177 E3910.57427
G1 X77.843 Y62.639 E3910.59591
G1 X77.798 Y63.118 E3910.61831
G1 X77.654 Y63.589 E3910.64125
G1 X77.447 Y63.979 E3910.66181
G1 X77.138 Y64.362 E3910.68472
G1 X76.769 Y64.659 E3910.70678
G1 X76.343 Y64.884 E3910.72921
G1 X75.915 Y65.015 E3910.75005
G1 X75.421 Y65.06 E3910.77315
G1 F2400 E3907.77315
G0 F15000 X75.391 Y65.368
G0 X77.103 Y65.138
G0 X78.169 Y65.388
G0 X132.288 Y80.08
G1 F2400 E3910.77315
G1 F5400 X131.124 Y79.968 E3910.8276
G1 X129.939 Y79.611 E3910.88523
G1 X128.885 Y79.049 E3910.94085
G1 X127.925 Y78.265 E3910.99856
G1 X127.154 Y77.325 E3911.05517
G1 X126.591 Y76.275 E3911.11065
G1 X126.227 Y75.088 E3911.16846
G1 X126.108 Y73.898 E3911.22415
G1 X126.224 Y72.692 E3911.28057
G1 X126.583 Y71.502 E3911.33845
G1 X127.154 Y70.435 E3911.3948
G1 X127.913 Y69.508 E3911.45058
G1 X128.864 Y68.725 E3911.50794
G1 X129.953 Y68.144 E3911.56542
G1 X131.124 Y67.792 E3911.62236
G1 X132.328 Y67.68 E3911.67866
G1 X133.496 Y67.792 E3911.7333
G1 X134.684 Y68.152 E3911.7911
G1 X135.748 Y68.72 E3911.84726
G1 X136.687 Y69.491 E3911.90384
G1 X137.456 Y70.421 E3911.96003
G1 X138.044 Y71.525 E3912.01827
G1 X138.396 Y72.692 E3912.07503
G1 X138.512 Y73.9 E3912.13154
G1 X138.394 Y75.083 E3912.1869
G1 X138.029 Y76.275 E3912.24495
G1 X137.467 Y77.324 E3912.30036
G1 X136.68 Y78.275 E3912.35784
G1 X135.735 Y79.049 E3912.41472
G1 X134.703 Y79.601 E3912.46921
G1 X133.496 Y79.964 E3912.5279
G1 X132.288 Y80.08 E3912.58441
G1 F2400 E3909.58441
G0 F15000 X132.218 Y80.786
G0 X134.78 Y79.841
G0 X135.896 Y79.246
G0 X136.873 Y78.442
G0 X137.676 Y77.465
G0 X138.271 Y76.349
G0 X138.639 Y75.138
G0 X138.763 Y73.881
G0 X138.65 Y72.858
G0 X143.854 Y66.444
G0 X143.998 Y65.581
G0 X144.581 Y65.06
G1 F2400 E3912.58441
G1 F5400 X144.117 Y65.012 E3912.60613
G1 X143.666 Y64.869 E3912.62816
G1 X143.281 Y64.665 E3912.64845
G1 X142.913 Y64.368 E3912.67047
G1 X142.608 Y63.999 E3912.69276
G1 X142.376 Y63.563 E3912.71576
G1 X142.24 Y63.103 E3912.7381
G1 X142.2 Y62.641 E3912.75969
G1 X142.248 Y62.177 E3912.78141
G1 X142.391 Y61.721 E3912.80366
G1 X142.595 Y61.341 E3912.82375
G1 X142.917 Y60.949 E3912.84737
G1 X143.282 Y60.655 E3912.86919
G1 X143.701 Y60.436 E3912.89121
G1 X144.141 Y60.302 E3912.91263
G1 X144.619 Y60.26 E3912.93497
G1 X145.087 Y60.308 E3912.95688
G1 X145.539 Y60.451 E3912.97895
G1 X145.919 Y60.655 E3912.99903
G1 X146.306 Y60.975 E3913.02242
G1 X146.586 Y61.311 E3913.04278
G1 X146.824 Y61.757 E3913.06632
G1 X146.96 Y62.215 E3913.08857
G1 X147.004 Y62.66 E3913.10939
G1 X146.958 Y63.119 E3913.13087
G1 X146.824 Y63.563 E3913.15247
G1 X146.586 Y64.009 E3913.17601
G1 X146.306 Y64.345 E3913.19637
G1 X145.919 Y64.665 E3913.21975
G1 X145.503 Y64.884 E3913.24165
G1 X145.047 Y65.02 E3913.2638
G1 X144.581 Y65.06 E3913.28558
G1 F2400 E3910.28558
G0 F15000 X144.55 Y65.368
G0 X144.409 Y65.626
G0 X144.323 Y66.508
G0 X144.293 Y66.686
;TYPE:FILL
G1 F2400 E3913.28558
G1 F10800 X144.302 Y66.883 E3913.29476
G1 X143.64 Y68.362 E3913.37022
G1 X142.65 Y71.332 E3913.51599
G0 F15000 X144.246 Y72.662
G1 F10800 X144.868 Y71.455 E3913.57922
G1 X145.931 Y68.263 E3913.73588
G1 X147.42 Y67.197 E3913.82115
G1 X148.181 Y65.844 E3913.89343
G1 X148.824 Y64.299 E3913.97136
G1 X148.984 Y64.299 E3913.97881
G0 F15000 X148.984 Y61.446
G1 F10800 X148.928 Y61.446 E3913.98141
G0 F15000 X147.665 Y59.017
G1 F10800 X144.609 Y58.484 E3914.12586
G1 X144.55 Y58.4 E3914.13064
G0 F15000 X142.256 Y58.428
G1 F10800 X142.15 Y58.795 E3914.14843
G0 F15000 X140.882 Y61.371
G0 X140.899 Y61.377
G1 F10800 X139.582 Y62.898 E3914.24211
G1 X138.926 Y64.15 E3914.30793
G0 F15000 X136.798 Y64.416
G1 F10800 X137.15 Y63.25 E3914.36464
G1 X137.681 Y61.653 E3914.44301
G1 X139.419 Y60.683 E3914.53569
G1 X139.962 Y59.129 E3914.61234
G1 X138.334 Y58.579 E3914.69236
G0 F15000 X138.216 Y58.405
G1 F10800 X138.145 Y58.516 E3914.69849
G1 X136.692 Y58.52 E3914.76615
G0 F15000 X134.575 Y58.434
G1 F10800 X134.518 Y58.942 E3914.78995
G1 X135.967 Y60.179 E3914.87867
G1 X135.435 Y61.775 E3914.957
G1 X135.202 Y63.086 E3915.019
G0 F15000 X133.606 Y61.756
G1 F10800 X134.064 Y60.382 E3915.08644
G1 X134.458 Y59.132 E3915.14747
G0 F15000 X134.321 Y58.971
G1 F10800 X132.623 Y59.227 E3915.22743
G1 X131.708 Y62.014 E3915.36402
G0 F15000 X132.501 Y64.071
G1 F10800 X132.8 Y65.372 E3915.42618
G0 F15000 X132.646 Y65.545
G1 F10800 X130.992 Y65.37 E3915.50363
G1 X130.249 Y66.551 E3915.5686
G1 X128.521 Y66.065 E3915.65218
G1 X127.883 Y67.605 E3915.7298
G1 X126.529 Y66.649 E3915.80698
G0 F15000 X128.563 Y65.87
G1 F10800 X128.842 Y64.591 E3915.86794
G1 X129.468 Y63.264 E3915.93626
G0 F15000 X128.65 Y64.536
G1 F10800 X127.372 Y64.17 E3915.99816
G0 F15000 X125.36 Y63.352
G1 F10800 X126.232 Y60.737 E3916.12652
G0 F15000 X127.767 Y61.563
G1 F10800 X126.295 Y60.548 E3916.20977
G1 X125.061 Y59.238 E3916.29358
G0 F15000 X125.108 Y59.017
G1 F10800 X126.128 Y58.594 E3916.34499
G0 F15000 X124.792 Y58.432
G1 F10800 X124.924 Y59.093 E3916.37638
G1 X124.222 Y60.648 E3916.45582
G1 X123.232 Y63.618 E3916.6016
G0 F15000 X124.539 Y65.262
G1 F10800 X123.063 Y66.126 E3916.68124
G1 X122.531 Y67.722 E3916.75957
G1 X121.81 Y68.868 E3916.82262
G0 F15000 X121.37 Y70.534
G1 F10800 X121.704 Y69.037 E3916.89404
G1 X120.43 Y67.804 E3916.9766
G0 F15000 X120.69 Y66.456
G1 F10800 X120.287 Y67.665 E3917.03594
G1 X118.856 Y66.772 E3917.11448
G0 F15000 X118.76 Y66.482
G1 F10800 X119.316 Y65.085 E3917.18449
G1 X121.064 Y64.667 E3917.26818
G0 F15000 X120.441 Y62.406
G1 F10800 X121.652 Y61.559 E3917.337
G1 X122.184 Y59.963 E3917.41533
G1 X122.652 Y58.752 E3917.47579
G0 F15000 X122.803 Y58.414
G1 F10800 X122.724 Y58.566 E3917.48376
G1 X120.912 Y58.966 E3917.57017
G1 X120.306 Y60.16 E3917.63252
G0 F15000 X118.594 Y58.431
G1 F10800 X118.496 Y58.866 E3917.65328
G1 X116.998 Y58.584 E3917.72426
G0 F15000 X114.912 Y58.436
G1 F10800 X114.908 Y59.492 E3917.77343
G1 X113.195 Y58.969 E3917.85683
G1 X112.704 Y60.523 E3917.93272
G1 X112.21 Y62.044 E3918.00718
G1 X112.921 Y63.38 E3918.07765
G0 F15000 X111.38 Y65.126
G1 F10800 X111.102 Y66.191 E3918.12891
G0 F15000 X108.986 Y66.19
G1 F10800 X108.567 Y67.394 E3918.18827
G1 X110.29 Y67.885 E3918.27169
G1 X111.052 Y66.384 E3918.35007
G1 X112.926 Y66.432 E3918.43736
G1 X113.261 Y67.069 E3918.47088
G0 F15000 X115.136 Y65.5
G1 F10800 X116.775 Y65.969 E3918.55026
G1 X118.687 Y66.667 E3918.64504
G1 X118.011 Y67.696 E3918.70237
G0 F15000 X117.646 Y63.352
G1 F10800 X117.879 Y62.041 E3918.76437
G1 X116.422 Y60.8 E3918.85349
G1 X115.059 Y59.622 E3918.93737
G0 F15000 X114.838 Y59.679
G1 F10800 X114.454 Y60.692 E3918.98782
G0 F15000 X116.363 Y60.991
G1 F10800 X115.976 Y62.244 E3919.04888
G1 X115.518 Y63.618 E3919.11632
G0 F15000 X109.679 Y63.425
G1 F10800 X106.798 Y61.028 E3919.29083
G1 X108.347 Y60.263 E3919.37128
G1 X109.141 Y58.739 E3919.4513
G1 X110.56 Y59.06 E3919.51904
G0 F15000 X110.885 Y58.432
G1 F10800 X110.755 Y59.104 E3919.55091
G1 X110.464 Y60.426 E3919.61394
G0 F15000 X106.714 Y61.209
G1 F10800 X106.208 Y62.288 E3919.66944
G0 F15000 X107.39 Y64.86
G1 F10800 X106.884 Y65.939 E3919.72493
G0 F15000 X106.647 Y65.993
G1 F10800 X105.515 Y65.053 E3919.79344
G0 F15000 X105.545 Y66.928
G1 F10800 X106.8 Y66.12 E3919.86295
G1 X108.405 Y67.278 E3919.9551
G0 F15000 X109.237 Y69.642
G1 F10800 X108.803 Y70.689 E3920.00788
G0 F15000 X108.535 Y70.816
G1 F10800 X107.854 Y70.591 E3920.04127
G1 X104.2 Y70.094 E3920.21299
G1 X104.464 Y68.85 E3920.2722
G0 F15000 X105.942 Y70.534
G1 F10800 X106.464 Y69.385 E3920.33097
G1 X107.703 Y70.46 E3920.40735
G0 F15000 X107.79 Y70.78
G1 F10800 X107.317 Y72.179 E3920.47611
G1 X105.484 Y72.532 E3920.56303
G1 X104.878 Y73.726 E3920.62538
G0 F15000 X106.474 Y75.056
G1 F10800 X106.932 Y73.682 E3920.69282
G1 X107.268 Y72.372 E3920.7558
G0 F15000 X107.781 Y76.7
G1 F10800 X105.979 Y77.327 E3920.84464
G1 X104.712 Y76.37 E3920.91858
G1 X104.705 Y76.379
G1 X107.685 Y78.904 E3921.10045
G1 X109.298 Y80.149 E3921.19533
G1 X110.867 Y81.562 E3921.29365
G1 X112.339 Y82.577 E3921.37691
G0 F15000 X110.804 Y81.751
G1 F10800 X109.932 Y84.366 E3921.50526
G0 F15000 X109.55 Y86.248
G1 F10800 X111.243 Y86.55 E3921.58534
G1 X112.902 Y87.025 E3921.66569
G0 F15000 X113.508 Y85.874
G1 F10800 X113.094 Y87.079 E3921.72502
G1 X115.242 Y86.82 E3921.82577
G1 X117.148 Y86.888 E3921.91458
G1 X117.288 Y88.351 E3921.98301
G0 F15000 X117.126 Y88.469
G1 F10800 X116.987 Y88.407 E3921.9901
G0 F15000 X117.497 Y88.49
G1 F10800 X118.679 Y88.116 E3922.04783
G0 F15000 X119.392 Y85.982
G1 F10800 X121.085 Y86.284 E3922.1279
G1 X122.744 Y86.759 E3922.20826
G0 F15000 X121.148 Y86.095
G1 F10800 X121.488 Y85.076 E3922.25828
G0 F15000 X120.04 Y83.302
G1 F10800 X120.38 Y82.283 E3922.3083
G0 F15000 X122.136 Y82.396
G1 F10800 X120.443 Y82.094 E3922.38838
G1 X118.588 Y81.564 E3922.47821
G1 X118.943 Y79.863 E3922.55912
G1 X118.853 Y79.548 E3922.57438
G0 F15000 X118.396 Y81.511
G1 F10800 X116.856 Y81.083 E3922.6488
G1 X116.047 Y82.588 E3922.72836
G1 X114.855 Y83.154 E3922.78981
G0 F15000 X114.667 Y80.898
G1 F10800 X114.67 Y80.869 E3922.79117
G0 F15000 X114.489 Y80.663
G1 F10800 X113.017 Y80.606 E3922.85976
G0 F15000 X108.404 Y82.262
G1 F10800 X107.29 Y80.48 E3922.95762
G1 X107.637 Y79.097 E3923.02401
G0 F15000 X107.211 Y80.663
G1 F10800 X106.666 Y81.928 E3923.08815
G1 X106.208 Y83.302 E3923.15559
G0 F15000 X107.515 Y84.946
G1 F10800 X105.901 Y85.508 E3923.23517
G0 F15000 X105.417 Y86.883
G1 F10800 X105.713 Y85.573 E3923.29771
G1 X104.451 Y84.471 E3923.37572
G0 F15000 X103.824 Y82.074
G1 F10800 X102.867 Y83.125 E3923.44191
G1 X102.335 Y84.722 E3923.52029
G1 X101.856 Y85.975 E3923.58275
G0 F15000 X101.597 Y86.096
G1 F10800 X99.819 Y85.477 E3923.67042
G1 X97.831 Y84.692 E3923.76994
G0 F15000 X95.804 Y84.13
G1 F10800 X94.571 Y84.486 E3923.8297
G1 X93.992 Y86.037 E3923.90679
G1 X95.564 Y86.842 E3923.98903
G1 X97.434 Y87.386 E3924.07971
G1 X97.592 Y88.355 E3924.12543
G0 F15000 X97.813 Y88.491
G1 F10800 X98.995 Y88.116 E3924.18317
G0 F15000 X101.154 Y87.558
G1 F10800 X101.785 Y86.161 E3924.25455
G1 X103.561 Y86.705 E3924.34104
G1 X105.374 Y87.078 E3924.42723
G1 X107.397 Y87.206 E3924.52162
G1 X108.916 Y88.365 E3924.61059
G0 F15000 X109.208 Y88.472
G1 F10800 X110.688 Y88.312 E3924.6799
G0 F15000 X111.306 Y86.361
G1 F10800 X111.646 Y85.342 E3924.72992
G0 F15000 X115.303 Y86.63
G1 F10800 X115.636 Y85.608 E3924.77997
G0 F15000 X117.646 Y84.366
G1 F10800 X118.524 Y81.753 E3924.90833
G0 F15000 X122.7 Y80.11
G1 F10800 X122.899 Y78.995 E3924.96107
G0 F15000 X121.345 Y77.492
G1 F10800 X121.104 Y78.78 E3925.02209
G1 X122.934 Y78.799 E3925.1073
G1 X123.998 Y75.608 E3925.26393
G1 X122.627 Y74.433 E3925.34801
G0 F15000 X122.467 Y74.104
G1 F10800 X122.393 Y72.583 E3925.41892
G0 F15000 X121.776 Y74.153
G1 F10800 X122.476 Y74.303 E3925.45225
G1 X122.168 Y75.588 E3925.51378
G0 F15000 X125.212 Y73.992
G1 F10800 X124.988 Y72.618 E3925.57861
G1 X125.556 Y70.358 E3925.68711
G0 F15000 X126.983 Y69.388
G1 F10800 X126.154 Y68.85 E3925.73313
G1 X125.604 Y70.165 E3925.7995
G1 X124.09 Y69.006 E3925.88829
G1 X123.498 Y70.268 E3925.9532
G0 F15000 X124.132 Y68.811
G1 F10800 X124.414 Y67.52 E3926.01473
G0 F15000 X125.589 Y75.217
G0 X126.019 Y76.86
G1 F10800 X125.886 Y77.034 E3926.02493
G1 X125.286 Y78.47 E3926.09739
G1 X124.296 Y81.44 E3926.24317
G0 F15000 X126.158 Y81.972
G1 F10800 X126.384 Y80.625 E3926.30677
G1 X126.916 Y79.029 E3926.38511
G1 X125.977 Y77.211 E3926.48038
G0 F15000 X128.286 Y81.706
G1 F10800 X128.853 Y80.538 E3926.54084
G1 X130.571 Y81.035 E3926.62412
G1 X130.672 Y80.667 E3926.64189
G0 F15000 X130.732 Y81.152
G1 F10800 X132.329 Y82.313 E3926.73382
G1 X134.143 Y80.738 E3926.84569
G0 F15000 X135.734 Y82.504
G1 F10800 X136.856 Y79.813 E3926.98145
G0 F15000 X137.502 Y78.403
G0 X137.458 Y78.366
G1 F10800 X136.932 Y79.629 E3927.04515
G1 X138.628 Y79.332 E3927.12533
G1 X137.564 Y82.524 E3927.282
G1 X137.33 Y83.834 E3927.34397
G0 F15000 X138.926 Y85.164
G1 F10800 X139.277 Y83.998 E3927.40067
G1 X140.341 Y80.805 E3927.55738
G1 X142.082 Y79.851 E3927.64982
G1 X142.624 Y78.287 E3927.7269
G1 X140.998 Y77.762 E3927.80646
G0 F15000 X141.438 Y76.298
G1 F10800 X140.808 Y77.701 E3927.87808
G1 X139.128 Y77.373 E3927.95778
G1 X137.711 Y78.092 E3928.03177
G0 F15000 X137.738 Y78.115
G0 X139.724 Y75.322
G1 F10800 X140.596 Y72.707 E3928.16013
G0 F15000 X142.131 Y73.533
G1 F10800 X140.659 Y72.518 E3928.24338
G1 X139.417 Y71.119 E3928.3305
G0 F15000 X139.467 Y70.89
G1 F10800 X140.765 Y70.316 E3928.39658
G0 F15000 X139.355 Y69.126
G1 F10800 X139.285 Y70.97 E3928.48251
G1 X138.77 Y71.192 E3928.50862
G0 F15000 X137.596 Y68.14
G1 F10800 X137.952 Y67.125 E3928.55871
G0 F15000 X141.145 Y67.399
G1 F10800 X142.006 Y66.386 E3928.62061
G0 F15000 X142.309 Y66.002
G1 F10800 X142.135 Y66.234 E3928.63412
G1 X140.956 Y64.338 E3928.73808
G1 X140.302 Y65.884 E3928.81624
G1 X138.018 Y66.937 E3928.93336
G1 X136.317 Y66.431 E3929.01599
G1 X135.964 Y67.6 E3929.07285
G1 X134.104 Y67.089 E3929.16267
G1 X132.844 Y65.566 E3929.25471
G1 X134.381 Y64.996 E3929.33104
G0 F15000 X130.148 Y59.894
G1 F10800 X130.392 Y58.724 E3929.3867
G0 F15000 X130.505 Y58.408
G1 F10800 X130.432 Y58.529 E3929.39328
G1 X128.71 Y58.757 E3929.47416
G0 F15000 X144.449 Y67.017
G1 F10800 X147.133 Y69.458 E3929.64309
G1 X146.865 Y71.03 E3929.71735
G1 X146.067 Y72.606 E3929.79961
G1 X148.298 Y73.339 E3929.90895
G1 X147.704 Y74.524 E3929.97068
G0 F15000 X148.694 Y76.576
G1 F10800 X148.627 Y78.645 E3930.06707
G0 F15000 X148.548 Y79.029
G1 F10800 X147.982 Y80.449 E3930.13825
G1 X146.918 Y83.641 E3930.29492
G1 X145.175 Y84.649 E3930.38868
G1 X144.497 Y86.076 E3930.46224
G1 X146.261 Y87.744 E3930.57529
G1 X145.697 Y89.332 E3930.65376
G1 X145.122 Y90.91 E3930.73196
G1 X144.067 Y92.244 E3930.81116
G1 X145.726 Y93.43 E3930.90612
G1 X147.215 Y94.078 E3930.98173
G1 X148.163 Y95.319 E3931.05445
G1 X148.653 Y92.798 E3931.17403
G0 F15000 X147.136 Y91.806
G1 F10800 X147.971 Y88.862 E3931.31653
G1 X148.438 Y87.422 E3931.38702
G1 X148.613 Y85.339 E3931.48435
G1 X147.067 Y86.149 E3931.56562
G1 X146.351 Y87.566 E3931.63955
G0 F15000 X144.435 Y86.265
G1 F10800 X143.45 Y89.24 E3931.78547
G1 X141.655 Y90.297 E3931.88247
G1 X141.246 Y91.77 E3931.95365
G1 X140.256 Y94.74 E3932.09943
G0 F15000 X138.087 Y94.129
G1 F10800 X138.146 Y95.748 E3932.17487
G1 X136.614 Y95.401 E3932.24801
G1 X135.888 Y96.594 E3932.31304
G1 X134.645 Y95.693 E3932.38453
G0 F15000 X132.617 Y94.519
G1 F10800 X132.276 Y95.538 E3932.43456
G0 F15000 X130.68 Y94.208
G1 F10800 X131.263 Y92.955 E3932.49891
G1 X131.584 Y91.602 E3932.56366
G0 F15000 X131.406 Y93.094
G1 F10800 X132.68 Y94.33 E3932.64632
G1 X134.484 Y95.576 E3932.74841
G1 X134.026 Y97.041 E3932.81988
G1 X135.079 Y98.6 E3932.90748
G1 X136.279 Y99.867 E3932.98874
G0 F15000 X137.875 Y101.495
G1 F10800 X136.581 Y102.712 E3933.07145
G0 F15000 X136.369 Y103.037
G1 F10800 X135.926 Y104.272 E3933.13255
G1 X135.468 Y105.646 E3933.19999
G0 F15000 X133.34 Y105.912
G1 F10800 X134.214 Y103.297 E3933.32837
G0 F15000 X132.276 Y102.986
G1 F10800 X132.625 Y101.859 E3933.38331
G0 F15000 X132.75 Y101.48
G1 F10800 X133.192 Y100.238 E3933.4447
G0 F15000 X131.166 Y100.517
G1 F10800 X132.684 Y101.668 E3933.5334
G1 X134.277 Y103.108 E3933.63339
G1 X134.921 Y101.572 E3933.71095
G1 X136.436 Y102.849 E3933.80321
G1 X137.829 Y104.069 E3933.88943
G1 X137.594 Y105.581 E3933.96068
G1 X138.894 Y106.996 E3934.05016
G1 X138.66 Y108.306 E3934.11212
G0 F15000 X138.286 Y110.095
G1 F10800 X140.009 Y109.879 E3934.19298
G1 X140.628 Y108.272 E3934.27317
G1 X141.237 Y106.84 E3934.34563
G1 X142.702 Y107.893 E3934.42964
G1 X144.795 Y107.043 E3934.53483
G1 X145.084 Y105.425 E3934.61136
G1 X145.857 Y104.06 E3934.68441
G1 X146.467 Y102.572 E3934.75929
G1 X147.955 Y101.509 E3934.84444
G1 X148.818 Y100.213 E3934.91694
G1 X148.984 Y100.213 E3934.92467
G0 F15000 X147.415 Y97.182
G1 F10800 X146.909 Y98.549 E3934.99255
G1 X146.377 Y100.146 E3935.07093
G1 X145.094 Y101.277 E3935.15057
G1 X144.284 Y102.835 E3935.23233
G1 X143.471 Y104.23 E3935.30752
G1 X143.412 Y105.638 E3935.37314
G0 F15000 X143.279 Y104.175
G1 F10800 X142.002 Y103.804 E3935.43506
G0 F15000 X140.22 Y102.978
G1 F10800 X140.553 Y101.821 E3935.49112
G1 X141.058 Y100.236 E3935.56858
G1 X141.581 Y98.643 E3935.64665
G1 X143.038 Y99.91 E3935.73656
G1 X144.783 Y98.812 E3935.83256
G1 X145.315 Y97.216 E3935.9109
G1 X145.966 Y95.921 E3935.97839
G1 X147.484 Y96.995 E3936.06498
G1 X148.088 Y95.504 E3936.13988
G0 F15000 X145.774 Y95.866
G1 F10800 X144.281 Y95.434 E3936.21225
G1 X143.714 Y96.602 E3936.27271
G0 F15000 X142.978 Y100.1
G1 F10800 X142.65 Y101.124 E3936.32278
G0 F15000 X139.488 Y98.477
G1 F10800 X140.196 Y97.323 E3936.38582
G1 X141.555 Y96.362 E3936.46333
G1 X142.194 Y94.899 E3936.53766
G1 X142.806 Y93.331 E3936.61604
G1 X143.916 Y92.374 E3936.68428
G0 F15000 X141.505 Y90.166
G1 F10800 X140.246 Y89.069 E3936.76204
G1 X139.714 Y90.665 E3936.84038
G1 X139.192 Y91.814 E3936.89914
G0 F15000 X137.714 Y90.13
G1 F10800 X137.21 Y91.275 E3936.95739
G1 X135.445 Y90.744 E3937.04322
G1 X135.728 Y89.252 E3937.11393
G1 X133.968 Y88.631 E3937.20084
G1 X132.328 Y88.115 E3937.28089
G1 X132.517 Y86.803 E3937.34262
G1 X130.2 Y86.554 E3937.45113
G1 X128.824 Y87.807 E3937.53778
G0 F15000 X128.828 Y88.071
G1 F10800 X130.122 Y89.193 E3937.61753
G1 X129.923 Y90.837 E3937.69464
G1 X131.63 Y91.408 E3937.77846
G1 X133.417 Y91.639 E3937.86236
G1 X134.949 Y92.951 E3937.95628
G0 F15000 X133.364 Y91.447
G1 F10800 X133.074 Y90.396 E3938.00705
G0 F15000 X129.856 Y91.025
G1 F10800 X129.392 Y92.33 E3938.07154
G1 X129.048 Y93.668 E3938.13587
G0 F15000 X129.38 Y95.969
G1 F10800 X129.861 Y97.268 E3938.20037
G0 F15000 X130.081 Y97.585
G1 F10800 X131.448 Y98.758 E3938.28425
G1 X130.606 Y101.878 E3938.43472
G1 X130.148 Y103.252 E3938.50216
G0 F15000 X131.455 Y104.896
G1 F10800 X129.796 Y105.776 E3938.58961
G1 X128.745 Y105.629 E3938.63902
G0 F15000 X129.727 Y105.963
G1 F10800 X129.35 Y106.976 E3938.68935
G0 F15000 X129.945 Y105.908
G1 F10800 X131.181 Y107.001 E3938.76618
G1 X130.727 Y108.624 E3938.84466
G1 X129.241 Y108.761 E3938.91415
G0 F15000 X130.678 Y108.817
G1 F10800 X130.34 Y110.124 E3938.97701
G1 X129.882 Y111.498 E3939.04445
G0 F15000 X128.742 Y113.882
G1 F10800 X129.522 Y114.021 E3939.08134
G1 X131.108 Y115.26 E3939.17505
G1 X132.674 Y116.672 E3939.27324
G1 X134.273 Y118.003 E3939.37011
G1 X133.34 Y120.808 E3939.50776
G0 F15000 X131.744 Y119.478
G1 F10800 X132.612 Y116.861 E3939.63615
G0 F15000 X134.431 Y118.125
G1 F10800 X135.985 Y119.332 E3939.72777
G1 X135.468 Y120.542 E3939.78904
G0 F15000 X136.132 Y119.467
G1 F10800 X137.292 Y120.536 E3939.8625
G1 X137.26 Y121.86 E3939.92416
G1 X138.632 Y122.704 E3939.99917
G1 X138.394 Y124 E3940.06053
G0 F15000 X137.564 Y125.754
G1 F10800 X136.249 Y125.249 E3940.12612
G0 F15000 X136.384 Y123.912
G1 F10800 X136.063 Y125.178 E3940.18693
G1 X134.182 Y126.213 E3940.28691
G1 X132.764 Y124.982 E3940.37434
G0 F15000 X132.778 Y124.739
G1 F10800 X134.158 Y123.798 E3940.45212
G1 X134.788 Y122.582 E3940.51589
G0 F15000 X132.519 Y122.718
G1 F10800 X131.176 Y123.446 E3940.58702
G0 F15000 X131.156 Y123.667
G1 F10800 X132.613 Y124.851 E3940.67444
G1 X132.01 Y126.128 E3940.7402
G0 F15000 X130.241 Y125.379
G1 F10800 X130.026 Y126.533 E3940.79486
G1 X129.494 Y128.129 E3940.8732
G1 X131.361 Y128.813 E3940.96578
G1 X132.535 Y130.196 E3941.05025
G1 X132.506 Y131.44 E3941.1082
G0 F15000 X134.138 Y131.98
G1 F10800 X135.538 Y127.767 E3941.31492
G0 F15000 X134.326 Y126.351
G1 F10800 X135.6 Y127.578 E3941.39728
G1 X138.62 Y130.102 E3941.58055
G1 X137.03 Y134.803 E3941.81163
G1 X135.163 Y135.697 E3941.90802
G1 X134.897 Y137.226 E3941.98029
G1 X134.11 Y138.773 E3942.06111
G1 X133.601 Y140.323 E3942.13707
G1 X132.151 Y141.154 E3942.21489
G0 F15000 X132.145 Y143.27
G1 F10800 X133.349 Y142.431 E3942.28322
G1 X135.216 Y141.628 E3942.37786
G1 X136.001 Y140.048 E3942.46001
G1 X136.269 Y138.45 E3942.53546
G1 X137.03 Y136.931 E3942.61457
G1 X138.651 Y136.074 E3942.69995
G1 X139.164 Y134.518 E3942.77624
G1 X139.95 Y133.03 E3942.8546
G1 X140.503 Y131.631 E3942.92465
G1 X142.086 Y130.539 E3943.0142
G1 X142.644 Y129.134 E3943.08459
G1 X143.413 Y127.644 E3943.16267
G1 X144.012 Y126.026 E3943.24301
G1 X145.585 Y125.165 E3943.32651
G1 X146.327 Y123.656 E3943.40481
G1 X147.156 Y122.054 E3943.4888
G1 X147.489 Y120.429 E3943.56604
G1 X145.939 Y119.061 E3943.6623
G1 X147.44 Y117.968 E3943.74876
G1 X148.149 Y116.596 E3943.82067
G1 X148.743 Y115.287 E3943.88761
G0 F15000 X148.984 Y115.105
G1 F10800 X146.383 Y115.033 E3944.00877
G1 X145.851 Y116.63 E3944.08715
G1 X144 Y117.598 E3944.18441
G1 X143.532 Y118.961 E3944.25152
G1 X141.887 Y118.842 E3944.32831
G1 X141.32 Y120.01 E3944.38877
G0 F15000 X139.488 Y119.491
G1 F10800 X140.174 Y118.337 E3944.45128
G1 X140.483 Y116.739 E3944.52707
G1 X141.014 Y115.143 E3944.60539
G1 X142.817 Y114.346 E3944.69719
G1 X142.667 Y116.457 E3944.79573
G1 X143.849 Y117.468 E3944.86816
G0 F15000 X145.877 Y119.25
G1 F10800 X145.417 Y120.645 E3944.93655
G1 X144.807 Y122.032 E3945.00711
G1 X143.069 Y121.618 E3945.0903
G0 F15000 X144.713 Y122.208
G1 F10800 X144.011 Y123.521 E3945.15963
G1 X142.181 Y124.371 E3945.25359
G1 X141.853 Y126.102 E3945.33562
G1 X141.018 Y129.046 E3945.47811
G0 F15000 X139.192 Y127.724
G1 F10800 X140.182 Y124.754 E3945.62389
G1 X140.75 Y123.329 E3945.69532
G1 X142.02 Y124.254 E3945.76848
G0 F15000 X140.69 Y123.139
G1 F10800 X140.256 Y121.784 E3945.83473
G0 F15000 X137.573 Y118.462
G1 F10800 X136.16 Y119.236 E3945.90975
G0 F15000 X138.394 Y116.552
G1 F10800 X139.024 Y115.335 E3945.97356
G1 X139.556 Y113.74 E3946.05186
G1 X141.075 Y112.626 E3946.13957
G1 X142.139 Y109.434 E3946.29624
G1 X142.634 Y108.08 E3946.36337
G0 F15000 X141.157 Y106.657
G1 F10800 X140.552 Y105.279 E3946.43345
G0 F15000 X136.384 Y107.686
G1 F10800 X135.826 Y108.849 E3946.49351
G1 X134.264 Y107.954 E3946.57734
G1 X133.003 Y109.056 E3946.65532
G0 F15000 X132.796 Y109.378
G1 F10800 X132.428 Y110.599 E3946.7147
G1 X131.896 Y112.195 E3946.79304
G1 X132.949 Y113.758 E3946.88079
G1 X134.414 Y115.025 E3946.97098
G1 X134.788 Y113.804 E3947.03045
G0 F15000 X134.564 Y115.156
G1 F10800 X135.862 Y116.283 E3947.11049
G1 X136.384 Y115.134 E3947.16925
G0 F15000 X137.564 Y112.188
G1 F10800 X136.034 Y111.513 E3947.24712
G1 X134.286 Y110.559 E3947.33985
G1 X132.853 Y109.187 E3947.43223
G1 X130.92 Y108.675 E3947.52534
G0 F15000 X134.222 Y110.748
G1 F10800 X133.872 Y111.764 E3947.57538
G0 F15000 X129.483 Y114.217
G1 F10800 X129.242 Y115.417 E3947.63237
G1 X130.108 Y117.599 E3947.74168
G1 X129.882 Y118.946 E3947.80528
G0 F15000 X130.923 Y121.388
G1 F10800 X129.343 Y122.255 E3947.8892
G1 X128.742 Y122.133 E3947.91776
G0 F15000 X129.296 Y122.449
G1 F10800 X129.048 Y123.46 E3947.96623
G0 F15000 X129.501 Y122.377
G1 F10800 X131.001 Y123.541 E3948.05464
G1 X130.277 Y125.183 E3948.1382
G1 X128.36 Y125.466 E3948.22843
G1 X127.754 Y126.66 E3948.29078
G0 F15000 X125.867 Y125.467
G1 F10800 X124.429 Y126.411 E3948.37088
G0 F15000 X124.367 Y126.689
G1 F10800 X125.584 Y128.65 E3948.47835
G1 X127.352 Y129.173 E3948.5642
G1 X128.92 Y130.489 E3948.65952
G1 X130.388 Y131.753 E3948.74972
G1 X130.096 Y133.439 E3948.8294
G1 X129.371 Y134.703 E3948.89725
G1 X128.839 Y136.299 E3948.97559
G1 X127.281 Y137.368 E3949.06357
G1 X128.631 Y138.719 E3949.1525
G1 X130.109 Y139.95 E3949.24207
G1 X129.575 Y141.496 E3949.31823
G1 X128.643 Y142.677 E3949.38828
G0 F15000 X130.148 Y143.862
G1 F10800 X130.383 Y145.169 E3949.45012
G1 X131.438 Y146.809 E3949.54092
G1 X130.913 Y148.367 E3949.61747
G1 X129.768 Y149.466 E3949.69137
G0 F15000 X129.791 Y149.712
G1 F10800 X130.929 Y150.452 E3949.75458
G0 F15000 X128.706 Y151.584
G1 F10800 X128.47 Y152.776 E3949.81116
G1 X126.849 Y153.767 E3949.89963
G1 X125.774 Y156.867 E3950.05242
G1 X127.636 Y157.399 E3950.14259
G1 X129.217 Y157.839 E3950.219
G0 F15000 X129.336 Y158.077
G1 F10800 X128.818 Y159.378 E3950.28421
G0 F15000 X130.108 Y160.959
G1 F10800 X128.214 Y160.962 E3950.3724
G1 X125.12 Y160.729 E3950.51688
G0 F15000 X124.735 Y160.645
G1 F10800 X122.955 Y159.969 E3950.60554
G1 X124.257 Y158.769 E3950.68799
G1 X123.553 Y157.4 E3950.75967
G0 F15000 X121.79 Y156.71
G1 F10800 X121.515 Y155.677 E3950.80945
G0 F15000 X121.407 Y155.293
G1 F10800 X120.666 Y152.806 E3950.93028
G1 X122.402 Y152.086 E3951.01779
G1 X121.691 Y150.75 E3951.08826
G0 F15000 X123.462 Y150.326
G1 F10800 X123.853 Y148.897 E3951.15725
G1 X125.348 Y149.605 E3951.23428
G1 X125.227 Y150.981 E3951.29859
G1 X126.709 Y151.394 E3951.37023
G0 F15000 X128.318 Y152.647
G1 F10800 X126.901 Y151.447 E3951.4567
G1 X127.181 Y150.004 E3951.52514
G1 X127.181 Y148.393 E3951.60016
G0 F15000 X126.141 Y146.462
G1 F10800 X125.089 Y145.933 E3951.65499
G0 F15000 X125.448 Y144.381
G1 F10800 X124.911 Y145.844 E3951.72755
G1 X124.3 Y147.402 E3951.80548
G1 X123.91 Y148.706 E3951.86886
G0 F15000 X123.702 Y148.766
G1 F10800 X122.319 Y147.567 E3951.95409
G1 X122.552 Y146.256 E3952.01609
G0 F15000 X123.232 Y144.216
G1 F10800 X123.862 Y143 E3952.07986
G1 X125.692 Y141.939 E3952.17836
G1 X126.663 Y138.817 E3952.3306
G1 X127.203 Y137.552 E3952.39465
G0 F15000 X128.578 Y138.911
G1 F10800 X128.286 Y139.96 E3952.44535
G0 F15000 X126.918 Y141.816
G1 F10800 X125.891 Y141.92 E3952.49342
G0 F15000 X124.03 Y140.492
G1 F10800 X125.365 Y135.963 E3952.71328
G1 X125.514 Y134.113 E3952.7997
G1 X126.482 Y132.175 E3952.90057
G1 X126.948 Y130.592 E3952.97741
G1 X127.298 Y129.365 E3953.03682
G0 F15000 X125.511 Y128.835
G1 F10800 X125.02 Y130.074 E3953.09888
G1 X124.562 Y131.448 E3953.16632
G0 F15000 X122.7 Y130.916
G1 F10800 X123.69 Y127.946 E3953.3121
G1 X124.262 Y126.52 E3953.38364
G1 X122.414 Y125.98 E3953.47329
G0 F15000 X122.029 Y125.874
G1 F10800 X120.591 Y125.5 E3953.54248
G1 X120.029 Y127.107 E3953.62175
G1 X119.408 Y128.71 E3953.7018
G1 X117.683 Y129.481 E3953.78978
G1 X117.113 Y131.093 E3953.86939
G1 X116.299 Y132.574 E3953.94808
G1 X115.783 Y133.933 E3954.01577
G1 X114.329 Y134.77 E3954.09389
G0 F15000 X115.731 Y136.481
G1 F10800 X115.007 Y137.63 E3954.15713
G1 X113.942 Y140.822 E3954.31382
G1 X112.424 Y141.936 E3954.4015
G1 X111.794 Y143.152 E3954.46527
G0 F15000 X113.774 Y143.33
G1 F10800 X113.541 Y144.641 E3954.52727
G1 X115.052 Y145.931 E3954.61978
G1 X116.384 Y147.242 E3954.70681
G1 X116.135 Y148.88 E3954.78395
G0 F15000 X115.518 Y150.334
G1 F10800 X116.105 Y149.077 E3954.84855
G1 X117.283 Y150.053 E3954.91979
G0 F15000 X117.204 Y151.575
G1 F10800 X117.436 Y150.18 E3954.98564
G1 X118.013 Y148.909 E3955.05063
G1 X118.546 Y147.313 E3955.12898
G1 X120.267 Y146.334 E3955.22118
G1 X120.81 Y144.782 E3955.29774
G1 X119.392 Y144.236 E3955.3685
G0 F15000 X117.38 Y143.418
G1 F10800 X117.613 Y142.107 E3955.4305
G1 X116.309 Y140.875 E3955.51403
G1 X117.254 Y137.688 E3955.66882
G1 X115.837 Y136.312 E3955.76079
G1 X117.342 Y135.357 E3955.84379
G1 X118.134 Y134.03 E3955.91575
G1 X118.727 Y132.417 E3955.99577
G1 X120.269 Y132.85 E3956.07035
G0 F15000 X120.653 Y132.958
G1 F10800 X122.158 Y133.382 E3956.14316
G1 X121.742 Y135.014 E3956.22158
G1 X123.483 Y135.503 E3956.30578
G1 X122.951 Y137.099 E3956.38412
G1 X122.7 Y138.364 E3956.44417
G0 F15000 X120.838 Y137.832
G1 F10800 X121.296 Y136.458 E3956.51161
G1 X121.683 Y135.205 E3956.57268
G0 F15000 X119.206 Y137.292
G1 F10800 X120.041 Y134.348 E3956.71517
G1 X120.461 Y132.904 E3956.78519
G1 X120.454 Y130.943 E3956.87651
G1 X121.496 Y129.043 E3956.97741
G1 X121.928 Y127.43 E3957.05516
G1 X122.222 Y125.924 E3957.12661
G1 X122.222 Y125.024 E3957.16852
G0 F15000 X118.217 Y125.527
G1 F10800 X117.912 Y126.926 E3957.2352
G1 X116.027 Y125.91 E3957.33491
G1 X114.716 Y126.596 E3957.4038
G0 F15000 X114.475 Y126.877
G1 F10800 X114.054 Y128.103 E3957.46416
G1 X113.522 Y129.699 E3957.5425
G1 X114.971 Y130.449 E3957.61847
G1 X114.72 Y131.714 E3957.67853
G0 F15000 X112.562 Y131.33
G1 F10800 X111.379 Y130.738 E3957.74012
G1 X111.597 Y129.092 E3957.81744
G1 X111.757 Y127.636 E3957.88564
G1 X110.768 Y125.899 E3957.97872
G0 F15000 X110.67 Y125.024
G1 F10800 X110.67 Y125.726 E3958.01141
G1 X108.728 Y125.938 E3958.10237
G1 X108.222 Y127.473 E3958.17763
G1 X109.843 Y128.179 E3958.25996
G1 X108.683 Y129.45 E3958.34008
G1 X109.284 Y131.102 E3958.42194
G1 X108.957 Y132.531 E3958.4902
G1 X108.262 Y134.064 E3958.56858
G1 X107.804 Y135.438 E3958.63602
G0 F15000 X109.666 Y135.97
G1 F10800 X110.124 Y134.596 E3958.70346
G1 X110.576 Y133.155 E3958.77378
G1 X109.143 Y132.602 E3958.8453
G0 F15000 X110.768 Y133.209
G1 F10800 X112.314 Y133.645 E3958.9201
G1 X111.869 Y135.257 E3958.99797
G1 X113.084 Y137.283 E3959.10797
G1 X112.858 Y138.63 E3959.17157
G0 F15000 X111.787 Y135.439
G1 F10800 X111.274 Y136.575 E3959.22961
G1 X110.742 Y138.171 E3959.30795
G1 X109.12 Y139.282 E3959.39949
G1 X108.528 Y140.714 E3959.47165
G1 X108.07 Y142.088 E3959.53909
G0 F15000 X109.666 Y143.418
G1 F10800 X109.899 Y142.107 E3959.60109
G1 X110.431 Y140.511 E3959.67942
G1 X109.265 Y139.418 E3959.75384
G0 F15000 X106.474 Y140.758
G1 F10800 X106.708 Y139.448 E3959.81581
G1 X107.239 Y137.852 E3959.89413
G1 X105.643 Y136.521 E3959.9909
G1 X104.222 Y135.295 E3960.07829
G1 X103.608 Y133.557 E3960.16412
G1 X103.007 Y132.03 E3960.24053
G0 F15000 X105.144 Y131.182
G1 F10800 X105.607 Y129.982 E3960.30042
G1 X106.571 Y125.289 E3960.52351
G1 X104.766 Y125.516 E3960.60822
G1 X104.453 Y126.587 E3960.66018
G0 F15000 X102.811 Y125.899
G1 F10800 X102.241 Y126.988 E3960.71741
G1 X101.952 Y128.612 E3960.79422
G1 X101.17 Y130.187 E3960.8761
G1 X99.648 Y131.304 E3960.96401
G1 X99.037 Y132.836 E3961.04081
G1 X98.289 Y134.23 E3961.11448
G1 X97.712 Y135.773 E3961.19118
G1 X96.196 Y136.884 E3961.2787
G1 X95.132 Y140.075 E3961.43533
G1 X94.504 Y141.29 E3961.49902
G0 F15000 X92.908 Y139.96
G1 F10800 X93.142 Y138.649 E3961.56103
G1 X94.206 Y135.458 E3961.71765
G1 X92.952 Y134.366 E3961.79508
G0 F15000 X93.194 Y132.221
G1 F10800 X94.196 Y133.002 E3961.85424
G1 X92.802 Y134.235 E3961.9409
G1 X92.302 Y135.66 E3962.01122
G1 X91.312 Y138.63 E3962.15699
G0 F15000 X89.716 Y137.3
G1 F10800 X90.346 Y136.084 E3962.22076
G1 X91.41 Y132.892 E3962.37744
G1 X93.037 Y132.099 E3962.46172
G1 X93.601 Y130.421 E3962.54415
G1 X94.082 Y129.105 E3962.60939
G0 F15000 X95.568 Y130.65
G1 F10800 X95.819 Y129.385 E3962.66944
G1 X94.15 Y128.918 E3962.75014
G1 X94.478 Y127.23 E3962.83021
G1 X93.385 Y126.054 E3962.90497
G0 F15000 X93.167 Y126.09
G1 F10800 X92.568 Y127.414 E3962.97264
G1 X91.578 Y130.384 E3963.11841
G0 F15000 X90.248 Y128.256
G1 F10800 X91.544 Y124.893 E3963.28624
G0 F15000 X91.544 Y124.935
G0 X93.249 Y125.024
G1 F10800 X93.249 Y125.908 E3963.3274
G1 X94.474 Y125.36 E3963.38989
G0 F15000 X96.885 Y125.876
G1 F10800 X96.596 Y126.918 E3963.44024
G0 F15000 X98.03 Y127.482
G1 F10800 X96.938 Y125.684 E3963.53819
G1 X98.776 Y125.133 E3963.62754
G1 X98.776 Y125.024 E3963.63262
G0 F15000 X102.706 Y125.75
G1 F10800 X100.957 Y126.002 E3963.7149
G1 X100.417 Y127.604 E3963.79362
G1 X99.861 Y129.215 E3963.87297
G1 X98.046 Y129.979 E3963.96467
G1 X96.983 Y133.171 E3964.12133
G1 X96.366 Y134.374 E3964.18428
G0 F15000 X100.439 Y134.413
G1 F10800 X99.842 Y135.504 E3964.24219
G1 X99.311 Y137.1 E3964.32052
G1 X97.787 Y138.219 E3964.40855
G1 X97.062 Y139.652 E3964.48333
G1 X96.377 Y141.099 E3964.55788
G1 X95.849 Y142.69 E3964.63594
G1 X94.639 Y143.536 E3964.70469
G0 F15000 X94.998 Y145.464
G1 F10800 X93.826 Y145.366 E3964.75945
G1 X94.854 Y147.451 E3964.8677
G1 X96.41 Y148.603 E3964.95785
G1 X95.955 Y150.219 E3965.03602
G0 F15000 X95.885 Y150.61
G1 F10800 X95.798 Y151.656 E3965.08489
G0 F15000 X93.685 Y151.981
G1 F10800 X91.696 Y153.004 E3965.18904
G1 X91.561 Y152.9
G1 X91.928 Y151.217 E3965.26925
G1 X92.264 Y149.988 E3965.32858
G0 F15000 X91.822 Y151.048
G1 F10800 X90.777 Y149.385 E3965.42003
G1 X90.248 Y150.6 E3965.48174
G0 F15000 X90.799 Y149.187
G1 F10800 X91.048 Y146.941 E3965.58696
G1 X89.601 Y145.705 E3965.67558
G1 X89.834 Y144.394 E3965.73758
G0 F15000 X91.2 Y145.732
G1 F10800 X91.072 Y146.743 E3965.78503
G0 F15000 X91.242 Y146.896
G1 F10800 X92.346 Y146.64 E3965.8378
G0 F15000 X93.575 Y148.058
G1 F10800 X94.674 Y147.536 E3965.89445
G0 F15000 X96.466 Y148.412
G1 F10800 X96.857 Y147.078 E3965.95918
G1 X96.857 Y145.467 E3966.0342
G0 F15000 X98.99 Y146.868
G1 F10800 X99.343 Y145.699 E3966.09106
G1 X101.015 Y146.196 E3966.17228
G1 X102.145 Y148.627 E3966.29711
G0 F15000 X100.622 Y147.408
G1 F10800 X100.954 Y146.386 E3966.34715
G0 F15000 X103.134 Y145.99
G1 F10800 X102.676 Y147.364 E3966.41459
G1 X102.229 Y148.808 E3966.48497
G1 X103.963 Y149.661 E3966.57496
G1 X105.295 Y150.609 E3966.65109
G0 F15000 X106.06 Y149.448
G1 F10800 X105.458 Y150.724 E3966.71678
G1 X104.896 Y152.263 E3966.79307
G1 X103.091 Y153.087 E3966.88547
G1 X101.925 Y153.81 E3966.94935
G0 F15000 X102.972 Y152.927
G1 F10800 X101.747 Y151.281 E3967.04489
G1 X100.174 Y150.384 E3967.12921
G1 X99.322 Y149.169 E3967.19831
G0 F15000 X100.592 Y152.492
G1 F10800 X99.451 Y152.961 E3967.25575
G1 X101.756 Y153.915 E3967.37191
G1 X102.564 Y155.435 E3967.45207
G1 X103.949 Y155.963 E3967.52109
G0 F15000 X104.73 Y154.768
G1 F10800 X104.135 Y156.034 E3967.58622
G1 X103.566 Y157.583 E3967.66306
G1 X102.048 Y158.696 E3967.75071
G1 X101.587 Y159.912 E3967.81127
G0 F15000 X101.318 Y160.111
G1 F10800 X99.137 Y160.244 E3967.91301
G1 X99.617 Y158.689 E3967.98879
G1 X100.049 Y157.223 E3968.05995
G1 X99.588 Y155.819 E3968.12876
G0 F15000 X97.972 Y154.426
G1 F10800 X96.968 Y155.246 E3968.18913
G1 X96.506 Y156.848 E3968.26676
G1 X98.387 Y157.485 E3968.35923
G1 X99.475 Y158.55 E3968.43013
G0 F15000 X98.949 Y160.179
G1 F10800 X97.468 Y159.661 E3968.50319
G1 X95.606 Y159.129 E3968.59336
G1 X93.991 Y157.856 E3968.68911
G1 X92.527 Y156.611 E3968.7786
G1 X93.003 Y155.036 E3968.85521
G1 X93.062 Y153.712 E3968.91693
G0 F15000 X93.192 Y154.971
G1 F10800 X94.208 Y154.62 E3968.96698
G0 F15000 X94.356 Y156.63
G1 F10800 X94.048 Y157.665 E3969.01726
G0 F15000 X96.872 Y155.071
G1 F10800 X96.219 Y153.879 E3969.08055
G1 X97.143 Y152.513 E3969.15734
G1 X97.681 Y150.929 E3969.23524
G1 X95.901 Y150.411 E3969.32156
G1 X94.388 Y149.822 E3969.39716
G0 F15000 X91.046 Y154.324
G1 F10800 X91.519 Y153.095 E3969.45848
G1 X89.747 Y152.627 E3969.54382
G1 X88.705 Y154.707 E3969.65215
G1 X88.139 Y156.252 E3969.72877
G1 X86.582 Y156.957 E3969.80835
G0 F15000 X86.014 Y158.441
G1 F10800 X86.4 Y157.039 E3969.87607
G1 X85.179 Y155.242 E3969.97723
G1 X84.662 Y156.452 E3970.0385
G0 F15000 X85.169 Y155.043
G1 F10800 X85.08 Y153.275 E3970.12093
G1 X84.023 Y151.607 E3970.21288
G1 X85.619 Y146.819 E3970.44789
G1 X85.844 Y145.458 E3970.51212
G0 F15000 X85.969 Y143.2
G1 F10800 X84.307 Y143.673 E3970.59259
G1 X82.49 Y143.202 E3970.67999
G1 X80.119 Y143.335 E3970.79057
G1 X77.973 Y143.073 E3970.89123
G1 X76.383 Y143.604 E3970.96929
G1 X74.786 Y144.226 E3971.0491
G0 F15000 X73.776 Y145.847
G1 F10800 X73.49 Y147.142 E3971.11085
G0 F15000 X73.041 Y149.049
G1 F10800 X72.437 Y151.235 E3971.21645
G1 X72.116 Y152.856 E3971.2934
G1 X73.605 Y153.794 E3971.37534
G1 X74.255 Y152.648 E3971.43669
G1 X75.673 Y153.856 E3971.52343
G1 X77.457 Y153.042 E3971.61474
G0 F15000 X78.278 Y151.132
G1 F10800 X78.89 Y149.812 E3971.68249
G1 X77.369 Y148.382 E3971.7797
G1 X77.451 Y146.907 E3971.84849
G1 X76.282 Y145.802 E3971.92339
G0 F15000 X76.322 Y145.591
G1 F10800 X77.954 Y144.937 E3972.00526
G1 X79.819 Y145.469 E3972.09557
G1 X81.69 Y145.94 E3972.18541
G1 X83.3 Y146.236 E3972.26163
G0 F15000 X81.642 Y146.134
G1 F10800 X81.354 Y147.298 E3972.31747
G1 X82.278 Y148.282 E3972.38032
G0 F15000 X82.251 Y150.186
G1 F10800 X80.818 Y149.66 E3972.4514
G1 X79.326 Y148.388 E3972.54269
G1 X78.948 Y149.621 E3972.60274
G0 F15000 X80.754 Y149.849
G1 F10800 X80.406 Y150.866 E3972.6528
G0 F15000 X79.726 Y152.906
G1 F10800 X79.44 Y154.122 E3972.71096
G1 X80.362 Y155.645 E3972.79386
G1 X78.915 Y157.056 E3972.88797
G1 X80.438 Y158.328 E3972.98037
G1 X79.929 Y159.938 E3973.059
G1 X78.154 Y159.512 E3973.144
G1 X82.156 Y159.815 E3973.33088
G1 X83.444 Y160.379 E3973.39635
G0 F15000 X83.766 Y161.562
G1 F10800 X83.627 Y160.459 E3973.44812
G1 X81.609 Y161.367 E3973.55116
G0 F15000 X85.617 Y161.163
G1 F10800 X87.038 Y160.804 E3973.6194
G0 F15000 X87.304 Y160.571
G1 F10800 X87.706 Y159.556 E3973.67024
G0 F15000 X89.342 Y161.433
G1 F10800 X91.083 Y161.275 E3973.75164
G1 X91.178 Y161.57 E3973.76607
G0 F15000 X90.885 Y161.249
G1 F10800 X87.231 Y160.756 E3973.93776
G1 X85.961 Y158.633 E3974.05295
G1 X84.263 Y158.161 E3974.13502
G1 X82.4 Y157.629 E3974.22523
G1 X82.933 Y156.033 E3974.30358
G1 X83.149 Y154.604 E3974.37088
G1 X81.603 Y153.905 E3974.44988
G1 X81.854 Y152.64 E3974.50994
G0 F15000 X77.332 Y155.3
G1 F10800 X76.702 Y156.516 E3974.57371
G1 X75.638 Y159.708 E3974.73038
G1 X74.071 Y160.418 E3974.81049
G1 X74.061 Y160.602
G1 X75.335 Y161.358 E3974.87947
G0 F15000 X77.406 Y161.43
G1 F10800 X77.406 Y161.56 E3974.88552
G0 F15000 X73.999 Y158.628
G1 F10800 X72.415 Y159.172 E3974.96351
G1 X71.658 Y157.947 E3975.03056
G1 X72.76 Y156.21 E3975.12635
G1 X71.764 Y154.588 E3975.21498
G0 F15000 X71.326 Y155.646
G1 F10800 X71.66 Y154.418 E3975.27423
G1 X72.06 Y153.048 E3975.34069
G0 F15000 X71.054 Y149.758
G1 F10800 X71.012 Y149.758 E3975.34265
G0 F15000 X76.163 Y150.673
G1 F10800 X74.978 Y149.469 E3975.42131
G1 X73.094 Y148.857 E3975.51355
G1 X71.507 Y147.548 E3975.60934
G1 X72.455 Y144.683 E3975.74986
G0 F15000 X72.717 Y143.083
G1 F10800 X72.517 Y144.493 E3975.81617
G1 X73.818 Y145.652 E3975.89731
G1 X74.6 Y144.298 E3975.97011
G1 X76.137 Y145.665 E3976.06589
G1 X75.618 Y146.876 E3976.12724
G0 F15000 X74.531 Y142.136
G1 F10800 X72.745 Y142.885 E3976.21742
G1 X71.192 Y141.725 E3976.30768
G1 X71.012 Y141.725 E3976.31607
G0 F15000 X72.755 Y139.988
G1 F10800 X72.051 Y138.555 E3976.39041
G1 X72.968 Y135.547 E3976.53684
G1 X74.586 Y135.856 E3976.61354
G1 X74.513 Y134.295 E3976.68631
G1 X73.49 Y132.246 E3976.79295
G1 X73.689 Y131.131 E3976.84569
G0 F15000 X71.894 Y130.916
G1 F10800 X72.275 Y129.698 E3976.90511
G1 X73.723 Y130.935 E3976.99379
G1 X74.554 Y129.054 E3977.08954
G1 X74.948 Y127.842 E3977.14889
G1 X73.543 Y126.545 E3977.23792
G1 X74.883 Y124.826 E3977.33941
G1 X74.189 Y123.508 E3977.40877
G0 F15000 X76.595 Y121.927
G1 F10800 X76.305 Y123.111 E3977.46554
G1 X77.701 Y124.66 E3977.56263
G1 X79.089 Y125.669 E3977.64254
G0 F15000 X77.626 Y124.845
G1 F10800 X77.214 Y125.862 E3977.69363
G0 F15000 X75.103 Y127.967
G1 F10800 X76.61 Y129.185 E3977.78386
G1 X76.219 Y130.706 E3977.85698
G1 X77.789 Y131.807 E3977.94627
G1 X77.373 Y133.513 E3978.02804
G1 X77.792 Y135.267 E3978.11201
G1 X79.038 Y135.166 E3978.17022
G0 F15000 X77.904 Y135.432
G1 F10800 X78.819 Y136.772 E3978.24578
G1 X79.636 Y138.376 E3978.3296
G1 X81.723 Y138.157 E3978.42731
G1 X81.093 Y136.771 E3978.4982
G1 X82.533 Y135.704 E3978.58166
G1 X82.918 Y134.552 E3978.63821
G0 F15000 X80.938 Y134.374
G1 F10800 X81.171 Y133.063 E3978.70022
G1 X79.875 Y131.827 E3978.78361
G1 X79.207 Y133.041 E3978.84813
G1 X77.939 Y131.938 E3978.92639
G0 F15000 X77.841 Y131.615
G1 F10800 X78.13 Y130.562 E3978.97723
G0 F15000 X76.77 Y129.067
G1 F10800 X77.978 Y128.176 E3979.04713
G1 X80.11 Y128.67 E3979.14903
G0 F15000 X82.498 Y129.046
G1 F10800 X82.929 Y127.795 E3979.21064
G1 X83.447 Y126.221 E3979.2878
G1 X84.96 Y125.116 E3979.37504
G1 X86.024 Y121.924 E3979.53171
G1 X86.639 Y120.844 E3979.58959
G0 F15000 X88.652 Y119.478
G1 F10800 X89.11 Y118.104 E3979.65703
G1 X89.655 Y116.839 E3979.72116
G0 F15000 X90.098 Y115.277
G1 F10800 X89.734 Y116.656 E3979.78758
G1 X90.848 Y118.438 E3979.88543
G0 F15000 X90.996 Y120.996
G1 F10800 X91.204 Y122.959 E3979.97735
G0 F15000 X91.028 Y123.182
G1 F10800 X89.879 Y123.33 E3980.03129
G1 X89.451 Y124.772 E3980.10133
G1 X88.616 Y127.716 E3980.24383
G0 F15000 X86.749 Y126.972
G1 F10800 X87.212 Y128.173 E3980.30376
G1 X87.954 Y130.222 E3980.40524
G1 X89.41 Y131.43 E3980.49333
G1 X88.888 Y132.926 E3980.56711
G1 X88.581 Y134.362 E3980.63549
G1 X88.18 Y136.001 E3980.71405
G1 X86.416 Y136.961 E3980.80757
G1 X87.73 Y139.031 E3980.92174
G1 X89.399 Y139.823 E3981.00776
G1 X88.844 Y141.246 E3981.07888
G1 X87.854 Y144.216 E3981.22466
G0 F15000 X87.427 Y147.513
G1 F10800 X88.619 Y148.758 E3981.30492
G1 X88.2 Y150.07 E3981.36905
G0 F15000 X86.674 Y149.822
G1 F10800 X88.14 Y150.26 E3981.44029
G1 X86.679 Y151.932 E3981.54368
G1 X87.309 Y153.405 E3981.61828
G0 F15000 X87.02 Y154.848
G1 F10800 X87.387 Y153.588 E3981.67939
G1 X88.553 Y154.578 E3981.75062
G0 F15000 X90.366 Y156.364
G1 F10800 X90.112 Y157.625 E3981.81051
G1 X89.832 Y159.731 E3981.90944
G1 X92.001 Y159.634 E3982.01054
G1 X93.483 Y160.311 E3982.08641
G1 X93.612 Y161.558 E3982.14478
G0 F15000 X93.824 Y161.721
G1 F10800 X94.998 Y161.504 E3982.20037
G0 F15000 X97.299 Y161.358
G1 F10800 X98.966 Y160.347 E3982.29116
G0 F15000 X102.763 Y161.313
G1 F10800 X101.517 Y160.099 E3982.37216
G1 X103.116 Y159.955 E3982.44692
G0 F15000 X103.457 Y161.561
G1 F10800 X103.315 Y159.938 E3982.52278
G1 X105.158 Y158.917 E3982.62089
G1 X106.2 Y155.756 E3982.77587
G1 X106.637 Y153.98 E3982.86103
G0 F15000 X108.967 Y152.388
G1 F10800 X107.677 Y151.259 E3982.94086
G1 X108.051 Y149.531 E3983.02318
G1 X107.582 Y147.803 E3983.10656
G1 X105.183 Y146.433 E3983.2352
G1 X104.612 Y147.674 E3983.29881
G0 F15000 X105.145 Y146.237
G1 F10800 X104.837 Y144.669 E3983.37321
G0 F15000 X103.244 Y143.412
G1 F10800 X102.017 Y143.453 E3983.43038
G1 X102.193 Y141.959 E3983.50043
G1 X101.089 Y140.966 E3983.56957
G0 F15000 X99.824 Y143.684
G1 F10800 X100.282 Y142.31 E3983.63701
G1 X100.941 Y140.833 E3983.71232
G1 X102.504 Y139.758 E3983.80065
G1 X103.037 Y138.162 E3983.879
G1 X103.635 Y137.073 E3983.93685
G0 F15000 X104.164 Y135.486
G1 F10800 X103.731 Y136.898 E3984.00563
G1 X104.84 Y138.894 E3984.11195
G1 X104.511 Y140.549 E3984.19052
G1 X104.766 Y141.814 E3984.25061
G0 F15000 X106.965 Y144.403
G1 F10800 X107.317 Y146.009 E3984.32717
G1 X107.553 Y147.606 E3984.40234
G0 F15000 X109.164 Y146.243
G1 F10800 X109.626 Y147.656 E3984.47156
G1 X109.89 Y149.492 E3984.55793
G1 X109.358 Y151.088 E3984.63627
G1 X109.117 Y152.519 E3984.70384
G1 X111.245 Y152.253 E3984.8037
G1 X113.088 Y152.78 E3984.89296
G1 X114.484 Y154.345 E3984.99061
G1 X113.794 Y156.842 E3985.11124
G1 X115.155 Y157.299 E3985.17809
G1 X114.877 Y159.037 E3985.26005
G1 X114.899 Y160.556 E3985.33078
G0 F15000 X114.707 Y160.708
G1 F10800 X112.934 Y160.268 E3985.41585
G1 X111.92 Y158.391 E3985.51519
G1 X111.799 Y156.282 E3985.61355
G1 X111.029 Y154.716 E3985.69481
G1 X109.822 Y154.318 E3985.75399
G0 F15000 X109.894 Y155.838
G1 F10800 X108.73 Y155.726 E3985.80844
G1 X108.23 Y157.21 E3985.88136
G1 X107.145 Y160.303 E3986.03399
G1 X108.99 Y160.803 E3986.12299
G1 X110.955 Y160.493 E3986.21563
G1 X112.736 Y160.29 E3986.29909
G0 F15000 X110.805 Y160.362
G1 F10800 X109.551 Y159.271 E3986.37649
G1 X109.784 Y157.96 E3986.43849
G0 F15000 X113.272 Y154.738
G1 F10800 X114.294 Y154.406 E3986.48853
G0 F15000 X115.406 Y156.106
G1 F10800 X115.196 Y157.104 E3986.53602
G0 F15000 X117.155 Y159.616
G1 F10800 X118.503 Y160.551 E3986.61241
G1 X119.094 Y159.29 E3986.67725
G0 F15000 X118.335 Y160.659
G1 F10800 X117.249 Y161.358 E3986.73739
G0 F15000 X114.91 Y161.56
G1 F10800 X114.901 Y160.756 E3986.77483
G1 X116.991 Y159.502 E3986.88833
G1 X117.339 Y157.726 E3986.9726
G1 X116.838 Y154.238 E3987.13668
G0 F15000 X115.653 Y152.58
G1 F10800 X117.172 Y151.772 E3987.21679
G1 X118.957 Y152.252 E3987.30286
G1 X120.476 Y152.745 E3987.37723
G0 F15000 X119.02 Y152.063
G1 F10800 X119.892 Y149.448 E3987.50558
G0 F15000 X116.468 Y147.061
G1 F10800 X116.966 Y145.99 E3987.56058
G0 F15000 X115.1 Y145.737
G1 F10800 X115.37 Y144.66 E3987.61228
G0 F15000 X114.977 Y146.116
G1 F10800 X114.454 Y147.408 E3987.67719
G0 F15000 X111.528 Y148.65
G1 F10800 X111.825 Y149.694 E3987.72773
G0 F15000 X111.296 Y152.06
G1 F10800 X111.879 Y149.886 E3987.83253
G1 X113.625 Y149.157 E3987.92064
G1 X112.295 Y147.029 E3988.03749
G1 X111.312 Y145.168 E3988.13549
G0 F15000 X115.784 Y142.088
G1 F10800 X116.23 Y141.058 E3988.18775
G0 F15000 X117.384 Y137.839
G1 F10800 X118.779 Y139.466 E3988.28755
G1 X120.412 Y140.334 E3988.37366
G1 X121.869 Y141.575 E3988.46278
G1 X121.636 Y142.886 E3988.52478
G0 F15000 X120.04 Y141.556
G1 F10800 X120.354 Y140.525 E3988.57497
G0 F15000 X127.378 Y144.932
G1 F10800 X128.601 Y144.889 E3988.63195
G1 X128.25 Y146.53 E3988.71009
G1 X129.156 Y148.096 E3988.79434
G1 X129.624 Y149.604 E3988.86786
G1 X130.132 Y152.046 E3988.984
G1 X128.653 Y152.696 E3989.05923
G0 F15000 X129.859 Y154.372
G1 F10800 X128.434 Y155.149 E3989.1348
G1 X129.672 Y156.597 E3989.22351
G1 X129.409 Y157.892 E3989.28505
G1 X130.927 Y159.169 E3989.37741
G1 X132.411 Y160.438 E3989.46834
G1 X132.977 Y159.241 E3989.52999
G1 X132.999 Y161.56 E3989.63798
G0 F15000 X134.417 Y160.249
G1 F10800 X133.14 Y159.355 E3989.71056
G0 F15000 X130.99 Y158.98
G1 F10800 X131.33 Y157.96 E3989.76063
G0 F15000 X133.34 Y156.718
G1 F10800 X133.757 Y155.514 E3989.81996
G1 X135.561 Y156.087 E3989.9081
G1 X137.086 Y157.166 E3989.99508
G1 X136.73 Y158.627 E3990.0651
G1 X138.096 Y160.133 E3990.15978
G0 F15000 X138.395 Y160.394
G1 F10800 X139.737 Y161.313 E3990.23552
G0 F15000 X140.438 Y161.561
G1 F10800 X140.343 Y159.727 E3990.32103
G1 X139.031 Y158.685 E3990.39904
G0 F15000 X140.423 Y159.544
G1 F10800 X141.051 Y158.111 E3990.4719
G1 X139.847 Y156.05 E3990.58304
G1 X139.192 Y154.768 E3990.65008
G0 F15000 X138.544 Y152.748
G1 F10800 X140.074 Y153.423 E3990.72795
G1 X141.495 Y154.519 E3990.81151
G0 F15000 X141.55 Y155.912
G1 F10800 X141.653 Y154.641 E3990.87089
G1 X142.405 Y153.163 E3990.9481
G1 X144.162 Y153.656 E3991.03308
G1 X145.004 Y152.117 E3991.11476
G1 X146.182 Y153.344 E3991.19397
G1 X147.957 Y152.306 E3991.28971
G1 X148.794 Y151.033 E3991.36065
G1 X148.984 Y151.033 E3991.3695
G0 F15000 X146.87 Y150.858
G1 F10800 X147.214 Y149.52 E3991.43383
G1 X147.451 Y148.189 E3991.49678
G0 F15000 X146.226 Y146.925
G1 F10800 X147.485 Y147.993 E3991.57366
G1 X148.334 Y146.332 E3991.66052
G1 X147.468 Y144.913 E3991.73793
G0 F15000 X148.928 Y143.374
G1 F10800 X148.984 Y143.374 E3991.74053
G0 F15000 X144.186 Y145.35
G1 F10800 X143.72 Y146.692 E3991.80668
G1 X143.196 Y148.277 E3991.88442
G1 X141.676 Y149.392 E3991.97219
G1 X141.054 Y150.6 E3992.03546
G0 F15000 X138.926 Y150.866
G1 F10800 X140.226 Y148.125 E3992.17672
G1 X141.63 Y147.278 E3992.25307
G1 X142.246 Y145.726 E3992.33083
G1 X142.824 Y144.139 E3992.40947
G1 X143.38 Y142.543 E3992.48817
G1 X145.143 Y141.726 E3992.57865
G1 X146.269 Y138.551 E3992.73551
G1 X144.896 Y137.033 E3992.83082
G0 F15000 X146.358 Y138.373
G1 F10800 X147.071 Y136.956 E3992.90468
G1 X148.616 Y136.146 E3992.98591
G1 X148.418 Y138.228 E3993.0833
G1 X147.733 Y139.484 E3993.14991
G1 X147.201 Y141.08 E3993.22825
G1 X146.918 Y142.693 E3993.3045
G1 X145.037 Y143.823 E3993.40668
G1 X144.251 Y145.161 E3993.47894
G1 X146.074 Y146.796 E3993.59296
G1 X145.479 Y148.394 E3993.67237
G1 X144.738 Y149.785 E3993.74575
G1 X143.323 Y150.464 E3993.81883
G0 F15000 X144.127 Y153.852
G1 F10800 X143.944 Y154.848 E3993.86599
G0 F15000 X146.042 Y154.822
G1 F10800 X148.032 Y154.735 E3993.95874
G1 X146.969 Y157.927 E3994.1154
G1 X146.374 Y159.112 E3994.17714
G0 F15000 X145.008 Y157.774
G1 F10800 X145.843 Y154.83 E3994.31963
G1 X146.138 Y153.539 E3994.3813
G0 F15000 X142.627 Y157.564
G1 F10800 X141.239 Y158.046 E3994.44971
G0 F15000 X142.8 Y159.664
G1 F10800 X144.252 Y160.273 E3994.52303
G1 X144.414 Y161.558 E3994.58334
G0 F15000 X144.633 Y161.739
G1 F10800 X147.662 Y161.462 E3994.72497
G0 F15000 X148.236 Y159.644
G1 F10800 X148.831 Y158.459 E3994.78672
G1 X148.984 Y158.459 E3994.79384
G0 F15000 X142.044 Y161.43
G1 F10800 X142.044 Y161.56 E3994.79989
G0 F15000 X138.309 Y161.561
G1 F10800 X138.23 Y160.281 E3994.85961
G1 X136.933 Y160.826 E3994.92512
G0 F15000 X136.534 Y158.592
G1 F10800 X135.086 Y158.334 E3994.99361
G0 F15000 X137.145 Y156.976
G1 F10800 X137.558 Y155.648 E3995.05836
G1 X136.233 Y153.545 E3995.1741
G1 X134.779 Y151.999 E3995.27293
G1 X136.494 Y151.315 E3995.3589
G1 X137.029 Y149.81 E3995.43328
G1 X135.618 Y149.29 E3995.5033
G0 F15000 X133.192 Y148.384
G1 F10800 X132.959 Y149.696 E3995.56535
G1 X134.301 Y150.788 E3995.64591
G1 X134.706 Y151.813 E3995.69723
G1 X134.584 Y151.96
G1 X133.224 Y151.684 E3995.76185
G0 F15000 X134.256 Y153.97
G1 F10800 X133.818 Y155.324 E3995.82811
G0 F15000 X133.606 Y155.385
G1 F10800 X132.266 Y154.239 E3995.91022
G1 X131.744 Y155.388 E3995.96898
G0 F15000 X126.401 Y159.958
G1 F10800 X124.921 Y160.715 E3996.04639
G1 X124.785 Y161.563 E3996.08638
G0 F15000 X124.95 Y161.72
G1 F10800 X126.12 Y161.504 E3996.14178
G0 F15000 X122.757 Y159.992
G1 F10800 X120.91 Y160.216 E3996.22841
G1 X121.272 Y158.57 E3996.30689
G1 X120.104 Y156.568 E3996.41482
G1 X119.272 Y155.287 E3996.48594
G0 F15000 X120.26 Y156.444
G1 F10800 X121.464 Y155.484 E3996.55764
G1 X123.293 Y154.353 E3996.65778
G1 X124.589 Y153.381 E3996.73321
G0 F15000 X113.508 Y151.576
G1 F10800 X113.153 Y152.592 E3996.78333
G0 F15000 X103.778 Y150.858
G1 F10800 X103.933 Y149.858 E3996.83045
G0 F15000 X98.228 Y142.354
G1 F10800 X98.568 Y141.182 E3996.88727
G1 X99.101 Y139.586 E3996.96562
G1 X100.849 Y138.551 E3997.06021
G1 X101.913 Y135.427 E3997.21388
G1 X100.534 Y134.238 E3997.29867
G1 X101.493 Y132.65 E3997.38505
G1 X102.934 Y131.844 E3997.46193
G1 X104.004 Y128.536 E3997.62383
G1 X104.398 Y126.778 E3997.70772
G1 X102.903 Y125.722 E3997.79294
G1 X102.903 Y125.024 E3997.82545
G0 F15000 X105.756 Y130.115
G1 F10800 X106.973 Y131.201 E3997.9014
G1 X106.441 Y132.797 E3997.97973
G1 X106.208 Y134.108 E3998.04174
G0 F15000 X113.002 Y125.024
G1 F10800 X113.002 Y125.202 E3998.05002
G1 X114.539 Y126.688 E3998.14957
G1 X115.797 Y127.797 E3998.22766
G0 F15000 X128.862 Y130.68
G1 F10800 X128.478 Y131.936 E3998.28882
G1 X127.488 Y134.906 E3998.4346
G0 F15000 X130.288 Y133.494
G1 F10800 X133.591 Y134.439 E3998.59457
G1 X132.527 Y137.631 E3998.75124
G1 X132.276 Y138.896 E3998.81129
G0 F15000 X130.946 Y136.768
G1 F10800 X131.404 Y135.394 E3998.87873
G1 X131.778 Y134.13 E3998.94011
G0 F15000 X135.734 Y133.31
G1 F10800 X136.724 Y130.34 E3999.08589
G1 X137.072 Y129.049 E3999.14815
G0 F15000 X133.606 Y127.458
G1 F10800 X134.099 Y126.394 E3999.20275
G0 F15000 X143.98 Y131.714
G1 F10800 X144.502 Y130.564 E3999.26156
G1 X145.566 Y127.373 E3999.41819
G1 X147.039 Y128.642 E3999.50872
G1 X148.758 Y127.373 E3999.60821
G1 X148.324 Y124.339 E3999.75093
G0 F15000 X147.704 Y125.33
G1 F10800 X148.296 Y124.142 E3999.81273
G1 X148.83 Y122.549 E3999.89097
G1 X148.984 Y122.549 E3999.89814
G0 F15000 X146.949 Y128.82
G1 F10800 X146.379 Y129.935 E3999.95645
G1 X145.315 Y133.127 E4000.11312
G1 X143.55 Y134.213 E4000.20962
G1 X141.894 Y133.734 E4000.28989
G1 X141.382 Y135.318 E4000.3674
G1 X141.018 Y136.494 E4000.42473
G0 F15000 X142.348 Y138.622
G1 F10800 X143.183 Y135.678 E4000.56722
G1 X143.502 Y134.407 E4000.62824
G0 F15000 X140.055 Y139.997
G1 F10800 X139.481 Y141.085 E4000.68552
G1 X138.417 Y144.278 E4000.84223
G1 X136.614 Y145.101 E4000.93452
G1 X135.307 Y144.055 E4001.01247
G0 F15000 X136.551 Y145.29
G1 F10800 X136.107 Y146.615 E4001.07754
G1 X134.304 Y146.068 E4001.16528
G1 X132.913 Y145.119 E4001.24368
G0 F15000 X137.294 Y142.878
G1 F10800 X137.627 Y141.721 E4001.29975
G1 X138.132 Y140.136 E4001.37721
G1 X138.655 Y138.543 E4001.45528
G1 X140.148 Y139.821 E4001.54679
G1 X141.636 Y140.878 E4001.63178
G1 X143.464 Y140.029 E4001.72563
G1 X143.99 Y138.44 E4001.80357
G1 X144.762 Y136.885 E4001.88441
G1 X145.294 Y135.513 E4001.95293
G1 X146.916 Y134.45 E4002.04323
G1 X147.436 Y132.871 E4002.12064
G1 X148.067 Y131.446 E4002.19321
G1 X148.82 Y130.004 E4002.26896
G1 X148.984 Y130.004 E4002.27659
G0 F15000 X141.568 Y141.066
G1 F10800 X141.078 Y142.414 E4002.34338
G1 X140.79 Y144.036 E4002.42009
G1 X140.008 Y145.612 E4002.50201
G1 X138.488 Y146.727 E4002.58979
G1 X137.862 Y147.94 E4002.65335
G1 F2400 E3999.65335
G0 F15000 X146.446 Y114.844
G1 F2400 E4002.65335
G1 F10800 X146.915 Y113.437 E4002.72241
G1 X147.642 Y111.812 E4002.80531
G1 X147.04 Y110.616 E4002.86765
G1 X145.828 Y111.618 E4002.94088
G1 X145.074 Y110.067 E4003.02118
G0 F15000 X145.732 Y111.793
G1 F10800 X145.111 Y112.928 E4003.08142
G1 X143.819 Y111.869 E4003.15921
G0 F15000 X145.098 Y113.127
G1 F10800 X145.008 Y114.416 E4003.21938
G0 F15000 X147.683 Y111.617
G1 F10800 X148.178 Y109.293 E4003.33002
G1 X148.62 Y110.434 E4003.387
G0 F15000 X148.928 Y107.464
G1 F10800 X148.984 Y107.464 E4003.38961
G0 F15000 X146.404 Y108.319
G1 F10800 X147.107 Y107.162 E4003.45265
G1 X147.506 Y105.521 E4003.53129
G1 X148.034 Y103.928 E4003.60943
G1 X146.618 Y102.702 E4003.69665
G0 F15000 X139.968 Y110.074
G1 F10800 X139.724 Y111.232 E4003.75175
G0 F15000 X130.808 Y100.41
G1 F10800 X129.242 Y100.519 E4003.82485
G0 F15000 X129.616 Y98.73
G1 F10800 X129.93 Y97.455 E4003.88599
G1 X128.746 Y97.37 E4003.94126
G0 F15000 X128.588 Y88.513
G0 X128.3 Y88.441
G0 X128.3 Y88.514
G1 F10800 X128.677 Y87.941 E4003.9732
G1 X126.917 Y87.169 E4004.06269
G1 X125.09 Y86.557 E4004.15241
G1 X125.478 Y85.342 E4004.2118
G0 F15000 X124.892 Y86.58
G1 F10800 X122.936 Y86.813 E4004.30352
G1 X123.882 Y84.012 E4004.44119
G0 F15000 X127.543 Y84.516
G1 F10800 X128.616 Y85.73 E4004.51663
G1 X130.023 Y86.462 E4004.59049
G0 F15000 X129.616 Y83.834
G1 F10800 X130.074 Y82.46 E4004.65793
G1 X130.506 Y81.223 E4004.71894
G0 F15000 X132.245 Y82.494
G1 F10800 X131.744 Y83.568 E4004.77412
G0 F15000 X132.472 Y82.452
G1 F10800 X133.738 Y83.688 E4004.85651
G1 X136.935 Y86.35 E4005.05022
G1 X138.407 Y87.365 E4005.13348
G0 F15000 X136.872 Y86.539
G1 F10800 X136.532 Y87.558 E4005.1835
G0 F15000 X134.936 Y86.228
G1 F10800 X135.272 Y85.207 E4005.23355
G0 F15000 X133.34 Y84.898
G1 F10800 X133.676 Y83.877 E4005.2836
G0 F15000 X140.522 Y86.494
G1 F10800 X141.102 Y85.319 E4005.34462
G1 X142.165 Y82.127 E4005.50127
G1 X145.35 Y82.545 E4005.65085
G1 X146.516 Y79.296 E4005.81159
G1 X147.079 Y77.845 E4005.88406
G1 X148.621 Y78.844 E4005.96961
G1 X148.984 Y78.844 E4005.98652
G0 F15000 X146.927 Y77.716
G1 F10800 X145.566 Y76.566 E4006.06948
G1 X145.267 Y78.169 E4006.14541
G1 X144.5 Y79.759 E4006.22762
G1 X143.98 Y80.908 E4006.28634
G0 F15000 X145.176 Y82.643
G1 F10800 X143.816 Y83.412 E4006.35909
G1 X142.772 Y86.577 E4006.51428
G1 X142.348 Y87.816 E4006.57526
G0 F15000 X138.106 Y95.943
G1 F10800 X137.862 Y97.134 E4006.63187
G0 F15000 X143.448 Y76.386
G1 F10800 X143.719 Y75.151 E4006.69074
G1 X145.54 Y74.165 E4006.78717
G1 X146.003 Y72.795 E4006.8545
G0 F15000 X148.928 Y71.554
G1 F10800 X148.984 Y71.554 E4006.85711
G1 F2400 E4003.85711
G0 F15000 X133.646 Y67.16
G0 X132.311 Y67.028
G0 X130.975 Y67.16
G0 X129.688 Y67.551
G0 X128.502 Y68.184
G0 X127.463 Y69.036
G0 X119.646 Y78.727
G0 X118.607 Y79.58
G0 X117.422 Y80.212
G0 X116.134 Y80.603
G0 X114.799 Y80.736
G0 X113.463 Y80.603
G0 X112.421 Y80.286
G0 X105.936 Y77.522
G1 F2400 E4006.85711
G1 F10800 X105.602 Y79.002 E4006.92776
G1 X105.144 Y80.376 E4006.9952
G0 F15000 X102.309 Y80.433
G1 F10800 X103.276 Y79.145 E4007.0702
G1 X103.808 Y77.549 E4007.14853
G1 X104.553 Y76.25 E4007.21826
G1 X103.571 Y75.591 E4007.27333
G0 F15000 X103.613 Y77.508
G1 F10800 X101.97 Y77.158 E4007.35155
G1 X100.248 Y77.377 E4007.43238
G0 F15000 X101.929 Y77.353
G1 F10800 X101.686 Y78.514 E4007.48761
G0 F15000 X100.776 Y81.892
G1 F10800 X100.509 Y83.028 E4007.54195
G1 X99.021 Y81.705 E4007.63466
G1 X99.288 Y80.205 E4007.70561
G1 X98 Y79.285 E4007.77931
G0 F15000 X97.646 Y79.114
G1 F10800 X96.135 Y78.676 E4007.85257
G1 X95.568 Y79.844 E4007.91302
G0 F15000 X96.898 Y81.972
G1 F10800 X97.838 Y79.169 E4008.05069
G1 X98.353 Y76.995 E4008.15472
G1 X96.366 Y76.12 E4008.25581
G1 X96.982 Y74.674 E4008.329
G1 X97.15 Y74.635 E4008.33703
G0 F15000 X96.982 Y74.474
G1 F10800 X96.988 Y72.759 E4008.41689
G1 X96.257 Y71.055 E4008.50323
G1 X96.77 Y69.524 E4008.57841
G1 X98.205 Y68.72 E4008.65501
G0 F15000 X100.09 Y69.736
G1 F10800 X100.646 Y68.506 E4008.71786
G1 X98.387 Y70.773 E4008.86688
G1 X98.489 Y71.05 E4008.88063
G0 F15000 X96.81 Y72.849
G1 F10800 X95.412 Y73.56 E4008.95366
G1 X95 Y74.782 E4009.01371
G0 F15000 X92.911 Y75.157
G1 F10800 X92.738 Y76.646 E4009.08351
G1 X94.206 Y77.076 E4009.15474
G0 F15000 X92.678 Y76.836
G1 F10800 X92.261 Y78.14 E4009.21849
G1 X93.407 Y79.597 E4009.3048
G1 X93.174 Y80.908 E4009.3668
G0 F15000 X91.114 Y80.4
G1 F10800 X90.14 Y78.443 E4009.46859
G1 X90.261 Y77.139 E4009.52957
G0 F15000 X89.074 Y77.102
G1 F10800 X90.279 Y76.94 E4009.58619
G1 X90.798 Y75.262 E4009.66797
G1 X90.775 Y75.129 E4009.67426
G1 X90.607 Y75.203
G1 X89.334 Y74.81 E4009.7363
G0 F15000 X90.115 Y75.065
G0 X92.874 Y74.769
G1 F10800 X91.911 Y71.74 E4009.8843
G1 X92.367 Y70.182 E4009.95989
G1 X93.668 Y71.326 E4010.04056
G1 X94.234 Y69.819 E4010.11551
G1 X94.785 Y68.248 E4010.19304
G1 X93.318 Y66.994 E4010.2829
G1 X92.908 Y68.14 E4010.33958
G0 F15000 X90.898 Y68.052
G1 F10800 X90.269 Y69.392 E4010.4085
G1 X88.434 Y69.024 E4010.49565
G1 X85.46 Y68.495 E4010.63631
G1 X85.452 Y68.526
G1 X86.634 Y68.942 E4010.69465
G1 X87.168 Y67.424 E4010.76958
G1 X87.659 Y66.15 E4010.83316
G1 X89.455 Y66.345 E4010.91728
G1 X90.03 Y65.103 E4010.98101
G1 X91.546 Y65.372 E4011.0527
G0 F15000 X92.11 Y63.086
G1 F10800 X93.1 Y60.116 E4011.19848
G1 X93.45 Y58.828 E4011.26063
G0 F15000 X93.305 Y58.666
G1 F10800 X91.453 Y58.953 E4011.3479
G1 X89.524 Y59.232 E4011.43865
G1 X88.918 Y60.426 E4011.501
G0 F15000 X87.354 Y58.352
G1 F10800 X85.886 Y58.52 E4011.56981
G0 F15000 X85.436 Y60.386
G1 F10800 X86.757 Y61.509 E4011.65054
G1 X86.225 Y63.105 E4011.72888
G1 X85.992 Y64.416 E4011.79088
G0 F15000 X85.171 Y66.326
G1 F10800 X83.557 Y66.801 E4011.86922
G1 X82.067 Y65.97 E4011.94866
G0 F15000 X79.874 Y65.746
G1 F10800 X80.225 Y64.73 E4011.99871
G0 F15000 X78.584 Y65.058
G1 F10800 X80.29 Y64.541 E4012.08172
G1 X81.893 Y65.873 E4012.17877
G1 X81.396 Y67.298 E4012.24904
G1 X80.406 Y70.268 E4012.39482
G0 F15000 X82.652 Y69.648
G1 F10800 X82.401 Y70.913 E4012.45487
G1 X83.937 Y71.343 E4012.52914
G0 F15000 X85.694 Y72.022
G1 F10800 X84.129 Y71.396 E4012.60763
G1 X84.625 Y69.879 E4012.68195
G1 X85.264 Y68.46 E4012.75441
G1 X86.277 Y69.768 E4012.83145
G0 F15000 X86.794 Y69.541
G0 X87.399 Y69.422
G0 X87.955 Y69.589
G0 X89.982 Y70.8
G1 F10800 X90.23 Y69.587 E4012.8891
G0 F15000 X92.867 Y73.381
G1 F10800 X92.934 Y74.959 E4012.96264
G1 X87.934 Y79.135 E4013.26599
G1 X86.394 Y78.103 E4013.35231
G1 X84.924 Y76.888 E4013.44111
G0 F15000 X86.329 Y78.291
G1 F10800 X84.748 Y82.865 E4013.66646
G1 X83.164 Y83.682 E4013.74945
G1 X82.534 Y84.898 E4013.81322
G0 F15000 X81.168 Y83.56
G1 F10800 X81.596 Y82.314 E4013.87457
G1 X83.098 Y81.226 E4013.96093
G1 X84.163 Y78.034 E4014.11762
G1 X84.77 Y76.761 E4014.18329
G1 X83.167 Y75.427 E4014.28039
G1 X81.849 Y74.251 E4014.36264
G0 F15000 X81.626 Y74.303
G1 F10800 X81.13 Y75.544 E4014.42488
G1 X80.14 Y78.514 E4014.57065
G0 F15000 X78.544 Y77.184
G1 F10800 X79.002 Y75.81 E4014.63809
G1 X79.456 Y74.37 E4014.7084
G1 X80.12 Y72.845 E4014.78585
G1 X81.7 Y74.118 E4014.88033
G1 X82.96 Y73.968 E4014.93941
G0 F15000 X83.127 Y73.748
G1 F10800 X83.027 Y73.115 E4014.96925
G0 F15000 X83.082 Y75.607
G1 F10800 X82.555 Y76.716 E4015.02643
G1 X81.49 Y79.908 E4015.18311
G1 X80.015 Y80.772 E4015.26271
G0 F15000 X78.13 Y79.756
G1 F10800 X77.746 Y80.768 E4015.31311
G0 F15000 X76.287 Y80.075
G1 F10800 X77.676 Y80.955 E4015.38968
G1 X77.346 Y82.617 E4015.46858
G1 X78.778 Y83.194 E4015.54047
G0 F15000 X79.569 Y85.685
G1 F10800 X78.024 Y85.701 E4015.61241
G1 X76.394 Y86.222 E4015.6921
G1 X74.897 Y85.033 E4015.78111
G1 X72.981 Y84.733 E4015.87142
G1 X71.612 Y82.788 E4015.98217
G0 F15000 X71.326 Y83.826
G1 F10800 X71.497 Y82.625 E4016.03866
G1 X73.465 Y81.708 E4016.13976
G0 F15000 X74.833 Y82.843
G1 F10800 X73.646 Y81.624 E4016.21898
G1 X74.127 Y80.217 E4016.28822
G1 X72.301 Y79.444 E4016.38055
G1 X72.833 Y77.848 E4016.45889
G1 X73.263 Y76.522 E4016.5238
G0 F15000 X73.137 Y76.264
G1 F10800 X71.461 Y75.654 E4016.60685
G1 X71.586 Y74.214 E4016.67415
G0 F15000 X74.11 Y72.543
G1 F10800 X75.335 Y74.052 E4016.76466
G1 X74.112 Y74.911 E4016.83425
G1 X73.324 Y76.332 E4016.90991
G1 X74.924 Y77.025 E4016.9911
G1 X74.554 Y78.248 E4017.0506
G0 F15000 X75.075 Y77.155
G1 F10800 X76.39 Y78.288 E4017.13142
G1 X76.119 Y79.969 E4017.21071
G1 X75.618 Y81.174 E4017.27147
G0 F15000 X76.393 Y84.414
G1 F10800 X75.081 Y84.957 E4017.33759
G0 F15000 X72.922 Y84.923
G1 F10800 X72.526 Y86.195 E4017.39962
G1 X72.002 Y87.633 E4017.47089
G1 X73.007 Y89.178 E4017.55671
G1 X75.058 Y90.211 E4017.66365
G1 X75.734 Y88.708 E4017.74038
G1 X77.616 Y88.743 E4017.82803
G1 X77.214 Y89.952 E4017.88736
G0 F15000 X77.775 Y88.622
G1 F10800 X78.936 Y87.738 E4017.95531
G1 X79.46 Y88.888 E4018.01415
G0 F15000 X78.856 Y90.888
G1 F10800 X77.8 Y91.848 E4018.08061
G1 X76.192 Y92.397 E4018.15973
G1 X74.775 Y93.368 E4018.23971
G0 F15000 X73.776 Y95.041
G1 F10800 X73.49 Y96.336 E4018.30147
G0 F15000 X72.705 Y98.005
G1 F10800 X71.427 Y97.111 E4018.37409
G0 F15000 X71.012 Y96.997
G1 F10800 X71.264 Y96.997 E4018.38583
G1 X71.288 Y98.718 E4018.46597
G1 X72.528 Y100.431 E4018.56444
G1 X72.255 Y101.922 E4018.63502
G1 X71.784 Y103.435 E4018.70881
G1 X72.729 Y105.521 E4018.81544
G1 X71.628 Y106.711 E4018.89093
G1 X72.325 Y108.7 E4018.98907
G1 X72.045 Y110.06 E4019.05373
G1 X71.513 Y111.656 E4019.13206
G1 X72.66 Y113.113 E4019.21841
G1 X72.426 Y114.424 E4019.28042
G1 X73.776 Y115.818 E4019.37078
G1 X72.132 Y116.942 E4019.46351
G1 X73.681 Y118.104 E4019.55368
G1 X75.099 Y119.285 E4019.63961
G0 F15000 X75.618 Y117.084
G1 F10800 X76.126 Y116.002 E4019.69527
G0 F15000 X77.705 Y117.038
G1 F10800 X79.204 Y118.145 E4019.78204
G1 X79.736 Y116.549 E4019.86037
G1 X80.258 Y115.4 E4019.91914
G0 F15000 X78.278 Y115.222
G1 F10800 X78.583 Y114.024 E4019.9767
G1 X77.14 Y112.752 E4020.06627
G1 X76.691 Y114.098 E4020.13234
G0 F15000 X74.406 Y114.602
G1 F10800 X73.867 Y115.641 E4020.18684
G0 F15000 X72.074 Y117.133
G1 F10800 X71.649 Y118.516 E4020.25422
G1 X72.672 Y120.401 E4020.35408
G1 X72.565 Y121.998 E4020.42861
G1 X74.096 Y123.332 E4020.52317
G1 X74.622 Y122.013 E4020.58929
G1 X76.642 Y121.733 E4020.68425
G1 X77.901 Y120.729 E4020.75923
G1 X78.566 Y122.307 E4020.83897
G1 X79.887 Y123.275 E4020.91522
G0 F15000 X80.406 Y121.074
G1 F10800 X80.928 Y119.924 E4020.97403
G1 X81.992 Y116.733 E4021.13066
G1 X83.472 Y118.005 E4021.22153
G1 X85.2 Y116.9 E4021.31704
G1 X85.745 Y115.419 E4021.39052
G1 X86.489 Y114.078 E4021.46193
G1 X87.039 Y112.478 E4021.54071
G1 X88.531 Y113.75 E4021.63201
G1 X90.148 Y115.084 E4021.72962
G1 X91.028 Y114.942 E4021.77112
G0 F15000 X91.194 Y114.715
G1 F10800 X91.008 Y113.547 E4021.8262
G0 F15000 X90.893 Y110.969
G1 F10800 X89.967 Y108.426 E4021.95221
G1 X90.444 Y106.84 E4022.02933
G1 X91.025 Y106.839 E4022.05639
G0 F15000 X90.29 Y106.713
G1 F10800 X88.892 Y105.564 E4022.14065
G1 X88.335 Y107.164 E4022.21954
G1 X87.742 Y108.758 E4022.29873
G1 X87.051 Y110.249 E4022.37525
G1 X85.488 Y111.132 E4022.45884
G1 X84.928 Y112.296 E4022.51899
G0 F15000 X84.28 Y114.976
G1 F10800 X85.554 Y115.362 E4022.58098
G0 F15000 X88.44 Y113.927
G1 F10800 X87.875 Y115.02 E4022.63827
G1 X86.81 Y118.212 E4022.79496
G1 X85.234 Y119.272 E4022.88339
G1 X84.438 Y120.625 E4022.95649
G1 X83.885 Y122.202 E4023.03431
G1 X83.352 Y123.798 E4023.11266
G1 X81.834 Y124.912 E4023.20033
G1 X81.204 Y126.128 E4023.2641
G0 F15000 X82.002 Y122.404
G1 F10800 X83.409 Y118.194 E4023.4708
G0 F15000 X82.268 Y114.158
G1 F10800 X82.872 Y112.966 E4023.53302
G1 X83.936 Y109.774 E4023.68969
G1 X85.744 Y109.009 E4023.78111
G1 X86.298 Y107.401 E4023.8603
G1 X87.377 Y104.201 E4024.01755
G1 X89.204 Y103.421 E4024.11005
G1 X90.874 Y103.596 E4024.18824
G1 X90.408 Y100.012 E4024.35653
G1 X90.808 Y98.562 E4024.42657
G1 X91.025 Y98.561 E4024.43667
G0 F15000 X90.657 Y98.432
G1 F10800 X89.238 Y97.208 E4024.52393
G1 X90.757 Y96.384 E4024.6044
G0 F15000 X89.132 Y97.377
G1 F10800 X88.412 Y98.522 E4024.66738
G1 X87.348 Y101.714 E4024.82406
G1 X85.836 Y102.82 E4024.91129
G1 X85.307 Y104.378 E4024.9879
G1 X84.577 Y105.778 E4025.06142
G1 X83.918 Y107.276 E4025.13762
G1 X82.378 Y108.406 E4025.22657
G1 X81.333 Y111.569 E4025.38168
G1 X80.902 Y112.82 E4025.44329
G0 F15000 X78.607 Y110.994
G1 F10800 X77.821 Y109.502 E4025.52182
G1 X76.299 Y108.192 E4025.61532
G1 X76.682 Y106.621 E4025.69062
G1 X75.236 Y105.27 E4025.78277
G1 X75.663 Y103.867 E4025.85105
G1 X74.017 Y102.57 E4025.94863
G1 X72.442 Y101.991 E4026.02677
G0 F15000 X72.703 Y100.336
G1 F10800 X74.551 Y99.325 E4026.12486
G1 X74.938 Y98.11 E4026.18423
G0 F15000 X74.744 Y99.376
G1 F10800 X76.296 Y99.787 E4026.25899
G1 X77.847 Y99.269 E4026.33513
G1 X78.856 Y98.336 E4026.39912
G0 F15000 X77.214 Y97.4
G1 F10800 X77.447 Y96.089 E4026.46113
G1 X76.266 Y95 E4026.53593
G0 F15000 X76.304 Y94.79
G1 F10800 X77.922 Y94.131 E4026.61728
G1 X79.627 Y94.452 E4026.69807
G1 X80.258 Y93.056 E4026.7694
G0 F15000 X79.619 Y94.651
G1 F10800 X79.572 Y95.796 E4026.82276
G0 F15000 X81.204 Y96.336
G1 F10800 X81.726 Y95.186 E4026.88157
G1 X82.79 Y91.995 E4027.0382
G1 X84.141 Y93.143 E4027.12075
G0 F15000 X85.611 Y95.584
G1 F10800 X85.12 Y96.824 E4027.18285
G1 X84.662 Y98.198 E4027.25029
G0 F15000 X83.03 Y97.658
G1 F10800 X83.865 Y94.714 E4027.39279
G1 X84.293 Y93.272 E4027.46283
G1 X85.684 Y95.399 E4027.58117
G1 X87.395 Y95.633 E4027.66158
G1 X89.234 Y94.777 E4027.75603
G1 X91.003 Y93.747 E4027.85135
G1 X91.025 Y93.746 E4027.85238
G0 F15000 X90.514 Y91.548
G1 F10800 X90.913 Y90.338 E4027.9117
G1 X91.025 Y90.337 E4027.91692
G0 F15000 X90.76 Y90.211
G1 F10800 X89.313 Y89.007 E4028.00457
G1 X87.672 Y88.387 E4028.08626
G1 X86.84 Y89.807 E4028.16289
G1 X86.524 Y91.282 E4028.23313
G0 F15000 X86.677 Y89.692
G1 F10800 X85.236 Y88.667 E4028.31547
G1 X84.928 Y89.952 E4028.377
G0 F15000 X85.043 Y88.615
G1 F10800 X83.404 Y88.173 E4028.45605
G1 X81.886 Y87.578 E4028.53197
G0 F15000 X83.323 Y88.355
G1 F10800 X82.82 Y89.484 E4028.58952
G1 X81.345 Y90.348 E4028.66912
G0 F15000 X85.227 Y88.468
G1 F10800 X85.153 Y86.947 E4028.74003
G0 F15000 X84.531 Y85.016
G1 F10800 X85.692 Y84.262 E4028.80449
G1 X84.859 Y83.03 E4028.87374
G0 F15000 X87.056 Y82.238
G1 F10800 X87.556 Y81.033 E4028.93449
G1 X87.895 Y79.331 E4029.01529
G0 F15000 X87.747 Y81.089
G1 F10800 X89.169 Y81.505 E4029.08428
G1 X88.637 Y83.101 E4029.16262
G1 X88.386 Y84.366 E4029.22267
G0 F15000 X87.281 Y86.681
G1 F10800 X87.628 Y88.193 E4029.29491
G0 F15000 X89.251 Y89.197
G1 F10800 X88.386 Y91.814 E4029.42325
G0 F15000 X87.281 Y94.129
G1 F10800 X87.38 Y95.434 E4029.48419
G0 F15000 X87.325 Y95.82
G1 F10800 X86.795 Y97.216 E4029.55372
G1 X85.731 Y100.409 E4029.71044
G1 X83.973 Y101.499 E4029.80676
G1 X83.524 Y102.942 E4029.87713
G1 X82.534 Y105.912 E4030.0229
G0 F15000 X81.168 Y104.574
G1 F10800 X81.501 Y103.417 E4030.07896
G1 X82.006 Y101.832 E4030.15642
G1 X82.529 Y100.239 E4030.2345
G1 X83.823 Y101.368 E4030.31446
G0 F15000 X81.214 Y98.832
G1 F10800 X80.009 Y99.524 E4030.37916
G1 X78.904 Y100.868 E4030.46018
G1 X77.585 Y101.928 E4030.53898
G1 X75.364 Y101.729 E4030.64281
G1 X74.186 Y102.465 E4030.70749
G0 F15000 X73.938 Y102.753
G1 F10800 X73.49 Y103.784 E4030.75983
G0 F15000 X72.847 Y105.682
G1 F10800 X73.819 Y107.004 E4030.83624
G0 F15000 X72.477 Y108.829
G1 F10800 X73.872 Y110.015 E4030.9215
G1 X75.326 Y111.271 E4031.01097
G1 X75.244 Y112.758 E4031.08031
G1 X76.628 Y114.287 E4031.17634
G1 X76.211 Y115.821 E4031.25037
G1 X77.545 Y116.92 E4031.33085
G1 X77.214 Y118.414 E4031.4021
G0 F15000 X71.598 Y118.709
G1 F10800 X71.326 Y119.736 E4031.45157
G0 F15000 X71.054 Y123.424
G1 F10800 X71.012 Y123.424 E4031.45353
G0 F15000 X71.623 Y125.146
G1 F10800 X71.466 Y126.465 E4031.51538
G1 X72.924 Y127.716 E4031.60483
G1 X73.45 Y126.721 E4031.65724
G0 F15000 X76.134 Y130.886
G1 F10800 X75.618 Y131.98 E4031.71356
G0 F15000 X76.298 Y134.936
G1 F10800 X77.597 Y135.224 E4031.77552
G0 F15000 X74.729 Y135.994
G1 F10800 X76.124 Y137.339 E4031.86575
G1 X75.914 Y138.992 E4031.94334
G1 X77.615 Y139.549 E4032.02669
G1 X79.376 Y140.507 E4032.12003
G1 X80.906 Y141.182 E4032.1979
G0 F15000 X82.688 Y142.008
G1 F10800 X82.522 Y143.005 E4032.24497
G0 F15000 X85.688 Y141.474
G1 F10800 X84.523 Y141.128 E4032.30155
G1 X82.685 Y140.122 E4032.39912
G1 X83.635 Y138.987 E4032.46804
G1 X81.906 Y138.236 E4032.55582
G0 F15000 X83.83 Y139.029
G1 F10800 X85.162 Y139.32 E4032.6193
G0 F15000 X84.13 Y137.034
G1 F10800 X84.76 Y135.818 E4032.68307
G1 X86.279 Y134.704 E4032.77079
G1 X86.81 Y133.108 E4032.84911
G1 X87.881 Y130.407 E4032.9844
G0 F15000 X87.2 Y131.606
G1 F10800 X85.982 Y130.565 E4033.05901
G1 X85.45 Y132.161 E4033.13735
G1 X84.928 Y133.31 E4033.19611
G0 F15000 X83.562 Y131.972
G1 F10800 X83.986 Y130.733 E4033.25709
G1 X85.03 Y127.568 E4033.41228
G1 X86.678 Y126.786 E4033.49722
G1 X87.039 Y125.124 E4033.57641
G1 X88.089 Y121.898 E4033.73438
G1 X86.737 Y120.671 E4033.8194
G1 X89.727 Y123.201 E4034.00178
G0 F15000 X81.447 Y130.964
G1 F10800 X80.05 Y131.731 E4034.07599
G0 F15000 X72.854 Y135.383
G1 F10800 X71.497 Y133.431 E4034.18669
G1 X71.326 Y134.632 E4034.24318
G0 F15000 X72.655 Y137.205
G1 F10800 X73.769 Y138.171 E4034.31183
G0 F15000 X75.832 Y139.174
G1 F10800 X75.352 Y140.226 E4034.36568
G0 F15000 X77.214 Y140.758
G1 F10800 X77.553 Y139.738 E4034.41573
G0 F15000 X89.513 Y139.986
G1 F10800 X90.618 Y141.562 E4034.50535
G1 X92.347 Y142.384 E4034.5945
G1 X92.11 Y143.684 E4034.65603
G0 F15000 X75.622 Y154.049
G1 F10800 X75.278 Y155.344 E4034.71842
G1 X74.82 Y156.718 E4034.78586
G0 F15000 X72.563 Y159.305
G1 F10800 X73.889 Y160.5 E4034.86898
G1 X72.052 Y160.901 E4034.95653
G1 F2400 E4031.95653
G0 F15000 X105.07 Y161.43
G1 F2400 E4034.95653
G1 F10800 X105.07 Y161.56 E4034.96259
G1 F2400 E4031.96259
G0 F15000 X91.188 Y124.863
G0 X88.918 Y111.232
G1 F2400 E4034.96259
G1 F10800 X89.376 Y109.858 E4035.03003
G1 X89.891 Y108.61 E4035.09289
G0 F15000 X90.856 Y103.397
G1 F10800 X90.739 Y102.109 E4035.15311
G0 F15000 X79.053 Y103.566
G1 F10800 X77.547 Y104.375 E4035.23272
G1 X75.856 Y103.919 E4035.31427
G0 F15000 X77.685 Y104.519
G1 F10800 X78.777 Y105.665 E4035.38798
G1 X78.544 Y106.976 E4035.44998
G0 F15000 X80.258 Y107.952
G1 F10800 X79.652 Y109.146 E4035.51233
G1 X78.017 Y109.464 E4035.58989
G0 F15000 X73.813 Y110.205
G1 F10800 X73.49 Y111.232 E4035.64002
G0 F15000 X71.586 Y106.516
G1 F10800 X71.321 Y105.301 E4035.69792
G0 F15000 X75.618 Y96.07
G1 F10800 X76.119 Y94.865 E4035.75869
G1 X74.611 Y93.481 E4035.854
G1 X73.818 Y94.846 E4035.92751
G1 X72.513 Y93.922 E4036.00196
G0 F15000 X71.894 Y95.006
G1 F10800 X72.35 Y93.807 E4036.0617
G1 X72.673 Y92.135 E4036.14099
G1 X71.135 Y90.882 E4036.23336
G1 X71.012 Y90.882 E4036.23909
G0 F15000 X73.769 Y87.365
G1 F10800 X72.671 Y86.332 E4036.30929
G0 F15000 X76.948 Y75.854
G1 F10800 X77.406 Y74.48 E4036.37673
G1 X77.991 Y73.178 E4036.44319
G0 F15000 X79.315 Y74.23
G1 F10800 X78.072 Y72.996 E4036.52475
G1 X78.396 Y71.51 E4036.59557
G0 F15000 X76.416 Y71.332
G1 F10800 X76.649 Y70.021 E4036.65757
G1 X75.053 Y68.691 E4036.75431
G1 X73.678 Y67.473 E4036.83985
G1 X72.11 Y66.208 E4036.93366
G0 F15000 X71.905 Y66.276
G1 F10800 X71.628 Y67.342 E4036.98494
G0 F15000 X71.054 Y69.16
G1 F10800 X71.012 Y69.16 E4036.9869
G0 F15000 X73.62 Y67.664
G1 F10800 X73.3 Y68.715 E4037.03806
G1 X72.236 Y71.907 E4037.19473
G1 X73.985 Y72.388 E4037.27919
G1 X74.406 Y71.244 E4037.33595
G0 F15000 X78.341 Y68.434
G1 F10800 X77.472 Y67.032 E4037.41276
G0 F15000 X77.665 Y65.941
G1 F10800 X77.367 Y66.862 E4037.45784
G1 X75.768 Y66.564 E4037.53357
G0 F15000 X75.769 Y66.585
G0 X74.686 Y66.483
G0 X74.091 Y66.302
G0 X72.569 Y65.522
G1 F10800 X71.955 Y66.083 E4037.5723
G1 X71.853 Y64.337 E4037.65374
G0 F15000 X71.621 Y63.418
G0 X71.551 Y62.01
G0 X71.554 Y62.01
G1 F10800 X71.714 Y60.286 E4037.73436
G1 X72.213 Y58.716 E4037.81107
G1 X73.653 Y59.112 E4037.88061
G0 F15000 X74.686 Y58.84
G0 X75.115 Y58.798
G0 X77.904 Y58.757
G1 F10800 X79.576 Y58.699 E4037.95852
G0 F15000 X79.497 Y60.162
G1 F10800 X79.775 Y58.693 E4038.02813
G1 X83.417 Y58.766 E4038.19775
G0 F15000 X83.765 Y58.903
G1 F10800 X85.284 Y60.257 E4038.29251
G1 X84.928 Y61.49 E4038.35226
G0 F15000 X83.832 Y64.042
G1 F10800 X82.39 Y63.448 E4038.42488
G1 X82.783 Y61.752 E4038.50595
G1 X83.026 Y60.411 E4038.56941
G1 X81.753 Y59.2 E4038.65122
G1 X83.616 Y58.77 E4038.74025
G1 X83.729 Y58.426 E4038.75711
G0 F15000 X81.674 Y59.383
G1 F10800 X81.13 Y60.648 E4038.82123
G1 X80.672 Y62.022 E4038.88867
G0 F15000 X88.12 Y64.15
G1 F10800 X88.75 Y62.934 E4038.95244
G1 X90.269 Y61.82 E4039.04015
G1 X90.8 Y60.224 E4039.11848
G1 X91.362 Y59.13 E4039.17575
G0 F15000 X93.571 Y58.426
G1 F10800 X93.502 Y58.636 E4039.18604
G1 X95.004 Y59.914 E4039.27787
G1 X93.94 Y63.105 E4039.4345
G1 X93.706 Y64.416 E4039.49651
G0 F15000 X95.532 Y65.738
G1 F10800 X95.876 Y64.4 E4039.56084
G1 X96.385 Y63.029 E4039.62893
G0 F15000 X98.322 Y63.514
G1 F10800 X99.792 Y63.776 E4039.69846
G0 F15000 X97.926 Y64.674
G1 F10800 X98.126 Y63.48 E4039.75484
G1 X96.454 Y62.842 E4039.83817
G1 X97.006 Y61.326 E4039.91329
G1 X98.521 Y60.217 E4040.00072
G1 X99.044 Y58.781 E4040.07188
G1 X99.158 Y58.426 E4040.08924
G0 F15000 X98.846 Y58.808
G1 F10800 X97.322 Y59.023 E4040.16091
G0 F15000 X100.356 Y61.49
G1 F10800 X100.923 Y60.322 E4040.22136
G1 X101.455 Y58.726 E4040.2997
G1 X103.198 Y59.226 E4040.38414
G1 X104.898 Y59.553 E4040.46475
G1 X105.045 Y58.438 E4040.51711
G0 F15000 X105.258 Y58.295
G1 F10800 X106.708 Y58.721 E4040.58749
G0 F15000 X104.855 Y59.748
G1 F10800 X104.538 Y61.18 E4040.65578
G1 X103.548 Y64.15 E4040.80156
G0 F15000 X101.538 Y65.392
G1 F10800 X100.906 Y66.753 E4040.87143
G1 X100.675 Y68.309 E4040.94468
G0 F15000 X100.812 Y68.617
G1 F10800 X102.08 Y69.467 E4041.01576
G1 X102.612 Y67.871 E4041.0941
G1 X103.134 Y66.722 E4041.15286
G0 F15000 X100.709 Y66.72
G1 F10800 X99.201 Y66.467 E4041.22406
G1 X97.322 Y66.471 E4041.31156
G0 F15000 X102.218 Y62.022
G1 F10800 X102.676 Y60.648 E4041.379
G1 X103.13 Y59.413 E4041.44026
G0 F15000 X97.456 Y72.569
G0 X94.197 Y82.957
G1 F10800 X94.524 Y84.292 E4041.50427
G0 F15000 X93.911 Y86.219
G1 F10800 X93.311 Y87.553 E4041.57238
G1 X91.868 Y86.306 E4041.66118
G1 X91.297 Y87.82 E4041.73653
G1 X89.827 Y86.573 E4041.82629
G1 X90.386 Y85.023 E4041.90301
G1 X90.939 Y83.544 E4041.97654
G1 X92.08 Y83.066 E4042.03414
G0 F15000 X92.228 Y85.076
G1 F10800 X91.924 Y86.115 E4042.08455
G0 F15000 X75.365 Y66.609
G0 X75.438 Y65.856
;TYPE:SKIN
G1 F4645.2 X76.061 Y65.795 E4042.11843
G1 F4635.2 X76.663 Y65.611 E4042.15258
G1 X77.216 Y65.318 E4042.18653
G1 X77.701 Y64.917 E4042.22067
G1 X78.097 Y64.436 E4042.25447
G1 F4615.4 X78.391 Y63.878 E4042.28883
G1 X78.569 Y63.293 E4042.32214
G1 F4635.2 X78.64 Y62.658 E4042.3568
G1 F4655.2 X78.577 Y62.037 E4042.39052
G1 F4635.2 X78.392 Y61.433 E4042.42479
G1 X78.1 Y60.884 E4042.45852
G1 F4655.2 X77.704 Y60.398 E4042.49238
G1 F4665.2 X77.217 Y60.002 E4042.52621
G1 F4655.2 X76.663 Y59.707 E4042.56011
G1 F4675.3 X76.065 Y59.52 E4042.59381
G1 F4665.2 X75.438 Y59.463 E4042.62775
G1 F4655.2 X74.829 Y59.521 E4042.66079
G1 X74.217 Y59.703 E4042.69528
G1 F4665.2 X73.664 Y59.999 E4042.72908
G1 F4675.3 X73.18 Y60.4 E4042.76289
G1 X72.781 Y60.879 E4042.79641
G1 X72.486 Y61.432 E4042.83012
G1 X72.301 Y62.037 E4042.86415
G1 F4655.2 X72.244 Y62.66 E4042.89794
G1 X72.302 Y63.269 E4042.93098
G1 F4675.3 X72.484 Y63.882 E4042.96537
G1 F4665.2 X72.781 Y64.439 E4042.9994
G1 X73.182 Y64.922 E4043.03323
G1 F4655.2 X73.662 Y65.316 E4043.06677
G1 F4635.2 X74.215 Y65.612 E4043.1008
G1 X74.823 Y65.797 E4043.13528
G1 X75.438 Y65.856 E4043.16879
G0 F15000 X75.443 Y66.323
G1 F4635.2 X74.733 Y66.254 E4043.20749
G1 X74.038 Y66.043 E4043.24689
G1 X73.407 Y65.706 E4043.2857
G1 F4655.2 X72.853 Y65.247 E4043.32456
G1 F4665.2 X72.394 Y64.694 E4043.36329
G1 X72.059 Y64.063 E4043.4018
G1 F4675.3 X71.849 Y63.366 E4043.44095
G1 F4655.2 X71.777 Y62.656 E4043.47949
G1 X71.847 Y61.95 E4043.51781
G1 F4675.3 X72.059 Y61.257 E4043.55679
G1 X72.393 Y60.626 E4043.59519
G1 X72.853 Y60.073 E4043.63387
G1 X73.406 Y59.613 E4043.67256
G1 F4665.2 X74.037 Y59.275 E4043.71114
G1 F4655.2 X74.733 Y59.065 E4043.75041
G1 X75.44 Y58.998 E4043.78877
G1 F4665.2 X76.15 Y59.064 E4043.8272
G1 F4675.3 X76.842 Y59.279 E4043.86617
G1 F4655.2 X77.474 Y59.615 E4043.90483
G1 F4665.2 X78.036 Y60.076 E4043.94401
G1 F4655.2 X78.485 Y60.622 E4043.98219
G1 F4635.2 X78.824 Y61.258 E4044.02129
G1 X79.034 Y61.95 E4044.06052
G1 F4655.2 X79.103 Y62.656 E4044.09884
G1 F4635.2 X79.032 Y63.37 E4044.13776
G1 F4615.4 X78.822 Y64.062 E4044.17716
G1 X78.485 Y64.697 E4044.21632
G1 F4635.2 X78.034 Y65.242 E4044.2547
G1 X77.469 Y65.709 E4044.29446
G1 X76.842 Y66.043 E4044.333
G1 X76.154 Y66.251 E4044.37199
G1 F4645.2 X75.443 Y66.323 E4044.41067
G1 F2400 E4041.41067
G0 F15000 X75.415 Y66.614
G0 X144.575 Y66.613
G0 X144.603 Y66.323
G1 F2400 E4044.41067
G1 F4635.2 X143.894 Y66.253 E4044.44932
G1 X143.198 Y66.04 E4044.48881
G1 F4665.2 X142.569 Y65.706 E4044.52719
G1 F4675.3 X142.016 Y65.252 E4044.56567
G1 F4655.2 X141.555 Y64.69 E4044.60493
G1 X141.219 Y64.063 E4044.64336
G1 F4675.3 X141.008 Y63.37 E4044.68232
G1 F4655.2 X140.937 Y62.66 E4044.72086
G1 F4665.2 X141.008 Y61.95 E4044.75932
G1 F4675.3 X141.219 Y61.257 E4044.79828
G1 F4665.2 X141.554 Y60.629 E4044.83664
G1 X142.009 Y60.073 E4044.87536
G1 F4675.3 X142.569 Y59.613 E4044.91434
G1 F4665.2 X143.197 Y59.279 E4044.95268
G1 X143.89 Y59.069 E4044.99171
G1 F4655.2 X144.601 Y58.999 E4045.0303
G1 X145.31 Y59.065 E4045.06876
G1 F4665.2 X146.002 Y59.279 E4045.1078
G1 X146.639 Y59.618 E4045.14669
G1 F4635.2 X147.189 Y60.071 E4045.18534
G1 X147.642 Y60.621 E4045.224
G1 F4655.2 X147.98 Y61.254 E4045.26276
G1 F4635.2 X148.194 Y61.95 E4045.30226
G1 F4645.2 X148.262 Y62.656 E4045.34065
G1 F4635.2 X148.193 Y63.37 E4045.37956
G1 X147.984 Y64.058 E4045.41857
G1 F4655.2 X147.646 Y64.694 E4045.45747
G1 F4635.2 X147.19 Y65.246 E4045.49631
G1 X146.637 Y65.705 E4045.5353
G1 X146.01 Y66.039 E4045.57384
G1 F4645.2 X145.314 Y66.251 E4045.61322
G1 F4655.2 X144.603 Y66.323 E4045.65182
G0 F15000 X144.598 Y65.856
G1 F4655.2 X145.225 Y65.796 E4045.68584
G1 F4645.2 X145.829 Y65.61 E4045.72005
G1 F4635.2 X146.38 Y65.316 E4045.75393
G1 X146.856 Y64.919 E4045.78756
G1 X147.26 Y64.435 E4045.82176
G1 F4655.2 X147.554 Y63.877 E4045.85582
G1 F4635.2 X147.733 Y63.278 E4045.88974
G1 X147.797 Y62.66 E4045.92344
G1 F4645.2 X147.737 Y62.04 E4045.95716
G1 F4635.2 X147.551 Y61.434 E4045.99155
G1 F4655.2 X147.259 Y60.881 E4046.02533
G1 F4635.2 X146.856 Y60.4 E4046.05937
G1 X146.377 Y60.002 E4046.09315
G1 F4665.2 X145.825 Y59.706 E4046.12691
G1 X145.223 Y59.52 E4046.16087
G1 F4655.2 X144.601 Y59.466 E4046.19459
G1 X143.988 Y59.522 E4046.22784
G1 F4665.2 X143.375 Y59.706 E4046.26234
G1 X142.824 Y59.999 E4046.29597
G1 F4675.3 X142.336 Y60.4 E4046.32994
G1 F4665.2 X141.942 Y60.885 E4046.36362
G1 X141.649 Y61.431 E4046.39702
G1 F4675.3 X141.461 Y62.037 E4046.43114
G1 F4665.2 X141.404 Y62.658 E4046.46476
G1 F4655.2 X141.461 Y63.281 E4046.49855
G1 F4675.3 X141.647 Y63.883 E4046.53243
G1 F4655.2 X141.948 Y64.44 E4046.56663
G1 X142.338 Y64.92 E4046.60004
G1 F4675.3 X142.823 Y65.319 E4046.63381
G1 F4665.2 X143.375 Y65.611 E4046.66747
G1 F4635.2 X143.97 Y65.792 E4046.70121
G1 X144.598 Y65.856 E4046.73545
G0 F15000 X144.496 Y66.907
G1 F2400 E4043.73545
;MESH:NONMESH
G0 F300 Z1.96
G0 F15000 X75.353 Y66.608
G0 X75.443 Y65.68
;TIME_ELAPSED:2500.167400
;LAYER:6
;TYPE:WALL-INNER
;MESH:lid.stl
G1 F2400 E4046.73545
G1 F5400 X74.849 Y65.619 E4046.76326
G1 X74.282 Y65.446 E4046.79086
G1 X73.764 Y65.169 E4046.81821
G1 X73.304 Y64.795 E4046.84582
G1 X72.935 Y64.335 E4046.87328
G1 X72.656 Y63.824 E4046.90039
G1 X72.48 Y63.232 E4046.92915
G1 X72.425 Y62.661 E4046.95586
G1 X72.479 Y62.079 E4046.98308
G1 X72.657 Y61.494 E4047.01155
G1 X72.936 Y60.984 E4047.03862
G1 X73.306 Y60.524 E4047.06611
G1 X73.767 Y60.149 E4047.09378
G1 X74.282 Y59.874 E4047.12096
G1 X74.853 Y59.7 E4047.14876
G1 X75.44 Y59.64 E4047.17623
G1 X76.026 Y59.7 E4047.20366
G1 X76.599 Y59.874 E4047.23155
G1 X77.118 Y60.153 E4047.25899
G1 X77.575 Y60.525 E4047.28642
G1 X77.947 Y60.983 E4047.3139
G1 X78.224 Y61.502 E4047.34129
G1 X78.404 Y62.071 E4047.36908
G1 X78.46 Y62.663 E4047.39677
G1 X78.397 Y63.264 E4047.42491
G1 X78.212 Y63.84 E4047.45308
G1 X77.945 Y64.339 E4047.47943
G1 X77.575 Y64.795 E4047.50678
G1 X77.125 Y65.159 E4047.53373
G1 X76.6 Y65.446 E4047.56159
G1 X76.044 Y65.613 E4047.58862
G1 X75.443 Y65.68 E4047.61678
G0 F15000 X75.413 Y65.985
G0 X83.714 Y74.883
G0 X84.26 Y75.114
G0 X84.351 Y74.82
G1 F5400 X83.841 Y74.659 E4047.64168
G1 X83.516 Y74.334 E4047.66308
G1 X83.356 Y73.93 E4047.68332
G1 X83.356 Y73.496 E4047.70352
G1 X83.522 Y73.09 E4047.72395
G1 X83.847 Y72.781 E4047.74483
G1 X84.252 Y72.635 E4047.76488
G1 X84.602 Y72.631 E4047.78118
G1 X84.77 Y72.675 E4047.78926
G1 F5142.9 X85.209 Y72.901 E4047.8134
G1 F4705.9 X85.456 Y73.269 E4047.83708
G1 F4169.9 X85.617 Y73.647 E4047.86186
G1 F3857.1 X85.614 Y73.81 E4047.87249
G1 F4500 X85.406 Y74.239 E4047.89913
G1 F5400 X85.219 Y74.508 E4047.91438
G1 X84.893 Y74.73 E4047.93275
G1 X84.569 Y74.807 E4047.94826
G1 X84.351 Y74.82 E4047.95842
G0 F15000 X84.26 Y75.114
G0 X87.468 Y75.12
G0 X87.468 Y74.881
G1 F4227 X87.251 Y74.881 E4047.97133
G1 F4909.1 X86.698 Y74.617 E4048.00272
G1 F5320.2 X86.419 Y74.333 E4048.02154
G1 F5217.4 X86.286 Y74.043 E4048.03691
G1 F4408.2 X86.172 Y73.839 E4048.05024
G1 F4153.8 X86.173 Y73.597 E4048.06489
G1 F4615.4 X86.553 Y72.919 E4048.10723
G1 X86.892 Y72.694 E4048.1294
G1 F4186 X87.297 Y72.517 E4048.15595
G1 F3898.9 X87.415 Y72.517 E4048.16356
G1 F4390.2 X87.641 Y72.634 E4048.17814
G1 F5192.3 X87.991 Y72.774 E4048.19639
G1 F5400 X88.265 Y73.072 E4048.21524
G1 F4537.8 X88.524 Y73.596 E4048.24763
G1 F4194.2 X88.523 Y73.835 E4048.26196
G1 F4920.3 X88.227 Y74.383 E4048.29379
G1 F5400 X87.957 Y74.63 E4048.31083
G1 F4566.6 X87.468 Y74.881 E4048.34109
G0 F15000 X87.468 Y75.12
G0 X86.794 Y75.341
G0 X86.205 Y75.822
G0 X85.973 Y76.595
G0 X86.193 Y77.322
G0 X86.586 Y77.715
G0 X87.232 Y78.004
G0 X87.321 Y77.709
G1 F5400 X86.752 Y77.536 E4048.36879
G1 X86.405 Y77.182 E4048.39187
G1 X86.259 Y76.691 E4048.41572
G1 X86.267 Y76.476 E4048.42574
G1 X86.388 Y76.059 E4048.44596
G1 X86.489 Y75.915 E4048.45415
G1 X86.788 Y75.664 E4048.47232
G1 F4942.8 X87.199 Y75.426 E4048.49649
G1 F4235.3 X87.444 Y75.423 E4048.51103
G1 F4481.3 X87.709 Y75.561 E4048.5278
G1 F5281.2 X88 Y75.69 E4048.54295
G1 F5400 X88.287 Y75.985 E4048.56212
G1 X88.445 Y76.385 E4048.58214
G1 X88.446 Y76.822 E4048.60249
G1 X88.215 Y77.286 E4048.62663
G1 X88.085 Y77.419 E4048.63529
G1 X87.782 Y77.616 E4048.65211
G1 X87.321 Y77.709 E4048.67401
G0 F15000 X87.232 Y78.004
G0 X87.881 Y77.855
G0 X88.268 Y77.596
G0 X90.382 Y75.12
G0 X90.322 Y74.816
G1 F5400 X90.064 Y74.793 E4048.68607
G1 X89.728 Y74.684 E4048.70252
G1 X89.577 Y74.591 E4048.71078
G1 X89.339 Y74.35 E4048.72655
G1 F4518.8 X89.076 Y73.867 E4048.75715
G1 F3898.9 X89.076 Y73.602 E4048.77424
G1 F4537.8 X89.211 Y73.355 E4048.78984
G1 F5400 X89.34 Y73.085 E4048.80378
G1 X89.607 Y72.809 E4048.82166
G1 X89.993 Y72.638 E4048.84132
G1 X90.466 Y72.624 E4048.86335
G1 X90.919 Y72.857 E4048.88707
G1 X91.049 Y72.969 E4048.89506
G1 X91.27 Y73.29 E4048.91321
G1 X91.348 Y73.73 E4048.93402
G1 X91.276 Y74.093 E4048.95125
G1 X91.04 Y74.496 E4048.97299
G1 X90.66 Y74.743 E4048.9941
G1 X90.322 Y74.816 E4049.0102
G0 F15000 X90.382 Y75.12
G0 X89.514 Y74.883
G0 X89.107 Y74.478
G0 X88.494 Y72.935
G0 X88.164 Y72.607
G0 X87.46 Y72.201
G0 X87.415 Y71.967
G1 F3898.9 X87.297 Y71.967 E4049.01781
G1 F4390.2 X87.071 Y71.85 E4049.03238
G1 F5106.4 X86.745 Y71.717 E4049.04972
G1 F5294.1 X86.515 Y71.497 E4049.06484
G1 F5400 X86.381 Y71.291 E4049.07628
G1 X86.263 Y70.887 E4049.09588
G1 X86.266 Y70.682 E4049.10543
G1 X86.395 Y70.243 E4049.12673
G1 X86.541 Y70.063 E4049.13752
G1 X86.902 Y69.777 E4049.15897
G1 X87.252 Y69.7 E4049.17566
G1 X87.46 Y69.7 E4049.18534
G1 X87.884 Y69.829 E4049.20598
G1 X88.014 Y69.909 E4049.21309
G1 X88.283 Y70.185 E4049.23103
G1 X88.44 Y70.556 E4049.24979
G1 X88.451 Y71.024 E4049.27159
G1 X88.195 Y71.522 E4049.29766
G1 X87.87 Y71.76 E4049.31642
G1 F4528.3 X87.415 Y71.967 E4049.34418
G0 F15000 X87.46 Y72.201
G0 X90.552 Y72.381
G0 X99.27 Y76.947
G0 X100.522 Y77.261
G0 X100.552 Y76.956
G1 F5400 X99.948 Y76.896 E4049.37244
G1 X99.364 Y76.71 E4049.40098
G1 X98.828 Y76.43 E4049.42914
G1 X98.374 Y76.055 E4049.45656
G1 X97.976 Y75.574 E4049.48563
G1 X97.685 Y75.035 E4049.51415
G1 X97.511 Y74.451 E4049.54253
G1 X97.448 Y73.843 E4049.57099
G1 X97.514 Y73.232 E4049.5996
G1 X97.697 Y72.643 E4049.62832
G1 X97.976 Y72.124 E4049.65576
G1 X98.38 Y71.643 E4049.68501
G1 X98.834 Y71.268 E4049.71243
G1 X99.36 Y70.982 E4049.74031
G1 X99.95 Y70.807 E4049.76896
G1 X100.552 Y70.744 E4049.79715
G1 X101.154 Y70.807 E4049.82533
G1 X101.734 Y70.982 E4049.85354
G1 X102.295 Y71.283 E4049.88319
G1 X102.747 Y71.658 E4049.91054
G1 X103.139 Y72.132 E4049.93918
G1 X103.423 Y72.683 E4049.96804
G1 X103.601 Y73.247 E4049.99558
G1 X103.656 Y73.851 E4050.02382
G1 X103.601 Y74.454 E4050.05202
G1 X103.419 Y75.028 E4050.08006
G1 X103.135 Y75.564 E4050.1083
G1 X102.744 Y76.046 E4050.1372
G1 X102.264 Y76.437 E4050.16603
G1 X101.743 Y76.71 E4050.19342
G1 X101.154 Y76.896 E4050.22218
G1 X100.552 Y76.956 E4050.25035
G0 F15000 X100.522 Y77.261
G0 X113.463 Y80.603
G0 X114.765 Y80.792
G0 X114.796 Y80.48
G1 F5400 X113.514 Y80.36 E4050.31031
G1 X112.27 Y79.982 E4050.37085
G1 X111.136 Y79.376 E4050.43072
G1 X110.126 Y78.544 E4050.49165
G1 X109.321 Y77.564 E4050.5507
G1 X108.704 Y76.417 E4050.61135
G1 X108.32 Y75.167 E4050.67224
G1 X108.192 Y73.873 E4050.73279
G1 X108.329 Y72.566 E4050.79398
G1 X108.71 Y71.33 E4050.85421
G1 X109.323 Y70.193 E4050.91435
G1 X110.131 Y69.207 E4050.97371
G1 X111.129 Y68.393 E4051.03368
G1 X112.271 Y67.777 E4051.0941
G1 X113.514 Y67.4 E4051.15458
G1 X114.796 Y67.276 E4051.21456
G1 X116.08 Y67.4 E4051.27462
G1 X117.326 Y67.78 E4051.33528
G1 X118.467 Y68.393 E4051.39559
G1 X119.462 Y69.212 E4051.4556
G1 X120.285 Y70.211 E4051.51587
G1 X120.894 Y71.352 E4051.5761
G1 X121.273 Y72.593 E4051.63652
G1 X121.403 Y73.878 E4051.69666
G1 X121.273 Y75.167 E4051.75698
G1 X120.899 Y76.41 E4051.81743
G1 X120.289 Y77.55 E4051.87763
G1 X119.456 Y78.554 E4051.93838
G1 X118.46 Y79.376 E4051.99851
G1 X117.328 Y79.981 E4052.05828
G1 X116.078 Y80.357 E4052.11906
G1 X114.796 Y80.48 E4052.17903
G0 F15000 X114.765 Y80.792
G0 X132.281 Y80.792
G0 X132.312 Y80.48
G1 F5400 X131.026 Y80.36 E4052.23917
G1 X129.793 Y79.983 E4052.29921
G1 X128.649 Y79.377 E4052.35949
G1 X127.648 Y78.554 E4052.41983
G1 X126.823 Y77.549 E4052.48037
G1 X126.214 Y76.413 E4052.54039
G1 X125.835 Y75.167 E4052.60104
G1 X125.705 Y73.882 E4052.66118
G1 X125.835 Y72.593 E4052.7215
G1 X126.21 Y71.347 E4052.78209
G1 X126.823 Y70.211 E4052.8422
G1 X127.642 Y69.212 E4052.90235
G1 X128.641 Y68.393 E4052.9625
G1 X129.783 Y67.777 E4053.02292
G1 X131.026 Y67.4 E4053.08341
G1 X132.308 Y67.276 E4053.14338
G1 X133.592 Y67.4 E4053.20345
G1 X134.827 Y67.778 E4053.26359
G1 X135.983 Y68.393 E4053.32456
G1 X136.959 Y69.198 E4053.38347
G1 X137.803 Y70.213 E4053.44494
G1 X138.419 Y71.385 E4053.50659
G1 X138.789 Y72.597 E4053.56559
G1 X138.916 Y73.881 E4053.62567
G1 X138.788 Y75.152 E4053.68516
G1 X138.407 Y76.411 E4053.74641
G1 X137.799 Y77.547 E4053.8064
G1 X136.976 Y78.546 E4053.86667
G1 X135.973 Y79.372 E4053.92718
G1 X134.841 Y79.981 E4053.98703
G1 X133.598 Y80.352 E4054.04743
G1 X132.312 Y80.48 E4054.10761
G0 F15000 X132.281 Y80.792
G0 X133.646 Y80.603
G0 X134.934 Y80.212
G0 X136.119 Y79.58
G0 X137.158 Y78.727
G0 X137.925 Y77.793
G0 X144.57 Y65.984
G0 X144.6 Y65.675
G1 F5400 X144.024 Y65.621 E4054.13455
G1 X143.436 Y65.442 E4054.16317
G1 X142.925 Y65.163 E4054.19028
G1 X142.466 Y64.793 E4054.21773
G1 X142.106 Y64.348 E4054.24439
G1 X141.813 Y63.817 E4054.27263
G1 X141.639 Y63.241 E4054.30064
G1 X141.585 Y62.659 E4054.32786
G1 X141.639 Y62.079 E4054.35498
G1 X141.814 Y61.499 E4054.38319
G1 X142.094 Y60.985 E4054.41045
G1 X142.467 Y60.527 E4054.43795
G1 X142.926 Y60.153 E4054.46552
G1 X143.445 Y59.874 E4054.49296
G1 X144.018 Y59.7 E4054.52084
G1 X144.6 Y59.645 E4054.54807
G1 X145.186 Y59.7 E4054.57547
G1 X145.759 Y59.874 E4054.60336
G1 X146.278 Y60.153 E4054.63079
G1 X146.731 Y60.522 E4054.658
G1 X147.111 Y60.986 E4054.68593
G1 X147.385 Y61.499 E4054.71301
G1 X147.561 Y62.072 E4054.74092
G1 X147.612 Y62.66 E4054.7684
G1 X147.56 Y63.236 E4054.79533
G1 X147.386 Y63.819 E4054.82366
G1 X147.111 Y64.333 E4054.85081
G1 X146.734 Y64.795 E4054.87857
G1 X146.278 Y65.167 E4054.90597
G1 X145.759 Y65.446 E4054.93341
G1 X145.181 Y65.621 E4054.96153
G1 X144.6 Y65.675 E4054.9887
G1 F2400 E4051.9887
G0 F15000 X144.57 Y65.984
G0 X128.588 Y124.863
G0 X110 Y124.935
G0 X110 Y124.623
G1 F2400 E4054.9887
G1 F5400 X91.927 Y124.624 E4055.83026
G1 X91.726 Y124.546 E4055.8403
G1 X91.539 Y124.379 E4055.85197
G1 X91.425 Y124.068 E4055.8674
G1 X91.425 Y89.261 E4057.48815
G1 X91.512 Y89.033 E4057.49952
G1 X91.675 Y88.859 E4057.51062
G1 X91.993 Y88.748 E4057.5263
G1 X127.794 Y88.749 E4059.19335
G1 X128.08 Y88.847 E4059.20743
G1 X128.252 Y89.022 E4059.21885
G1 X128.347 Y89.306 E4059.2328
G1 X128.347 Y124.068 E4060.85146
G1 X128.311 Y124.233 E4060.85932
G1 X128.212 Y124.406 E4060.86861
G1 X128.051 Y124.543 E4060.87845
G1 X127.793 Y124.623 E4060.89103
G1 X110 Y124.623 E4061.71954
G1 F2400 E4058.71954
G0 F15000 X110 Y124.935
G0 X110 Y161.649
G0 X110 Y161.956
G1 F2400 E4061.71954
G1 F5400 X149.384 Y161.956 E4063.55343
G1 X149.384 Y58.04 E4068.39219
G1 X70.612 Y58.04 E4072.06015
G1 X70.612 Y161.956 E4076.89891
G1 X110 Y161.956 E4078.73298
G0 F15000 X110 Y162.356
;TYPE:WALL-OUTER
G1 F5400 X149.784 Y162.356 E4080.58549
G1 X149.784 Y57.64 E4085.46151
G1 X70.212 Y57.64 E4089.16671
G1 X70.212 Y162.356 E4094.04273
G1 X110 Y162.356 E4095.89542
G1 F2400 E4092.89542
G0 F15000 X110 Y161.649
G0 X110 Y124.935
G0 X110 Y124.222
G1 F2400 E4095.89542
G1 F5400 X91.996 Y124.223 E4096.73376
G1 X91.87 Y124.153 E4096.74048
G1 X91.824 Y124.039 E4096.7462
G1 X91.825 Y89.322 E4098.36277
G1 X91.853 Y89.243 E4098.36667
G1 X91.962 Y89.148 E4098.37341
G1 X127.764 Y89.148 E4100.0405
G1 X127.892 Y89.208 E4100.04708
G1 X127.948 Y89.304 E4100.05225
G1 X127.948 Y124.039 E4101.66966
G1 X127.886 Y124.17 E4101.67641
G1 X127.786 Y124.221 E4101.68164
G1 X110 Y124.222 E4102.50983
G1 F2400 E4099.50983
G0 F15000 X110 Y124.935
G0 X128.588 Y124.863
G0 X128.588 Y88.513
G0 X114.706 Y80.786
G0 X114.776 Y80.08
G1 F2400 E4102.50983
G1 F5400 X113.612 Y79.968 E4102.56428
G1 X112.405 Y79.601 E4102.62302
G1 X111.373 Y79.049 E4102.67752
G1 X110.41 Y78.262 E4102.73543
G1 X109.645 Y77.33 E4102.79157
G1 X109.064 Y76.239 E4102.84913
G1 X108.712 Y75.068 E4102.90607
G1 X108.596 Y73.86 E4102.96258
G1 X108.72 Y72.653 E4103.01907
G1 X109.079 Y71.485 E4103.07597
G1 X109.646 Y70.429 E4103.13178
G1 X110.414 Y69.494 E4103.18813
G1 X111.352 Y68.725 E4103.2446
G1 X112.441 Y68.144 E4103.30208
G1 X113.612 Y67.792 E4103.35902
G1 X114.816 Y67.68 E4103.41532
G1 X115.984 Y67.792 E4103.46996
G1 X117.187 Y68.159 E4103.52852
G1 X118.244 Y68.725 E4103.58435
G1 X119.178 Y69.494 E4103.64069
G1 X119.954 Y70.435 E4103.69748
G1 X120.525 Y71.506 E4103.754
G1 X120.881 Y72.672 E4103.81077
G1 X121 Y73.862 E4103.86645
G1 X120.881 Y75.088 E4103.92381
G1 X120.517 Y76.275 E4103.98162
G1 X119.954 Y77.325 E4104.0371
G1 X119.187 Y78.257 E4104.0933
G1 X118.223 Y79.049 E4104.1514
G1 X117.191 Y79.601 E4104.20589
G1 X115.984 Y79.964 E4104.26458
G1 X114.776 Y80.08 E4104.32109
G1 F2400 E4101.32109
G0 F15000 X114.706 Y80.786
G0 X113.699 Y80.638
G0 X100.463 Y77.255
G0 X100.532 Y76.552
G1 F2400 E4104.32109
G1 F5400 X100.048 Y76.504 E4104.34374
G1 X99.518 Y76.341 E4104.36956
G1 X99.053 Y76.095 E4104.39406
G1 X98.633 Y75.748 E4104.41942
G1 X98.295 Y75.331 E4104.44442
G1 X98.055 Y74.876 E4104.46837
G1 X97.903 Y74.372 E4104.49288
G1 X97.852 Y73.828 E4104.51833
G1 X97.908 Y73.305 E4104.54282
G1 X98.061 Y72.809 E4104.56699
G1 X98.306 Y72.35 E4104.59122
G1 X98.652 Y71.937 E4104.6163
G1 X99.056 Y71.601 E4104.64077
G1 X99.497 Y71.363 E4104.66411
G1 X100.028 Y71.199 E4104.68998
G1 X100.572 Y71.148 E4104.71543
G1 X101.076 Y71.199 E4104.73901
G1 X101.607 Y71.363 E4104.76489
G1 X102.059 Y71.606 E4104.78879
G1 X102.474 Y71.956 E4104.81407
G1 X102.802 Y72.353 E4104.83805
G1 X103.048 Y72.822 E4104.86271
G1 X103.208 Y73.344 E4104.88813
G1 X103.256 Y73.868 E4104.91263
G1 X103.208 Y74.356 E4104.93546
G1 X103.047 Y74.882 E4104.96108
G1 X102.8 Y75.346 E4104.98555
G1 X102.444 Y75.775 E4105.01151
G1 X102.051 Y76.098 E4105.0352
G1 X101.589 Y76.341 E4105.05951
G1 X101.056 Y76.504 E4105.08546
G1 X100.532 Y76.552 E4105.10996
G1 F2400 E4102.10996
G0 F15000 X100.463 Y77.255
G0 X90.002 Y75.096
G0 X90.21 Y74.418
G1 F2400 E4105.10996
G1 F5400 X89.854 Y74.3 E4105.12743
G1 X89.662 Y74.114 E4105.13987
G1 X89.552 Y73.831 E4105.15401
G1 X89.566 Y73.545 E4105.16734
G1 X89.662 Y73.321 E4105.17869
G1 X89.863 Y73.13 E4105.1916
G1 X90.109 Y73.031 E4105.20395
G1 X90.388 Y73.03 E4105.21694
G1 X90.738 Y73.213 E4105.23533
G1 X90.898 Y73.471 E4105.24947
G1 X90.94 Y73.703 E4105.26045
G1 X90.895 Y73.97 E4105.27306
G1 X90.738 Y74.214 E4105.28657
G1 X90.491 Y74.372 E4105.30022
G1 X90.21 Y74.418 E4105.31348
G1 F2400 E4102.31348
G0 F15000 X90.002 Y75.096
G0 X87.754 Y75.065
G0 X87.481 Y74.404
G1 F2400 E4105.31348
G1 F5400 X87.226 Y74.408 E4105.32535
G1 X86.954 Y74.3 E4105.33898
G1 X86.765 Y74.118 E4105.3512
G1 X86.659 Y73.872 E4105.36367
G1 X86.651 Y73.577 E4105.37741
G1 X86.847 Y73.208 E4105.39687
G1 X87.093 Y73.046 E4105.41058
G1 X87.367 Y72.986 E4105.42365
G1 X87.729 Y73.098 E4105.44129
G1 X87.937 Y73.301 E4105.45482
G1 X88.036 Y73.526 E4105.46627
G1 X88.047 Y73.812 E4105.4796
G1 X87.944 Y74.076 E4105.49279
G1 X87.73 Y74.301 E4105.50725
G1 X87.481 Y74.404 E4105.5198
G1 F2400 E4102.5198
G0 F15000 X87.754 Y75.065
G0 X88.494 Y75.835
G0 X88.698 Y76.328
G0 X88.697 Y76.904
G0 X88.359 Y77.535
G0 X87.929 Y77.823
G0 X87.141 Y77.977
G0 X87.346 Y77.298
G1 F2400 E4105.5198
G1 F5400 X86.968 Y77.185 E4105.53817
G1 X86.757 Y76.955 E4105.5527
G1 X86.648 Y76.587 E4105.57057
G1 X86.77 Y76.194 E4105.58974
G1 X87.075 Y75.946 E4105.60804
G1 X87.374 Y75.892 E4105.62219
G1 X87.709 Y75.989 E4105.63843
G1 X87.94 Y76.206 E4105.65319
G1 X88.042 Y76.445 E4105.66529
G1 X88.049 Y76.738 E4105.67893
G1 X87.881 Y77.057 E4105.69572
G1 X87.633 Y77.234 E4105.70991
G1 X87.346 Y77.298 E4105.7236
G1 F2400 E4102.7236
G0 F15000 X87.141 Y77.977
G0 X86.63 Y77.759
G0 X84.215 Y75.1
G0 X84.424 Y74.42
G1 F2400 E4105.7236
G1 F5400 X84.058 Y74.308 E4105.74142
G1 X83.847 Y74.091 E4105.75552
G1 X83.753 Y73.842 E4105.76791
G1 X83.753 Y73.596 E4105.77937
G1 X83.855 Y73.323 E4105.79294
G1 X84.06 Y73.132 E4105.80598
G1 X84.292 Y73.034 E4105.81771
G1 X84.586 Y73.028 E4105.8314
G1 X84.926 Y73.205 E4105.84925
G1 X85.089 Y73.446 E4105.8628
G1 X85.14 Y73.695 E4105.87463
G1 X85.096 Y73.965 E4105.88737
G1 X84.946 Y74.206 E4105.90059
G1 X84.705 Y74.367 E4105.91409
G1 X84.424 Y74.42 E4105.9274
G1 F2400 E4102.9274
G0 F15000 X84.215 Y75.1
G0 X84.966 Y74.979
G0 X85.408 Y74.685
G0 X85.701 Y74.245
G0 X85.81 Y73.72
G0 X86.36 Y72.752
G0 X87.139 Y72.176
G0 X87.344 Y71.498
G1 F2400 E4105.9274
G1 F5400 X86.966 Y71.38 E4105.94584
G1 X86.769 Y71.177 E4105.95901
G1 X86.647 Y70.789 E4105.97795
G1 X86.768 Y70.394 E4105.99719
G1 X87.074 Y70.147 E4106.0155
G1 X87.362 Y70.085 E4106.02922
G1 X87.719 Y70.193 E4106.04658
G1 X87.931 Y70.393 E4106.06015
G1 X88.042 Y70.644 E4106.07293
G1 X88.045 Y70.943 E4106.08686
G1 X87.867 Y71.285 E4106.10481
G1 X87.622 Y71.439 E4106.11829
G1 X87.344 Y71.498 E4106.13152
G1 F2400 E4103.13152
G0 F15000 X87.139 Y72.176
G0 X75.35 Y65.979
G0 X75.419 Y65.275
G1 F2400 E4106.13152
G1 F5400 X74.913 Y65.22 E4106.15522
G1 X74.417 Y65.065 E4106.17942
G1 X73.973 Y64.824 E4106.20294
G1 X73.605 Y64.524 E4106.22505
G1 X73.26 Y64.096 E4106.25065
G1 X73.02 Y63.647 E4106.27435
G1 X72.874 Y63.163 E4106.29789
G1 X72.828 Y62.641 E4106.32229
G1 X72.88 Y62.133 E4106.34607
G1 X73.02 Y61.673 E4106.36846
G1 X73.28 Y61.194 E4106.39384
G1 X73.605 Y60.796 E4106.41777
G1 X74.005 Y60.475 E4106.44165
G1 X74.453 Y60.24 E4106.4652
G1 X74.951 Y60.092 E4106.4894
G1 X75.461 Y60.044 E4106.51325
G1 X75.967 Y60.1 E4106.53695
G1 X76.427 Y60.24 E4106.55934
G1 X76.911 Y60.5 E4106.58493
G1 X77.304 Y60.825 E4106.60867
G1 X77.621 Y61.221 E4106.63229
G1 X77.845 Y61.641 E4106.65446
G1 X78.012 Y62.173 E4106.68042
G1 X78.056 Y62.679 E4106.70407
G1 X78.01 Y63.159 E4106.72652
G1 X77.85 Y63.67 E4106.75146
G1 X77.619 Y64.103 E4106.77431
G1 X77.275 Y64.524 E4106.79963
G1 X76.889 Y64.835 E4106.82271
G1 X76.427 Y65.08 E4106.84706
G1 X75.942 Y65.226 E4106.87064
G1 X75.419 Y65.275 E4106.8951
G1 F2400 E4103.8951
G0 F15000 X75.35 Y65.979
G0 X101.207 Y70.562
G0 X101.838 Y70.754
G0 X108.005 Y74.482
G0 X108.077 Y75.217
G0 X108.468 Y76.503
G0 X109.1 Y77.689
G0 X109.951 Y78.726
G0 X110.99 Y79.58
G0 X112.176 Y80.212
G0 X113.463 Y80.603
G0 X114.545 Y80.711
G0 X132.218 Y80.786
G0 X132.288 Y80.08
G1 F2400 E4106.8951
G1 F5400 X131.124 Y79.968 E4106.94955
G1 X129.939 Y79.611 E4107.00718
G1 X128.885 Y79.049 E4107.0628
G1 X127.925 Y78.265 E4107.12052
G1 X127.154 Y77.325 E4107.17713
G1 X126.583 Y76.258 E4107.23348
G1 X126.227 Y75.088 E4107.29042
G1 X126.108 Y73.898 E4107.34611
G1 X126.224 Y72.692 E4107.40253
G1 X126.583 Y71.502 E4107.4604
G1 X127.154 Y70.435 E4107.51675
G1 X127.913 Y69.508 E4107.57254
G1 X128.864 Y68.725 E4107.6299
G1 X129.953 Y68.144 E4107.68738
G1 X131.124 Y67.792 E4107.74431
G1 X132.328 Y67.68 E4107.80062
G1 X133.496 Y67.792 E4107.85526
G1 X134.679 Y68.15 E4107.91281
G1 X135.759 Y68.727 E4107.96983
G1 X136.703 Y69.508 E4108.02688
G1 X137.477 Y70.453 E4108.08375
G1 X138.034 Y71.499 E4108.13894
G1 X138.396 Y72.692 E4108.19699
G1 X138.512 Y73.86 E4108.25164
G1 X138.394 Y75.083 E4108.30885
G1 X138.029 Y76.275 E4108.3669
G1 X137.467 Y77.324 E4108.42232
G1 X136.68 Y78.275 E4108.4798
G1 X135.735 Y79.049 E4108.53668
G1 X134.703 Y79.601 E4108.59117
G1 X133.496 Y79.964 E4108.64986
G1 X132.288 Y80.08 E4108.70637
G1 F2400 E4105.70637
G0 F15000 X132.218 Y80.786
G0 X133.646 Y80.603
G0 X134.934 Y80.212
G0 X136.119 Y79.58
G0 X137.158 Y78.727
G0 X137.925 Y77.793
G0 X144.512 Y65.978
G0 X144.581 Y65.272
G1 F2400 E4108.70637
G1 F5400 X144.077 Y65.22 E4108.72996
G1 X143.581 Y65.065 E4108.75416
G1 X143.148 Y64.831 E4108.77708
G1 X142.74 Y64.495 E4108.80169
G1 X142.432 Y64.116 E4108.82443
G1 X142.192 Y63.676 E4108.84777
G1 X142.032 Y63.147 E4108.8735
G1 X141.988 Y62.641 E4108.89715
G1 X142.04 Y62.133 E4108.92093
G1 X142.18 Y61.673 E4108.94332
G1 X142.44 Y61.193 E4108.96874
G1 X142.769 Y60.796 E4108.99275
G1 X143.165 Y60.479 E4109.01637
G1 X143.617 Y60.24 E4109.04018
G1 X144.117 Y60.092 E4109.06446
G1 X144.619 Y60.048 E4109.08792
G1 X145.127 Y60.1 E4109.1117
G1 X145.623 Y60.255 E4109.1359
G1 X146.071 Y60.5 E4109.15967
G1 X146.435 Y60.796 E4109.18152
G1 X146.785 Y61.225 E4109.2073
G1 X147.02 Y61.673 E4109.23086
G1 X147.168 Y62.169 E4109.25496
G1 X147.212 Y62.679 E4109.2788
G1 X147.166 Y63.167 E4109.30162
G1 X147.005 Y63.683 E4109.32679
G1 X146.785 Y64.095 E4109.34854
G1 X146.435 Y64.524 E4109.37432
G1 X146.039 Y64.841 E4109.39794
G1 X145.587 Y65.08 E4109.42175
G1 X145.087 Y65.228 E4109.44603
G1 X144.581 Y65.272 E4109.46968
G0 F15000 X144.586 Y65.955
;TYPE:FILL
G1 F2700 X149.104 Y70.474 E4109.64821
G0 F15000 X149.104 Y71.039
G1 F2700 X143.96 Y65.895 E4109.85145
G0 F15000 X143.047 Y65.548
G1 F2700 X149.104 Y71.605 E4110.09077
G0 F15000 X149.104 Y72.171
G1 F2700 X135.253 Y58.32 E4110.63804
G0 F15000 X134.688 Y58.32
G1 F2700 X149.104 Y72.737 E4111.20765
G0 F15000 X149.104 Y73.302
G1 F2700 X134.122 Y58.32 E4111.7996
G0 F15000 X133.556 Y58.32
G1 F2700 X149.104 Y73.868 E4112.41392
G0 F15000 X149.104 Y74.434
G1 F2700 X132.991 Y58.32 E4113.05058
G0 F15000 X132.425 Y58.32
G1 F2700 X149.104 Y74.999 E4113.70959
G0 F15000 X149.104 Y75.565
G1 F2700 X131.859 Y58.32 E4114.39095
G0 F15000 X131.293 Y58.32
G1 F2700 X149.104 Y76.131 E4115.09468
G0 F15000 X149.104 Y76.696
G1 F2700 X130.728 Y58.32 E4115.82074
G0 F15000 X130.162 Y58.32
G1 F2700 X149.104 Y77.262 E4116.56916
G0 F15000 X149.104 Y77.828
G1 F2700 X129.596 Y58.32 E4117.33994
G0 F15000 X129.031 Y58.32
G1 F2700 X149.104 Y78.393 E4118.13304
G0 F15000 X149.104 Y78.959
G1 F2700 X128.465 Y58.32 E4118.94851
G0 F15000 X127.899 Y58.32
G1 F2700 X149.104 Y79.525 E4119.78634
G0 F15000 X149.104 Y80.09
G1 F2700 X127.334 Y58.32 E4120.6465
G0 F15000 X126.768 Y58.32
G1 F2700 X149.104 Y80.656 E4121.52901
G0 F15000 X149.104 Y81.222
G1 F2700 X138.143 Y70.26 E4121.96211
G0 F15000 X138.17 Y70.246
G0 X138.745 Y71.391
G0 X138.716 Y71.399
G1 F2700 X149.104 Y81.788 E4122.37257
G0 F15000 X149.104 Y82.353
G1 F2700 X138.966 Y72.215 E4122.77314
G0 F15000 X139.102 Y72.917
G1 F2700 X149.104 Y82.919 E4123.16833
G0 F15000 X149.104 Y83.485
G1 F2700 X139.164 Y73.544 E4123.56109
G0 F15000 X139.173 Y74.119
G1 F2700 X149.104 Y84.05 E4123.95347
G0 F15000 X149.104 Y84.616
G1 F2700 X139.121 Y74.633 E4124.34791
G0 F15000 X139.07 Y75.147
G1 F2700 X149.104 Y85.182 E4124.74438
G0 F15000 X149.104 Y85.747
G1 F2700 X138.946 Y75.59 E4125.14572
G0 F15000 X138.815 Y76.024
G1 F2700 X149.104 Y86.313 E4125.55224
G0 F15000 X149.104 Y86.879
G1 F2700 X138.683 Y76.458 E4125.96399
G0 F15000 X138.495 Y76.836
G1 F2700 X149.104 Y87.444 E4126.38314
G0 F15000 X149.104 Y88.01
G1 F2700 X138.298 Y77.204 E4126.8101
G0 F15000 X138.101 Y77.572
G1 F2700 X149.104 Y88.576 E4127.24486
G0 F15000 X149.104 Y89.141
G1 F2700 X137.866 Y77.903 E4127.68888
G0 F15000 X137.611 Y78.214
G1 F2700 X149.104 Y89.707 E4128.14298
G0 F15000 X149.104 Y90.273
G1 F2700 X137.355 Y78.524 E4128.6072
G0 F15000 X137.085 Y78.819
G1 F2700 X149.104 Y90.838 E4129.08208
G0 F15000 X149.104 Y91.404
G1 F2700 X136.776 Y79.076 E4129.56917
G0 F15000 X136.466 Y79.332
G1 F2700 X149.104 Y91.97 E4130.06851
G0 F15000 X149.104 Y92.536
G1 F2700 X136.157 Y79.588 E4130.58008
G0 F15000 X135.793 Y79.79
G1 F2700 X149.104 Y93.101 E4131.10601
G0 F15000 X149.104 Y93.667
G1 F2700 X135.424 Y79.987 E4131.64652
G0 F15000 X135.056 Y80.184
G1 F2700 X149.104 Y94.233 E4132.20159
G0 F15000 X149.104 Y94.798
G1 F2700 X134.639 Y80.333 E4132.77312
G0 F15000 X134.203 Y80.463
G1 F2700 X149.104 Y95.364 E4133.36188
G0 F15000 X149.104 Y95.93
G1 F2700 X133.768 Y80.594 E4133.96782
G0 F15000 X133.274 Y80.665
G1 F2700 X149.104 Y96.495 E4134.59328
G0 F15000 X149.104 Y97.061
G1 F2700 X132.759 Y80.716 E4135.23908
G0 F15000 X132.23 Y80.752
G1 F2700 X149.104 Y97.627 E4135.90581
G0 F15000 X149.104 Y98.192
G1 F2700 X131.605 Y80.693 E4136.59722
G0 F15000 X130.98 Y80.634
G1 F2700 X149.104 Y98.758 E4137.31331
G0 F15000 X149.104 Y99.324
G1 F2700 X130.17 Y80.39 E4138.06142
G0 F15000 X130.161 Y80.418
G0 X129.185 Y80.013
G0 X129.2 Y79.986
G1 F2700 X149.104 Y99.889 E4138.84782
G0 F15000 X149.104 Y100.455
G1 F2700 X121.589 Y72.94 E4139.93497
G0 F15000 X121.653 Y73.57
G1 F2700 X149.104 Y101.021 E4141.01959
G0 F15000 X149.104 Y101.586
G1 F2700 X121.658 Y74.141 E4142.10399
G0 F15000 X121.608 Y74.656
G1 F2700 X149.104 Y102.152 E4143.19038
G0 F15000 X149.104 Y102.718
G1 F2700 X121.557 Y75.171 E4144.27879
G0 F15000 X121.433 Y75.612
G1 F2700 X149.104 Y103.284 E4145.37212
G0 F15000 X149.104 Y103.849
G1 F2700 X121.301 Y76.047 E4146.47063
G0 F15000 X121.169 Y76.48
G1 F2700 X149.104 Y104.415 E4147.57437
G0 F15000 X149.104 Y104.981
G1 F2700 X120.977 Y76.854 E4148.68569
G0 F15000 X120.78 Y77.222
G1 F2700 X149.104 Y105.546 E4149.8048
G0 F15000 X149.104 Y106.112
G1 F2700 X120.583 Y77.591 E4150.9317
G0 F15000 X120.345 Y77.918
G1 F2700 X149.104 Y106.678 E4152.06801
G0 F15000 X149.104 Y107.243
G1 F2700 X120.088 Y78.227 E4153.21447
G0 F15000 X119.831 Y78.536
G1 F2700 X149.104 Y107.809 E4154.37107
G0 F15000 X149.104 Y108.375
G1 F2700 X119.56 Y78.83 E4155.53841
G0 F15000 X119.251 Y79.087
G1 F2700 X149.104 Y108.94 E4156.71793
G0 F15000 X149.104 Y109.506
G1 F2700 X128.476 Y88.878 E4157.53296
G0 F15000 X128.196 Y88.598
G92 E0
G1 F2700 X118.941 Y79.343 E0.36567
G0 F15000 X118.632 Y79.6
G1 F2700 X127.503 Y88.47 E0.71616
G0 F15000 X126.937 Y88.47
G1 F2700 X118.265 Y79.798 E1.0588
G0 F15000 X117.896 Y79.995
G1 F2700 X126.371 Y88.47 E1.39365
G0 F15000 X125.806 Y88.47
G1 F2700 X117.528 Y80.192 E1.72072
G0 F15000 X117.109 Y80.339
G1 F2700 X125.24 Y88.47 E2.04199
G0 F15000 X124.674 Y88.47
G1 F2700 X116.675 Y80.471 E2.35804
G0 F15000 X116.24 Y80.602
G1 F2700 X124.109 Y88.47 E2.66893
G0 F15000 X123.543 Y88.47
G1 F2700 X115.743 Y80.67 E2.97712
G0 F15000 X115.227 Y80.72
G1 F2700 X122.977 Y88.47 E3.28333
G0 F15000 X122.411 Y88.47
G1 F2700 X114.692 Y80.751 E3.58831
G0 F15000 X114.069 Y80.694
G1 F2700 X121.846 Y88.47 E3.89557
G0 F15000 X121.28 Y88.47
G1 F2700 X113.44 Y80.631 E4.20532
G0 F15000 X112.627 Y80.383
G1 F2700 X120.714 Y88.47 E4.52484
G0 F15000 X120.149 Y88.47
G1 F2700 X111.644 Y79.965 E4.86088
G0 F15000 X111.63 Y79.99
G0 X110.99 Y79.58
G0 X109.951 Y78.726
G0 X109.469 Y78.138
G0 X108.693 Y77.055
G0 X108.72 Y77.041
G1 F2700 X89.998 Y58.32 E5.60059
G0 F15000 X89.433 Y58.32
G1 F2700 X101.833 Y70.721 E6.09055
G0 F15000 X101.063 Y70.516
G1 F2700 X88.867 Y58.32 E6.57242
G0 F15000 X88.301 Y58.32
G1 F2700 X100.454 Y70.473 E7.0526
G0 F15000 X99.942 Y70.527
G1 F2700 X87.736 Y58.32 E7.53489
G0 F15000 X87.17 Y58.32
G1 F2700 X99.501 Y70.651 E8.0221
G0 F15000 X99.095 Y70.811
G1 F2700 X86.604 Y58.32 E8.51563
G0 F15000 X86.039 Y58.32
G1 F2700 X98.727 Y71.008 E9.01695
G0 F15000 X98.41 Y71.257
G1 F2700 X85.473 Y58.32 E9.5281
G0 F15000 X84.907 Y58.32
G1 F2700 X98.112 Y71.525 E10.04985
G0 F15000 X97.855 Y71.834
G1 F2700 X84.342 Y58.32 E10.58378
G0 F15000 X83.776 Y58.32
G1 F2700 X97.631 Y72.175 E11.1312
G0 F15000 X97.432 Y72.542
G1 F2700 X83.21 Y58.32 E11.69313
G0 F15000 X82.645 Y58.32
G1 F2700 X97.3 Y72.976 E12.27218
G0 F15000 X97.21 Y73.451
G1 F2700 X82.079 Y58.32 E12.87002
G0 F15000 X81.513 Y58.32
G1 F2700 X97.183 Y73.99 E13.48916
G0 F15000 X97.28 Y74.653
G1 F2700 X80.947 Y58.32 E14.1345
G0 F15000 X80.382 Y58.32
G1 F2700 X97.683 Y75.622 E14.8181
G0 F15000 X97.656 Y75.636
G0 X98.771 Y76.748
G0 X98.785 Y76.723
G1 F2700 X110.532 Y88.47 E15.28223
G0 F15000 X109.966 Y88.47
G1 F2700 X79.816 Y58.32 E16.47349
G0 F15000 X79.25 Y58.32
G1 F2700 X109.401 Y88.471 E17.66479
G0 F15000 X108.836 Y88.471
G1 F2700 X78.685 Y58.32 E18.85608
G0 F15000 X78.119 Y58.32
G1 F2700 X108.27 Y88.471 E20.04738
G0 F15000 X107.704 Y88.471
G1 F2700 X77.553 Y58.32 E21.23868
G0 F15000 X76.988 Y58.32
G1 F2700 X107.139 Y88.471 E22.42997
G0 F15000 X106.573 Y88.471
G1 F2700 X91.594 Y73.492 E23.02181
G0 F15000 X91.574 Y74.038
G1 F2700 X106.007 Y88.471 E23.59207
G0 F15000 X105.442 Y88.471
G1 F2700 X91.404 Y74.434 E24.14671
G0 F15000 X91.156 Y74.751
G1 F2700 X104.876 Y88.471 E24.6888
G0 F15000 X104.31 Y88.471
G1 F2700 X90.817 Y74.978 E25.22192
G0 F15000 X90.365 Y75.092
G1 F2700 X103.745 Y88.471 E25.75056
G0 F15000 X103.179 Y88.471
G1 F2700 X89.665 Y74.957 E26.28451
G0 F15000 X88.96 Y74.253
G1 F2700 X88.767 Y74.059 E26.29216
G0 F15000 X88.542 Y74.4
G1 F2700 X102.613 Y88.471 E26.84812
G0 F15000 X102.048 Y88.471
G1 F2700 X88.286 Y74.709 E27.39187
G0 F15000 X87.954 Y74.943
G1 F2700 X101.482 Y88.471 E27.92637
G0 F15000 X100.916 Y88.471
G1 F2700 X88.683 Y76.237 E28.40973
G0 F15000 X88.711 Y76.831
G1 F2700 X100.35 Y88.471 E28.86962
G0 F15000 X99.785 Y88.471
G1 F2700 X88.552 Y77.239 E29.31343
G0 F15000 X88.33 Y77.582
G1 F2700 X99.219 Y88.471 E29.74366
G0 F15000 X98.653 Y88.471
G1 F2700 X87.99 Y77.808 E30.16497
G0 F15000 X87.562 Y77.946
G1 F2700 X98.088 Y88.471 E30.58084
G0 F15000 X97.522 Y88.471
G1 F2700 X86.936 Y77.885 E30.99911
G0 F15000 X86.928 Y77.912
G0 X86.63 Y77.759
G0 X86.276 Y77.405
G0 X86.037 Y77.018
G0 X86.063 Y77.012
G1 F2700 X84.08 Y75.029 E31.07746
G0 F15000 X84.683 Y75.066
G1 F2700 X86.002 Y76.385 E31.12957
G0 F15000 X86.13 Y75.948
G1 F2700 X85.105 Y74.923 E31.17007
G0 F15000 X85.433 Y74.685
G1 F2700 X86.381 Y75.633 E31.20753
G0 F15000 X86.705 Y75.391
G1 F2700 X85.665 Y74.352 E31.2486
G0 F15000 X85.974 Y74.094
G1 F2700 X85.886 Y74.007 E31.25205
G0 F15000 X86.125 Y73.114
G1 F2700 X77.876 Y64.865 E31.57798
G0 F15000 X77.588 Y65.143
G1 F2700 X84.856 Y72.411 E31.86515
G0 F15000 X84.226 Y72.346
G1 F2700 X77.275 Y65.396 E32.13977
G0 F15000 X76.91 Y65.596
G1 F2700 X83.815 Y72.501 E32.41259
G0 F15000 X83.488 Y72.74
G1 F2700 X76.512 Y65.764 E32.68822
G0 F15000 X76.075 Y65.892
G1 F2700 X83.232 Y73.05 E32.97102
G0 F15000 X83.077 Y73.461
G1 F2700 X75.566 Y65.949 E33.26781
G0 F15000 X74.963 Y65.912
G1 F2700 X83.105 Y74.054 E33.58951
G0 F15000 X83.071 Y74.067
G0 X83.103 Y73.454
G0 X83.307 Y72.961
G0 X83.684 Y72.584
G0 X84.177 Y72.38
G0 X84.643 Y72.381
G0 X86.297 Y72.741
G0 X86.345 Y72.768
G1 F2700 X78.131 Y64.555 E33.91403
G0 F15000 X78.338 Y64.196
G1 F2700 X86.657 Y72.515 E34.24272
G0 F15000 X87.017 Y72.309
G1 F2700 X86.72 Y72.012 E34.25446
G0 F15000 X86.129 Y71.421
G1 F2700 X78.515 Y63.807 E34.5553
G0 F15000 X78.654 Y63.38
G1 F2700 X85.989 Y70.716 E34.84513
G0 F15000 X86.098 Y70.259
G1 F2700 X78.717 Y62.878 E35.13676
G0 F15000 X78.706 Y62.301
G1 F2700 X86.308 Y69.903 E35.43712
G0 F15000 X86.614 Y69.644
G1 F2700 X78.537 Y61.566 E35.75627
G0 F15000 X78.567 Y61.557
G0 X78.16 Y60.846
G0 X77.752 Y60.349
G0 X77.472 Y60.119
G0 X76.537 Y59.534
G0 X76.529 Y59.559
G1 F2700 X75.291 Y58.32 E35.80521
G0 F15000 X75.856 Y58.32
G1 F2700 X87.005 Y69.468 E36.2457
G0 F15000 X87.532 Y69.43
G1 F2700 X76.422 Y58.32 E36.68466
G0 F15000 X76.422 Y58.351
G0 X75.802 Y59.37
G0 X75.8 Y59.395
G1 F2700 X74.725 Y58.32 E36.72714
G0 F15000 X74.159 Y58.32
G1 F2700 X75.22 Y59.381 E36.76906
G0 F15000 X74.721 Y59.448
G1 F2700 X73.594 Y58.32 E36.81361
G0 F15000 X73.028 Y58.32
G1 F2700 X74.287 Y59.579 E36.86335
G0 F15000 X73.901 Y59.759
G1 F2700 X72.462 Y58.32 E36.92021
G0 F15000 X71.896 Y58.32
G1 F2700 X73.544 Y59.968 E36.98532
G0 F15000 X73.232 Y60.221
G1 F2700 X71.331 Y58.32 E37.06043
G0 F15000 X70.892 Y58.447
G1 F2700 X72.957 Y60.512 E37.14202
G0 F15000 X72.704 Y60.825
G1 F2700 X70.892 Y59.012 E37.21364
G0 F15000 X70.892 Y59.578
G1 F2700 X72.504 Y61.19 E37.27733
G0 F15000 X72.336 Y61.588
G1 F2700 X70.892 Y60.144 E37.33438
G0 F15000 X70.892 Y60.709
G1 F2700 X72.204 Y62.022 E37.38624
G0 F15000 X72.159 Y62.542
G1 F2700 X70.892 Y61.275 E37.4363
G0 F15000 X70.892 Y61.841
G1 F2700 X72.191 Y63.14 E37.48763
G0 F15000 X72.386 Y63.901
G1 F2700 X70.892 Y62.406 E37.54667
G0 F15000 X70.892 Y62.972
G1 F2700 X96.391 Y88.471 E38.55417
G0 F15000 X96.956 Y88.471
G1 F2700 X74.199 Y65.714 E39.45332
G0 F15000 X74.19 Y65.741
G0 X70.925 Y65.801
G0 X70.892 Y65.801
G1 F2700 X93.562 Y88.471 E40.34903
G0 F15000 X92.997 Y88.471
G1 F2700 X70.892 Y66.366 E41.22243
G0 F15000 X70.892 Y66.932
G1 F2700 X92.431 Y88.471 E42.07345
G0 F15000 X91.879 Y88.485
G1 F2700 X70.892 Y67.498 E42.90267
G0 F15000 X70.892 Y68.063
G1 F2700 X91.491 Y88.663 E43.71658
G0 F15000 X91.242 Y88.979
G1 F2700 X70.892 Y68.629 E44.52063
G0 F15000 X70.892 Y69.195
G1 F2700 X91.146 Y89.449 E45.32088
G0 F15000 X91.146 Y90.015
G1 F2700 X70.892 Y69.76 E46.12116
G0 F15000 X70.892 Y70.326
G1 F2700 X91.146 Y90.58 E46.92142
G0 F15000 X91.146 Y91.146
G1 F2700 X70.892 Y70.892 E47.72167
G0 F15000 X70.892 Y71.457
G1 F2700 X91.146 Y91.712 E48.52195
G0 F15000 X91.146 Y92.277
G1 F2700 X70.892 Y72.023 E49.3222
G0 F15000 X70.892 Y72.589
G1 F2700 X91.146 Y92.843 E50.12246
G0 F15000 X91.146 Y93.409
G1 F2700 X70.892 Y73.154 E50.92274
G0 F15000 X70.892 Y73.72
G1 F2700 X91.146 Y93.974 E51.72299
G0 F15000 X91.146 Y94.54
G1 F2700 X70.892 Y74.286 E52.52325
G0 F15000 X70.892 Y74.851
G1 F2700 X91.146 Y95.106 E53.32353
G0 F15000 X91.146 Y95.672
G1 F2700 X70.892 Y75.417 E54.1238
G0 F15000 X70.892 Y75.983
G1 F2700 X91.146 Y96.237 E54.92406
G0 F15000 X91.146 Y96.803
G1 F2700 X70.892 Y76.549 E55.72431
G0 F15000 X70.892 Y77.114
G1 F2700 X91.146 Y97.369 E56.52459
G0 F15000 X91.146 Y97.934
G1 F2700 X70.892 Y77.68 E57.32485
G0 F15000 X70.892 Y78.246
G1 F2700 X91.146 Y98.5 E58.1251
G0 F15000 X91.146 Y99.066
G1 F2700 X70.892 Y78.811 E58.92538
G0 F15000 X70.892 Y79.377
G1 F2700 X91.146 Y99.631 E59.72564
G0 F15000 X91.146 Y100.197
G1 F2700 X70.892 Y79.943 E60.52589
G0 F15000 X70.892 Y80.508
G1 F2700 X91.146 Y100.763 E61.32617
G0 F15000 X91.146 Y101.328
G1 F2700 X70.892 Y81.074 E62.12642
G0 F15000 X70.892 Y81.64
G1 F2700 X91.146 Y101.894 E62.92668
G0 F15000 X91.146 Y102.46
G1 F2700 X70.892 Y82.205 E63.72696
G0 F15000 X70.892 Y82.771
G1 F2700 X91.146 Y103.025 E64.52721
G0 F15000 X91.146 Y103.591
G1 F2700 X70.892 Y83.337 E65.32747
G0 F15000 X70.892 Y83.902
G1 F2700 X91.146 Y104.157 E66.12775
G0 F15000 X91.146 Y104.723
G1 F2700 X70.892 Y84.468 E66.92802
G0 F15000 X70.892 Y85.034
G1 F2700 X91.146 Y105.288 E67.72828
G0 F15000 X91.146 Y105.854
G1 F2700 X70.892 Y85.6 E68.52853
G0 F15000 X70.892 Y86.165
G1 F2700 X91.146 Y106.42 E69.32881
G0 F15000 X91.146 Y106.985
G1 F2700 X70.892 Y86.731 E70.12907
G0 F15000 X70.892 Y87.297
G1 F2700 X91.146 Y107.551 E70.92932
G0 F15000 X91.146 Y108.117
G1 F2700 X70.892 Y87.862 E71.7296
G0 F15000 X70.892 Y88.428
G1 F2700 X91.146 Y108.682 E72.52985
G0 F15000 X91.146 Y109.248
G1 F2700 X70.892 Y88.994 E73.33011
G0 F15000 X70.892 Y89.559
G1 F2700 X91.146 Y109.814 E74.13039
G0 F15000 X91.146 Y110.379
G1 F2700 X70.892 Y90.125 E74.93064
G0 F15000 X70.892 Y90.691
G1 F2700 X91.146 Y110.945 E75.7309
G0 F15000 X91.146 Y111.511
G1 F2700 X70.892 Y91.256 E76.53118
G0 F15000 X70.892 Y91.822
G1 F2700 X91.146 Y112.076 E77.33143
G0 F15000 X91.146 Y112.642
G1 F2700 X70.892 Y92.388 E78.13169
G0 F15000 X70.892 Y92.953
G1 F2700 X91.146 Y113.208 E78.93196
G0 F15000 X91.146 Y113.773
G1 F2700 X70.892 Y93.519 E79.73222
G0 F15000 X70.892 Y94.085
G1 F2700 X91.146 Y114.339 E80.53248
G0 F15000 X91.146 Y114.905
G1 F2700 X70.892 Y94.65 E81.33275
G0 F15000 X70.892 Y95.216
G1 F2700 X91.146 Y115.471 E82.13303
G0 F15000 X91.146 Y116.036
G1 F2700 X70.892 Y95.782 E82.93329
G0 F15000 X70.892 Y96.348
G1 F2700 X91.146 Y116.602 E83.73354
G0 F15000 X91.146 Y117.168
G1 F2700 X70.892 Y96.913 E84.53382
G0 F15000 X70.892 Y97.479
G1 F2700 X91.146 Y117.733 E85.33407
G0 F15000 X91.146 Y118.299
G1 F2700 X70.892 Y98.045 E86.13433
G0 F15000 X70.892 Y98.61
G1 F2700 X91.146 Y118.865 E86.93461
G0 F15000 X91.146 Y119.43
G1 F2700 X70.892 Y99.176 E87.73486
G0 F15000 X70.892 Y99.742
G1 F2700 X91.146 Y119.996 E88.53512
G0 F15000 X91.146 Y120.562
G1 F2700 X70.892 Y100.307 E89.33539
G0 F15000 X70.892 Y100.873
G1 F2700 X91.146 Y121.127 E90.13565
G0 F15000 X91.146 Y121.693
G1 F2700 X70.892 Y101.439 E90.93591
G0 F15000 X70.892 Y102.004
G1 F2700 X91.146 Y122.259 E91.73618
G0 F15000 X91.146 Y122.824
G1 F2700 X70.892 Y102.57 E92.53644
G0 F15000 X70.892 Y103.136
G1 F2700 X91.146 Y123.39 E93.3367
G0 F15000 X91.146 Y123.956
G1 F2700 X70.892 Y103.701 E94.13697
G0 F15000 X70.892 Y104.267
G1 F2700 X128.3 Y161.676 E96.40524
G0 F15000 X127.735 Y161.676
G1 F2700 X70.892 Y104.833 E98.65117
G0 F15000 X70.892 Y105.399
G1 F2700 X127.169 Y161.676 E100.87473
G0 F15000 X126.603 Y161.676
G1 F2700 X70.892 Y105.964 E103.07595
G0 F15000 X70.892 Y106.53
G1 F2700 X126.038 Y161.676 E105.25482
G0 F15000 X125.472 Y161.676
G1 F2700 X70.892 Y107.096 E107.41133
G0 F15000 X70.892 Y107.661
G1 F2700 X124.906 Y161.676 E109.5455
G0 F15000 X124.34 Y161.676
G1 F2700 X70.892 Y108.227 E111.65731
G0 F15000 X70.892 Y108.793
G1 F2700 X123.775 Y161.676 E113.74677
G0 F15000 X123.209 Y161.676
G1 F2700 X70.892 Y109.358 E115.81389
G0 F15000 X70.892 Y109.924
G1 F2700 X122.643 Y161.676 E117.85864
G0 F15000 X122.078 Y161.676
G1 F2700 X70.892 Y110.49 E119.88105
G0 F15000 X70.892 Y111.055
G1 F2700 X121.512 Y161.676 E121.88112
G0 F15000 X120.946 Y161.676
G1 F2700 X70.892 Y111.621 E123.85882
G0 F15000 X70.892 Y112.187
G1 F2700 X120.381 Y161.676 E125.81419
G0 F15000 X119.815 Y161.676
G1 F2700 X70.892 Y112.752 E127.7472
G0 F15000 X70.892 Y113.318
G1 F2700 X119.249 Y161.676 E129.65786
G0 F15000 X118.684 Y161.676
G1 F2700 X70.892 Y113.884 E131.54617
G0 F15000 X70.892 Y114.449
G1 F2700 X118.118 Y161.676 E133.41214
G0 F15000 X117.552 Y161.676
G1 F2700 X70.892 Y115.015 E135.25574
G0 F15000 X70.892 Y115.581
G1 F2700 X116.987 Y161.676 E137.077
G0 F15000 X116.421 Y161.676
G1 F2700 X70.892 Y116.147 E138.8759
G0 F15000 X70.892 Y116.712
G1 F2700 X115.855 Y161.676 E140.65245
G0 F15000 X115.29 Y161.676
G1 F2700 X70.892 Y117.278 E142.40666
G0 F15000 X70.892 Y117.844
G1 F2700 X114.724 Y161.676 E144.13851
G0 F15000 X114.158 Y161.676
G1 F2700 X70.892 Y118.409 E145.84801
G0 F15000 X70.892 Y118.975
G1 F2700 X113.592 Y161.676 E147.53515
G0 F15000 X113.027 Y161.676
G1 F2700 X70.892 Y119.541 E149.19995
G0 F15000 X70.892 Y120.106
G1 F2700 X112.461 Y161.676 E150.8424
G0 F15000 X111.895 Y161.676
G1 F2700 X70.892 Y120.672 E152.46249
G0 F15000 X70.892 Y121.238
G1 F2700 X111.33 Y161.676 E154.06024
G0 F15000 X110.764 Y161.676
G1 F2700 X70.892 Y121.803 E155.63564
G0 F15000 X70.892 Y122.369
G1 F2700 X110.198 Y161.676 E157.18868
G0 F15000 X109.633 Y161.676
G1 F2700 X70.892 Y122.935 E158.71938
G0 F15000 X70.892 Y123.5
G1 F2700 X109.067 Y161.676 E160.22773
G0 F15000 X108.501 Y161.676
G1 F2700 X70.892 Y124.066 E161.71372
G0 F15000 X70.892 Y124.632
G1 F2700 X107.936 Y161.676 E163.17737
G0 F15000 X107.37 Y161.676
G1 F2700 X70.892 Y125.197 E164.61867
G0 F15000 X70.892 Y125.763
G1 F2700 X106.804 Y161.676 E166.03761
G0 F15000 X106.239 Y161.676
G1 F2700 X70.892 Y126.329 E167.43421
G0 F15000 X70.892 Y126.895
G1 F2700 X105.673 Y161.676 E168.80844
G0 F15000 X105.107 Y161.676
G1 F2700 X70.892 Y127.46 E170.16033
G0 F15000 X70.892 Y128.026
G1 F2700 X104.541 Y161.676 E171.48986
G0 F15000 X103.976 Y161.676
G1 F2700 X70.892 Y128.592 E172.79704
G0 F15000 X70.892 Y129.157
G1 F2700 X103.41 Y161.676 E174.08188
G0 F15000 X102.844 Y161.676
G1 F2700 X70.892 Y129.723 E175.34436
G0 F15000 X70.892 Y130.289
G1 F2700 X102.279 Y161.676 E176.58449
G0 F15000 X101.713 Y161.676
G1 F2700 X70.892 Y130.854 E177.80228
G0 F15000 X70.892 Y131.42
G1 F2700 X101.147 Y161.676 E178.9977
G0 F15000 X100.582 Y161.676
G1 F2700 X70.892 Y131.986 E180.17079
G0 F15000 X70.892 Y132.551
G1 F2700 X100.016 Y161.676 E181.32152
G0 F15000 X99.45 Y161.676
G1 F2700 X70.892 Y133.117 E182.4499
G0 F15000 X70.892 Y133.683
G1 F2700 X98.885 Y161.676 E183.55593
G0 F15000 X98.319 Y161.676
G1 F2700 X70.892 Y134.248 E184.63962
G0 F15000 X70.892 Y134.814
G1 F2700 X97.753 Y161.676 E185.70095
G0 F15000 X97.188 Y161.676
G1 F2700 X70.892 Y135.38 E186.73993
G0 F15000 X70.892 Y135.946
G1 F2700 X96.622 Y161.676 E187.75655
G0 F15000 X96.056 Y161.676
G1 F2700 X70.892 Y136.511 E188.75082
G0 F15000 X70.892 Y137.077
G1 F2700 X95.491 Y161.676 E189.72275
G0 F15000 X94.925 Y161.676
G1 F2700 X70.892 Y137.643 E190.67232
G0 F15000 X70.892 Y138.208
G1 F2700 X94.359 Y161.676 E191.59955
G0 F15000 X93.793 Y161.676
G1 F2700 X70.892 Y138.774 E192.50441
G0 F15000 X70.892 Y139.34
G1 F2700 X93.228 Y161.676 E193.38693
G0 F15000 X92.662 Y161.676
G1 F2700 X70.892 Y139.905 E194.2471
G0 F15000 X70.892 Y140.471
G1 F2700 X92.096 Y161.676 E195.08491
G0 F15000 X91.531 Y161.676
G1 F2700 X70.892 Y141.037 E195.90038
G0 F15000 X70.892 Y141.602
G1 F2700 X90.965 Y161.676 E196.69351
G0 F15000 X90.399 Y161.676
G1 F2700 X70.892 Y142.168 E197.46427
G0 F15000 X70.892 Y142.734
G1 F2700 X89.834 Y161.676 E198.21269
G0 F15000 X89.268 Y161.676
G1 F2700 X70.892 Y143.299 E198.93876
G0 F15000 X70.892 Y143.865
G1 F2700 X88.702 Y161.676 E199.64247
G0 F15000 X88.137 Y161.676
G1 F2700 X70.892 Y144.431 E200.32384
G0 F15000 X70.892 Y144.996
G1 F2700 X87.571 Y161.676 E200.98286
G0 F15000 X87.005 Y161.676
G1 F2700 X70.892 Y145.562 E201.61952
G0 F15000 X70.892 Y146.128
G1 F2700 X86.44 Y161.676 E202.23384
G0 F15000 X85.874 Y161.676
G1 F2700 X70.892 Y146.694 E202.8258
G0 F15000 X70.892 Y147.259
G1 F2700 X85.308 Y161.676 E203.39541
G0 F15000 X84.743 Y161.676
G1 F2700 X70.892 Y147.825 E203.94267
G0 F15000 X70.892 Y148.391
G1 F2700 X84.177 Y161.676 E204.46758
G0 F15000 X83.611 Y161.676
G1 F2700 X70.892 Y148.956 E204.97014
G0 F15000 X70.892 Y149.522
G1 F2700 X83.045 Y161.676 E205.45033
G0 F15000 X82.48 Y161.676
G1 F2700 X70.892 Y150.088 E205.90819
G0 F15000 X70.892 Y150.653
G1 F2700 X81.914 Y161.676 E206.3437
G0 F15000 X81.348 Y161.676
G1 F2700 X70.892 Y151.219 E206.75685
G0 F15000 X70.892 Y151.785
G1 F2700 X80.783 Y161.676 E207.14765
G0 F15000 X80.217 Y161.676
G1 F2700 X70.892 Y152.35 E207.51611
G0 F15000 X70.892 Y152.916
G1 F2700 X79.651 Y161.676 E207.86221
G0 F15000 X79.086 Y161.676
G1 F2700 X70.892 Y153.482 E208.18596
G0 F15000 X70.892 Y154.047
G1 F2700 X78.52 Y161.676 E208.48737
G0 F15000 X77.954 Y161.676
G1 F2700 X70.892 Y154.613 E208.76642
G0 F15000 X70.892 Y155.179
G1 F2700 X77.389 Y161.676 E209.02312
G0 F15000 X76.823 Y161.676
G1 F2700 X70.892 Y155.745 E209.25746
G0 F15000 X70.892 Y156.31
G1 F2700 X76.257 Y161.676 E209.46946
G0 F15000 X75.692 Y161.676
G1 F2700 X70.892 Y156.876 E209.65911
G0 F15000 X70.892 Y157.442
G1 F2700 X75.126 Y161.676 E209.8264
G0 F15000 X74.56 Y161.676
G1 F2700 X70.892 Y158.007 E209.97134
G0 F15000 X70.892 Y158.573
G1 F2700 X73.994 Y161.676 E210.09393
G0 F15000 X73.429 Y161.676
G1 F2700 X70.892 Y159.139 E210.19417
G0 F15000 X70.892 Y159.704
G1 F2700 X72.863 Y161.676 E210.27206
G0 F15000 X72.297 Y161.676
G1 F2700 X70.892 Y160.27 E210.3276
G0 F15000 X70.892 Y160.836
G1 F2700 X71.732 Y161.676 E210.36078
G0 F15000 X71.166 Y161.676
G1 F2700 X70.892 Y161.401 E210.37163
G1 F2400 E207.37163
G0 F15000 X70.925 Y161.401
G0 X92.094 Y124.935
G0 X92.094 Y124.904
G1 F2400 E210.37163
G1 F2700 X128.866 Y161.676 E211.82453
G0 F15000 X129.432 Y161.676
G1 F2700 X92.66 Y124.904 E213.27743
G0 F15000 X93.226 Y124.904
G1 F2700 X129.997 Y161.676 E214.73031
G0 F15000 X130.563 Y161.676
G1 F2700 X93.791 Y124.904 E216.18321
G0 F15000 X94.357 Y124.904
G1 F2700 X131.129 Y161.676 E217.63611
G0 F15000 X131.694 Y161.676
G1 F2700 X94.923 Y124.904 E219.08899
G0 F15000 X95.488 Y124.904
G1 F2700 X132.26 Y161.676 E220.54189
G0 F15000 X132.826 Y161.676
G1 F2700 X96.054 Y124.904 E221.99479
G0 F15000 X96.62 Y124.904
G1 F2700 X133.391 Y161.676 E223.44767
G0 F15000 X133.957 Y161.676
G1 F2700 X97.185 Y124.904 E224.90057
G0 F15000 X97.751 Y124.904
G1 F2700 X134.523 Y161.676 E226.35346
G0 F15000 X135.089 Y161.676
G1 F2700 X98.317 Y124.904 E227.80636
G0 F15000 X98.883 Y124.904
G1 F2700 X135.654 Y161.676 E229.25924
G0 F15000 X136.22 Y161.676
G1 F2700 X99.448 Y124.904 E230.71214
G0 F15000 X100.014 Y124.904
G1 F2700 X136.786 Y161.676 E232.16504
G0 F15000 X137.351 Y161.676
G1 F2700 X100.58 Y124.904 E233.61792
G0 F15000 X101.145 Y124.904
G1 F2700 X137.917 Y161.676 E235.07082
G0 F15000 X138.483 Y161.676
G1 F2700 X101.711 Y124.904 E236.52372
G0 F15000 X102.277 Y124.904
G1 F2700 X139.048 Y161.676 E237.9766
G0 F15000 X139.614 Y161.676
G1 F2700 X102.842 Y124.904 E239.4295
G0 F15000 X103.408 Y124.904
G1 F2700 X140.18 Y161.676 E240.8824
G0 F15000 X140.745 Y161.676
G1 F2700 X103.974 Y124.904 E242.33528
G0 F15000 X104.539 Y124.904
G1 F2700 X141.311 Y161.676 E243.78818
G0 F15000 X141.877 Y161.676
G1 F2700 X105.105 Y124.904 E245.24108
G0 F15000 X105.671 Y124.904
G1 F2700 X142.442 Y161.676 E246.69396
G0 F15000 X143.008 Y161.676
G1 F2700 X106.236 Y124.904 E248.14686
G0 F15000 X106.802 Y124.904
G1 F2700 X143.574 Y161.676 E249.59976
G0 F15000 X144.139 Y161.676
G1 F2700 X107.368 Y124.904 E251.05264
G0 F15000 X107.933 Y124.904
G1 F2700 X144.705 Y161.676 E252.50554
G0 F15000 X145.271 Y161.676
G1 F2700 X108.499 Y124.904 E253.95843
G0 F15000 X109.065 Y124.904
G1 F2700 X145.837 Y161.676 E255.41133
G0 F15000 X146.402 Y161.676
G1 F2700 X109.631 Y124.904 E256.86421
G0 F15000 X110.196 Y124.904
G1 F2700 X146.968 Y161.676 E258.31711
G0 F15000 X147.534 Y161.676
G1 F2700 X110.762 Y124.904 E259.77001
G0 F15000 X111.328 Y124.904
G1 F2700 X148.099 Y161.676 E261.22289
G0 F15000 X148.665 Y161.676
G1 F2700 X111.893 Y124.904 E262.67579
G0 F15000 X112.459 Y124.904
G1 F2700 X149.104 Y161.549 E264.12367
G0 F15000 X149.104 Y160.983
G1 F2700 X113.025 Y124.904 E265.54919
G0 F15000 X113.59 Y124.904
G1 F2700 X149.104 Y160.418 E266.95239
G0 F15000 X149.104 Y159.852
G1 F2700 X114.156 Y124.904 E268.33322
G0 F15000 X114.722 Y124.904
G1 F2700 X149.104 Y159.286 E269.69169
G0 F15000 X149.104 Y158.721
G1 F2700 X115.287 Y124.904 E271.02783
G0 F15000 X115.853 Y124.904
G1 F2700 X149.104 Y158.155 E272.34161
G0 F15000 X149.104 Y157.589
G1 F2700 X116.419 Y124.904 E273.63303
G0 F15000 X116.984 Y124.904
G1 F2700 X149.104 Y157.024 E274.90212
G0 F15000 X149.104 Y156.458
G1 F2700 X117.55 Y124.904 E276.14885
G0 F15000 X118.116 Y124.904
G1 F2700 X149.104 Y155.892 E277.37322
G0 F15000 X149.104 Y155.327
G1 F2700 X118.682 Y124.904 E278.57525
G0 F15000 X119.247 Y124.904
G1 F2700 X149.104 Y154.761 E279.75493
G0 F15000 X149.104 Y154.195
G1 F2700 X119.813 Y124.904 E280.91224
G0 F15000 X120.379 Y124.904
G1 F2700 X149.104 Y153.63 E282.04722
G0 F15000 X149.104 Y153.064
G1 F2700 X120.944 Y124.904 E283.15985
G0 F15000 X121.51 Y124.904
G1 F2700 X149.104 Y152.498 E284.25011
G0 F15000 X149.104 Y151.932
G1 F2700 X122.076 Y124.904 E285.31802
G0 F15000 X122.641 Y124.904
G1 F2700 X149.104 Y151.367 E286.3636
G0 F15000 X149.104 Y150.801
G1 F2700 X123.207 Y124.904 E287.38682
G0 F15000 X123.773 Y124.904
G1 F2700 X149.104 Y150.235 E288.38767
G0 F15000 X149.104 Y149.67
G1 F2700 X124.338 Y124.904 E289.3662
G0 F15000 X124.904 Y124.904
G1 F2700 X149.104 Y149.104 E290.32237
G0 F15000 X149.104 Y148.538
G1 F2700 X125.47 Y124.904 E291.25617
G0 F15000 X126.035 Y124.904
G1 F2700 X149.104 Y147.973 E292.16765
G0 F15000 X149.104 Y147.407
G1 F2700 X126.601 Y124.904 E293.05677
G0 F15000 X127.167 Y124.904
G1 F2700 X149.104 Y146.841 E293.92352
G0 F15000 X149.104 Y146.276
G1 F2700 X127.732 Y124.904 E294.76795
G0 F15000 X128.177 Y124.783
G1 F2700 X149.104 Y145.71 E295.5948
G0 F15000 X149.104 Y145.144
G1 F2700 X128.471 Y124.511 E296.41003
G0 F15000 X128.626 Y124.1
G1 F2700 X149.104 Y144.579 E297.21915
G0 F15000 X149.104 Y144.013
G1 F2700 X128.626 Y123.534 E298.02828
G0 F15000 X128.626 Y122.969
G1 F2700 X149.104 Y143.447 E298.83739
G0 F15000 X149.104 Y142.882
G1 F2700 X128.626 Y122.403 E299.64651
G0 F15000 X128.626 Y121.837
G1 F2700 X149.104 Y142.316 E300.45564
G0 F15000 X149.104 Y141.75
G1 F2700 X128.626 Y121.272 E301.26475
G0 F15000 X128.626 Y120.706
G1 F2700 X149.104 Y141.184 E302.07385
G0 F15000 X149.104 Y140.619
G1 F2700 X128.626 Y120.14 E302.88298
G0 F15000 X128.626 Y119.575
G1 F2700 X149.104 Y140.053 E303.69209
G0 F15000 X149.104 Y139.487
G1 F2700 X128.626 Y119.009 E304.50119
G0 F15000 X128.626 Y118.443
G1 F2700 X149.104 Y138.922 E305.31032
G0 F15000 X149.104 Y138.356
G1 F2700 X128.626 Y117.878 E306.11943
G0 F15000 X128.626 Y117.312
G1 F2700 X149.104 Y137.79 E306.92853
G0 F15000 X149.104 Y137.225
G1 F2700 X128.626 Y116.746 E307.73766
G0 F15000 X128.626 Y116.18
G1 F2700 X149.104 Y136.659 E308.54679
G0 F15000 X149.104 Y136.093
G1 F2700 X128.626 Y115.615 E309.35589
G0 F15000 X128.626 Y115.049
G1 F2700 X149.104 Y135.528 E310.16502
G0 F15000 X149.104 Y134.962
G1 F2700 X128.626 Y114.483 E310.97415
G0 F15000 X128.626 Y113.918
G1 F2700 X149.104 Y134.396 E311.78325
G0 F15000 X149.104 Y133.831
G1 F2700 X128.626 Y113.352 E312.59238
G0 F15000 X128.626 Y112.786
G1 F2700 X149.104 Y133.265 E313.40151
G0 F15000 X149.104 Y132.699
G1 F2700 X128.626 Y112.221 E314.21061
G0 F15000 X128.626 Y111.655
G1 F2700 X149.104 Y132.134 E315.01974
G0 F15000 X149.104 Y131.568
G1 F2700 X128.626 Y111.089 E315.82887
G0 F15000 X128.626 Y110.524
G1 F2700 X149.104 Y131.002 E316.63797
G0 F15000 X149.104 Y130.436
G1 F2700 X128.626 Y109.958 E317.44708
G0 F15000 X128.626 Y109.392
G1 F2700 X149.104 Y129.871 E318.25621
G0 F15000 X149.104 Y129.305
G1 F2700 X128.626 Y108.827 E319.06531
G0 F15000 X128.626 Y108.261
G1 F2700 X149.104 Y128.739 E319.87442
G0 F15000 X149.104 Y128.174
G1 F2700 X128.626 Y107.695 E320.68355
G0 F15000 X128.626 Y107.13
G1 F2700 X149.104 Y127.608 E321.49265
G0 F15000 X149.104 Y127.042
G1 F2700 X128.626 Y106.565 E322.30174
G0 F15000 X128.626 Y105.999
G1 F2700 X149.104 Y126.477 E323.11085
G0 F15000 X149.104 Y125.911
G1 F2700 X128.626 Y105.433 E323.91995
G0 F15000 X128.626 Y104.867
G1 F2700 X149.104 Y125.345 E324.72906
G0 F15000 X149.104 Y124.78
G1 F2700 X128.626 Y104.302 E325.53817
G0 F15000 X128.626 Y103.736
G1 F2700 X149.104 Y124.214 E326.34727
G0 F15000 X149.104 Y123.648
G1 F2700 X128.626 Y103.17 E327.15638
G0 F15000 X128.626 Y102.605
G1 F2700 X149.104 Y123.083 E327.96549
G0 F15000 X149.104 Y122.517
G1 F2700 X128.626 Y102.039 E328.77459
G0 F15000 X128.626 Y101.473
G1 F2700 X149.104 Y121.951 E329.5837
G0 F15000 X149.104 Y121.385
G1 F2700 X128.626 Y100.908 E330.39279
G0 F15000 X128.626 Y100.342
G1 F2700 X149.104 Y120.82 E331.20189
G0 F15000 X149.104 Y120.254
G1 F2700 X128.626 Y99.776 E332.011
G0 F15000 X128.626 Y99.211
G1 F2700 X149.104 Y119.688 E332.82009
G0 F15000 X149.104 Y119.123
G1 F2700 X128.626 Y98.645 E333.6292
G0 F15000 X128.626 Y98.079
G1 F2700 X149.104 Y118.557 E334.4383
G0 F15000 X149.104 Y117.991
G1 F2700 X128.626 Y97.514 E335.24739
G0 F15000 X128.626 Y96.948
G1 F2700 X149.104 Y117.426 E336.0565
G0 F15000 X149.104 Y116.86
G1 F2700 X128.626 Y96.382 E336.8656
G0 F15000 X128.626 Y95.817
G1 F2700 X149.104 Y116.294 E337.67469
G0 F15000 X149.104 Y115.729
G1 F2700 X128.626 Y95.251 E338.4838
G0 F15000 X128.626 Y94.685
G1 F2700 X149.104 Y115.163 E339.2929
G0 F15000 X149.104 Y114.597
G1 F2700 X128.626 Y94.119 E340.10201
G0 F15000 X128.626 Y93.554
G1 F2700 X149.104 Y114.032 E340.91112
G0 F15000 X149.104 Y113.466
G1 F2700 X128.626 Y92.988 E341.72022
G0 F15000 X128.626 Y92.422
G1 F2700 X149.104 Y112.9 E342.52933
G0 F15000 X149.104 Y112.335
G1 F2700 X128.626 Y91.857 E343.33844
G0 F15000 X128.626 Y91.291
G1 F2700 X149.104 Y111.769 E344.14754
G0 F15000 X149.104 Y111.203
G1 F2700 X128.626 Y90.725 E344.95665
G0 F15000 X128.626 Y90.16
G1 F2700 X149.104 Y110.637 E345.76574
G0 F15000 X149.104 Y110.072
G1 F2700 X128.626 Y89.594 E346.57484
G0 F15000 X128.66 Y89.594
G0 X128.588 Y88.513
G0 X119.583 Y88.441
G0 X119.583 Y88.47
G1 F2700 X103.672 Y72.559 E347.2035
G0 F15000 X103.891 Y73.344
G1 F2700 X119.017 Y88.47 E347.80115
G0 F15000 X118.452 Y88.47
G1 F2700 X103.931 Y73.95 E348.37487
G0 F15000 X103.88 Y74.465
G1 F2700 X117.886 Y88.47 E348.92824
G0 F15000 X117.32 Y88.47
G1 F2700 X103.752 Y74.902 E349.46433
G0 F15000 X103.588 Y75.303
G1 F2700 X116.755 Y88.47 E349.98457
G0 F15000 X116.189 Y88.47
G1 F2700 X103.392 Y75.674 E350.49017
G0 F15000 X103.146 Y75.993
G1 F2700 X115.623 Y88.47 E350.98315
G0 F15000 X115.058 Y88.47
G1 F2700 X102.883 Y76.295 E351.4642
G0 F15000 X102.571 Y76.55
G1 F2700 X114.492 Y88.47 E351.93519
G0 F15000 X113.926 Y88.47
G1 F2700 X102.229 Y76.773 E352.39735
G0 F15000 X101.857 Y76.966
G1 F2700 X113.361 Y88.47 E352.85188
G0 F15000 X112.795 Y88.47
G1 F2700 X101.426 Y77.102 E353.30106
G0 F15000 X100.954 Y77.195
G1 F2700 X112.229 Y88.47 E353.74655
G0 F15000 X111.663 Y88.47
G1 F2700 X100.417 Y77.224 E354.19089
G0 F15000 X99.758 Y77.131
G1 F2700 X111.098 Y88.47 E354.63893
G0 F15000 X111.098 Y88.441
G0 X108.272 Y76.068
G0 X108.303 Y76.059
G1 F2700 X90.564 Y58.32 E355.33981
G0 F15000 X91.13 Y58.32
G1 F2700 X108.053 Y75.243 E356.00846
G0 F15000 X107.983 Y74.608
G1 F2700 X91.695 Y58.32 E356.65201
G0 F15000 X92.261 Y58.32
G1 F2700 X107.921 Y73.98 E357.27076
G0 F15000 X107.954 Y73.447
G1 F2700 X92.827 Y58.32 E357.86844
G0 F15000 X93.393 Y58.32
G1 F2700 X108.005 Y72.932 E358.44577
G0 F15000 X108.076 Y72.438
G1 F2700 X93.958 Y58.32 E359.00359
G0 F15000 X94.524 Y58.32
G1 F2700 X108.207 Y72.003 E359.54422
G0 F15000 X108.339 Y71.569
G1 F2700 X95.09 Y58.32 E360.0677
G0 F15000 X95.655 Y58.32
G1 F2700 X108.488 Y71.153 E360.57475
G0 F15000 X108.684 Y70.784
G1 F2700 X96.221 Y58.32 E361.06719
G0 F15000 X96.787 Y58.32
G1 F2700 X108.881 Y70.414 E361.54504
G0 F15000 X109.081 Y70.049
G1 F2700 X97.352 Y58.32 E362.00846
G0 F15000 X97.918 Y58.32
G1 F2700 X109.336 Y69.738 E362.4596
G0 F15000 X109.59 Y69.427
G1 F2700 X98.484 Y58.32 E362.89843
G0 F15000 X99.049 Y58.32
G1 F2700 X109.845 Y69.115 E363.32497
G0 F15000 X110.136 Y68.841
G1 F2700 X99.615 Y58.32 E363.74067
G0 F15000 X100.181 Y58.32
G1 F2700 X110.448 Y68.587 E364.14633
G0 F15000 X110.76 Y68.333
G1 F2700 X100.746 Y58.32 E364.54197
G0 F15000 X101.312 Y58.32
G1 F2700 X111.089 Y68.097 E364.92827
G0 F15000 X111.456 Y67.899
G1 F2700 X101.878 Y58.32 E365.30672
G0 F15000 X102.444 Y58.32
G1 F2700 X111.824 Y67.701 E365.67736
G0 F15000 X112.197 Y67.507
G1 F2700 X103.009 Y58.32 E366.04037
G0 F15000 X103.575 Y58.32
G1 F2700 X112.632 Y67.377 E366.39822
G0 F15000 X113.068 Y67.247
G1 F2700 X104.141 Y58.32 E366.75093
G0 F15000 X104.706 Y58.32
G1 F2700 X113.508 Y67.121 E367.09869
G0 F15000 X114.023 Y67.071
G1 F2700 X105.272 Y58.32 E367.44445
G0 F15000 X105.838 Y58.32
G1 F2700 X114.539 Y67.021 E367.78823
G0 F15000 X115.109 Y67.026
G1 F2700 X106.403 Y58.32 E368.13222
G0 F15000 X106.969 Y58.32
G1 F2700 X115.734 Y67.085 E368.47853
G0 F15000 X116.427 Y67.212
G1 F2700 X107.535 Y58.32 E368.82986
G0 F15000 X108.1 Y58.32
G1 F2700 X117.24 Y67.46 E369.19099
G0 F15000 X117.247 Y67.435
G0 X118.384 Y67.997
G0 X118.369 Y68.023
G1 F2700 X108.666 Y58.32 E369.57437
G0 F15000 X109.232 Y58.32
G1 F2700 X125.494 Y74.583 E370.21692
G0 F15000 X125.43 Y73.953
G1 F2700 X109.797 Y58.32 E370.83459
G0 F15000 X110.363 Y58.32
G1 F2700 X125.47 Y73.427 E371.43149
G0 F15000 X125.522 Y72.913
G1 F2700 X110.929 Y58.32 E372.00807
G0 F15000 X111.494 Y58.32
G1 F2700 X125.596 Y72.421 E372.56524
G0 F15000 X125.728 Y71.988
G1 F2700 X112.06 Y58.32 E373.10527
G0 F15000 X112.626 Y58.32
G1 F2700 X125.86 Y71.554 E373.62816
G0 F15000 X126.01 Y71.138
G1 F2700 X113.192 Y58.32 E374.13461
G0 F15000 X113.757 Y58.32
G1 F2700 X126.207 Y70.77 E374.62653
G0 F15000 X126.405 Y70.402
G1 F2700 X114.323 Y58.32 E375.1039
G0 F15000 X114.889 Y58.32
G1 F2700 X126.605 Y70.036 E375.56681
G0 F15000 X126.859 Y69.725
G1 F2700 X115.454 Y58.32 E376.01743
G0 F15000 X116.02 Y58.32
G1 F2700 X127.113 Y69.413 E376.45573
G0 F15000 X127.367 Y69.101
G1 F2700 X116.586 Y58.32 E376.8817
G0 F15000 X117.151 Y58.32
G1 F2700 X127.661 Y68.83 E377.29696
G0 F15000 X127.973 Y68.576
G1 F2700 X117.717 Y58.32 E377.70218
G0 F15000 X118.283 Y58.32
G1 F2700 X128.285 Y68.322 E378.09737
G0 F15000 X128.617 Y68.089
G1 F2700 X118.848 Y58.32 E378.48336
G0 F15000 X119.414 Y58.32
G1 F2700 X128.984 Y67.89 E378.86148
G0 F15000 X129.352 Y67.692
G1 F2700 X119.98 Y58.32 E379.23177
G0 F15000 X120.545 Y58.32
G1 F2700 X129.727 Y67.502 E379.59456
G0 F15000 X130.163 Y67.372
G1 F2700 X121.111 Y58.32 E379.95222
G0 F15000 X121.677 Y58.32
G1 F2700 X130.598 Y67.242 E380.30471
G0 F15000 X131.042 Y67.119
G1 F2700 X122.242 Y58.32 E380.65239
G0 F15000 X122.808 Y58.32
G1 F2700 X131.557 Y67.069 E380.99807
G0 F15000 X132.073 Y67.019
G1 F2700 X123.374 Y58.32 E381.34178
G0 F15000 X123.94 Y58.32
G1 F2700 X132.648 Y67.028 E381.68584
G0 F15000 X133.273 Y67.088
G1 F2700 X124.505 Y58.32 E382.03228
G0 F15000 X125.071 Y58.32
G1 F2700 X133.974 Y67.223 E382.38404
G0 F15000 X134.79 Y67.474
G1 F2700 X125.637 Y58.32 E382.74571
G0 F15000 X126.202 Y58.32
G1 F2700 X135.927 Y68.045 E383.12995
G0 F15000 X135.941 Y68.021
G0 X141.691 Y64.235
G0 X141.72 Y64.221
G1 F2700 X135.819 Y58.32 E383.36311
G0 F15000 X136.385 Y58.32
G1 F2700 X141.363 Y63.299 E383.55981
G0 F15000 X141.306 Y62.676
G1 F2700 X136.95 Y58.32 E383.73192
G0 F15000 X137.516 Y58.32
G1 F2700 X141.351 Y62.155 E383.88345
G0 F15000 X141.462 Y61.701
G1 F2700 X138.082 Y58.32 E384.01701
G0 F15000 X138.647 Y58.32
G1 F2700 X141.614 Y61.286 E384.13422
G0 F15000 X141.812 Y60.919
G1 F2700 X139.213 Y58.32 E384.23691
G0 F15000 X139.779 Y58.32
G1 F2700 X142.051 Y60.593 E384.3267
G0 F15000 X142.314 Y60.289
G1 F2700 X140.344 Y58.32 E384.40452
G0 F15000 X140.91 Y58.32
G1 F2700 X142.626 Y60.035 E384.4723
G0 F15000 X142.969 Y59.813
G1 F2700 X141.476 Y58.32 E384.53129
G0 F15000 X142.041 Y58.32
G1 F2700 X143.335 Y59.614 E384.58242
G0 F15000 X143.773 Y59.486
G1 F2700 X142.607 Y58.32 E384.62849
G0 F15000 X143.173 Y58.32
G1 F2700 X144.25 Y59.398 E384.67106
G0 F15000 X144.801 Y59.383
G1 F2700 X143.739 Y58.32 E384.71304
G0 F15000 X144.304 Y58.32
G1 F2700 X145.48 Y59.496 E384.7595
G0 F15000 X145.488 Y59.472
G0 X145.436 Y58.351
G0 X145.436 Y58.32
G1 F2700 X149.104 Y61.989 E384.90445
G0 F15000 X149.104 Y62.554
G1 F2700 X147.184 Y60.634 E384.98031
G0 F15000 X146.624 Y60.074
G1 F2700 X144.87 Y58.32 E385.04961
G0 F15000 X144.87 Y58.351
G0 X146.001 Y58.351
G0 X146.001 Y58.32
G1 F2700 X149.104 Y61.423 E385.17222
G0 F15000 X149.104 Y60.857
G1 F2700 X146.567 Y58.32 E385.27246
G0 F15000 X147.133 Y58.32
G1 F2700 X149.104 Y60.291 E385.35033
G0 F15000 X149.104 Y59.726
G1 F2700 X147.698 Y58.32 E385.40588
G0 F15000 X148.264 Y58.32
G1 F2700 X149.104 Y59.16 E385.43907
G0 F15000 X149.104 Y58.594
G1 F2700 X148.83 Y58.32 E385.4499
G0 F15000 X148.83 Y58.351
G0 X147.792 Y61.771
G0 X147.763 Y61.779
G1 F2700 X149.104 Y63.12 E385.50288
G0 F15000 X149.104 Y63.686
G1 F2700 X147.874 Y62.455 E385.5515
G0 F15000 X147.861 Y63.008
G1 F2700 X149.104 Y64.251 E385.60061
G0 F15000 X149.104 Y64.817
G1 F2700 X147.775 Y63.488 E385.65312
G0 F15000 X147.646 Y63.925
G1 F2700 X149.104 Y65.383 E385.71073
G0 F15000 X149.104 Y65.948
G1 F2700 X147.449 Y64.294 E385.7761
G0 F15000 X147.226 Y64.636
G1 F2700 X149.104 Y66.514 E385.8503
G0 F15000 X149.104 Y67.08
G1 F2700 X146.972 Y64.948 E385.93454
G0 F15000 X146.669 Y65.21
G1 F2700 X149.104 Y67.645 E386.03075
G0 F15000 X149.104 Y68.211
G1 F2700 X146.343 Y65.45 E386.13984
G0 F15000 X145.975 Y65.648
G1 F2700 X149.104 Y68.777 E386.26347
G0 F15000 X149.104 Y69.342
G1 F2700 X145.561 Y65.799 E386.40346
G0 F15000 X145.105 Y65.909
G1 F2700 X149.104 Y69.908 E386.56146
G0 F15000 X149.075 Y69.908
G0 X136.119 Y79.58
G0 X134.934 Y80.212
G0 X133.646 Y80.603
G0 X132.311 Y80.736
G0 X130.975 Y80.603
G0 X129.688 Y80.212
G0 X128.502 Y79.58
G0 X127.463 Y78.726
G0 X126.774 Y77.886
G0 X126.181 Y77.01
G0 X126.21 Y76.995
G1 F2700 X121.458 Y72.244 E386.7492
G0 F15000 X121.209 Y71.428
G1 F2700 X125.805 Y76.025 E386.93081
G0 F15000 X125.559 Y75.213
G1 F2700 X120.652 Y70.306 E387.12469
G1 F2400 E384.12469
G0 F15000 X120.682 Y70.291
G0 X119.643 Y69.034
G0 X118.607 Y68.184
G0 X117.422 Y67.551
G0 X116.134 Y67.16
G0 X114.799 Y67.028
G0 X113.717 Y67.135
G0 X90.459 Y72.319
G0 X90.459 Y72.358
G1 F2400 E387.12469
G1 F2700 X88.72 Y70.618 E387.19342
G0 F15000 X88.683 Y71.147
G1 F2700 X89.906 Y72.37 E387.24174
G0 F15000 X89.515 Y72.544
G1 F2700 X88.504 Y71.533 E387.28169
G0 F15000 X88.246 Y71.841
G1 F2700 X89.217 Y72.812 E387.32006
G0 F15000 X88.996 Y73.157
G1 F2700 X87.9 Y72.061 E387.36336
G0 F15000 X87.925 Y72.1
G0 X88.494 Y72.935
G0 X94.128 Y88.441
G0 X94.128 Y88.471
G1 F2700 X70.892 Y65.235 E388.28144
G0 F15000 X70.892 Y64.669
G1 F2700 X94.694 Y88.471 E389.22188
G0 F15000 X95.259 Y88.471
G1 F2700 X70.892 Y64.103 E390.18466
G0 F15000 X70.892 Y63.538
G1 F2700 X95.825 Y88.471 E391.16979
G0 F15000 X95.825 Y88.141
G1 F2400 E388.16979
;MESH:NONMESH
G0 F300 Z2.24
G0 F15000 X75.431 Y65.987
G0 X75.44 Y65.891
;TIME_ELAPSED:3001.395100
;LAYER:7
;TYPE:WALL-INNER
;MESH:lid.stl
G1 F2400 E391.16979
G1 F5400 X74.814 Y65.828 E391.19909
G1 X74.205 Y65.643 E391.22873
G1 X73.642 Y65.344 E391.25841
G1 X73.161 Y64.946 E391.28748
G1 X72.756 Y64.458 E391.31701
G1 X72.456 Y63.893 E391.3468
G1 X72.272 Y63.272 E391.37696
G1 X72.208 Y62.655 E391.40584
G1 X72.272 Y62.033 E391.43496
G1 X72.457 Y61.425 E391.46455
G1 X72.756 Y60.862 E391.49423
G1 X73.157 Y60.378 E391.5235
G1 X73.645 Y59.973 E391.55303
G1 X74.198 Y59.679 E391.58219
G1 X74.828 Y59.493 E391.61278
G1 X75.44 Y59.432 E391.64142
G1 X76.071 Y59.493 E391.67094
G1 X76.683 Y59.68 E391.70073
G1 X77.231 Y59.971 E391.72963
G1 X77.724 Y60.375 E391.75931
G1 X78.129 Y60.869 E391.78905
G1 X78.427 Y61.424 E391.81838
G1 X78.612 Y62.034 E391.84806
G1 X78.671 Y62.66 E391.87734
G1 X78.612 Y63.288 E391.90671
G1 X78.422 Y63.902 E391.93664
G1 X78.129 Y64.453 E391.9657
G1 X77.721 Y64.945 E391.99546
G1 X77.214 Y65.356 E392.02585
G1 X76.676 Y65.64 E392.05418
G1 X76.047 Y65.829 E392.08476
G1 X75.44 Y65.891 E392.11318
G1 F2400 E389.11318
G0 F15000 X76.745 Y65.807
G0 X83.561 Y72.776
G0 X84.351 Y74.82
G1 F2400 E392.11318
G1 F5400 X83.841 Y74.659 E392.13808
G1 X83.516 Y74.334 E392.15948
G1 X83.356 Y73.93 E392.17971
G1 X83.355 Y73.504 E392.19955
G1 X83.519 Y73.094 E392.22011
G1 X83.819 Y72.805 E392.23951
G1 X84.203 Y72.636 E392.25904
G1 X84.602 Y72.631 E392.27763
G1 X84.77 Y72.675 E392.28571
G1 F5142.9 X85.209 Y72.901 E392.30985
G1 F4705.9 X85.456 Y73.269 E392.33353
G1 F4169.9 X85.617 Y73.647 E392.35831
G1 F3857.1 X85.614 Y73.81 E392.36894
G1 F4500 X85.406 Y74.239 E392.39558
G1 F5400 X85.219 Y74.508 E392.41083
G1 X84.893 Y74.73 E392.4292
G1 X84.569 Y74.807 E392.4447
G1 X84.351 Y74.82 E392.45487
G1 F2400 E389.45487
G0 F15000 X85.674 Y74.128
G0 X86.108 Y74.11
G0 X87.431 Y75.065
G0 X87.468 Y74.881
G1 F2400 E392.45487
G1 F4227 X87.251 Y74.881 E392.46778
G1 F4909.1 X86.698 Y74.617 E392.49917
G1 F5320.2 X86.419 Y74.333 E392.51799
G1 F5217.4 X86.286 Y74.043 E392.53336
G1 F4408.2 X86.172 Y73.839 E392.54669
G1 F4153.8 X86.173 Y73.597 E392.56134
G1 F4615.4 X86.553 Y72.919 E392.60368
G1 X86.892 Y72.694 E392.62585
G1 F4186 X87.297 Y72.517 E392.6524
G1 F3898.9 X87.415 Y72.517 E392.66001
G1 F4390.2 X87.641 Y72.634 E392.67459
G1 F5192.3 X87.991 Y72.774 E392.69284
G1 F5400 X88.265 Y73.072 E392.71169
G1 F4537.8 X88.524 Y73.596 E392.74408
G1 F4194.2 X88.523 Y73.835 E392.75841
G1 F4920.3 X88.245 Y74.35 E392.78832
G1 F5400 X87.99 Y74.614 E392.80541
G1 F4566.6 X87.468 Y74.881 E392.83769
G1 F2400 E389.83769
G0 F15000 X87.431 Y75.065
G0 X87.742 Y75.742
G0 X88.155 Y76.062
G0 X88.298 Y76.407
G0 X88.297 Y76.803
G0 X88.078 Y77.213
G0 X87.32 Y77.709
G1 F2400 E392.83769
G1 F5400 X86.752 Y77.536 E392.86534
G1 X86.405 Y77.182 E392.88842
G1 X86.259 Y76.691 E392.91227
G1 X86.267 Y76.476 E392.92229
G1 X86.388 Y76.059 E392.94251
G1 X86.489 Y75.915 E392.9507
G1 X86.788 Y75.664 E392.96888
G1 F4942.8 X87.199 Y75.426 E392.99304
G1 F4235.3 X87.444 Y75.423 E393.00759
G1 F4481.3 X87.709 Y75.561 E393.02435
G1 F5281.2 X88 Y75.69 E393.03951
G1 F5400 X88.287 Y75.985 E393.05867
G1 X88.445 Y76.385 E393.0787
G1 X88.446 Y76.822 E393.09905
G1 X88.215 Y77.286 E393.12318
G1 X88.085 Y77.419 E393.13184
G1 X87.776 Y77.619 E393.14898
G1 X87.32 Y77.709 E393.17062
G1 F2400 E390.17062
G0 F15000 X88.054 Y77.258
G0 X88.549 Y76.197
G0 X87.439 Y75.153
G0 X88.799 Y73.848
G0 X89.568 Y74.489
G0 X90.322 Y74.816
G1 F2400 E393.17062
G1 F5400 X90.064 Y74.793 E393.18268
G1 X89.728 Y74.684 E393.19913
G1 X89.577 Y74.591 E393.20739
G1 X89.339 Y74.35 E393.22316
G1 F4518.8 X89.076 Y73.867 E393.25376
G1 F3898.9 X89.076 Y73.602 E393.27085
G1 F4537.8 X89.211 Y73.355 E393.28645
G1 F5400 X89.34 Y73.085 E393.30039
G1 X89.607 Y72.809 E393.31827
G1 X89.993 Y72.638 E393.33793
G1 X90.466 Y72.624 E393.35996
G1 X90.919 Y72.857 E393.38368
G1 X91.049 Y72.969 E393.39167
G1 X91.27 Y73.29 E393.40982
G1 X91.348 Y73.73 E393.43062
G1 X91.276 Y74.093 E393.44786
G1 X91.04 Y74.496 E393.4696
G1 X90.66 Y74.743 E393.49071
G1 X90.322 Y74.816 E393.50681
G1 F2400 E390.50681
G0 F15000 X89.726 Y74.53
G0 X87.4 Y72.241
G0 X87.415 Y71.967
G1 F2400 E393.50681
G1 F3898.9 X87.297 Y71.967 E393.51442
G1 F4390.2 X87.071 Y71.85 E393.52899
G1 F5106.4 X86.745 Y71.717 E393.54633
G1 F5294.1 X86.515 Y71.497 E393.56145
G1 F5400 X86.381 Y71.291 E393.57289
G1 X86.263 Y70.887 E393.59249
G1 X86.266 Y70.682 E393.60204
G1 X86.394 Y70.261 E393.62253
G1 X86.522 Y70.081 E393.63281
G1 X86.904 Y69.771 E393.65572
G1 X87.307 Y69.693 E393.67483
G1 X87.46 Y69.7 E393.68196
G1 X87.884 Y69.829 E393.7026
G1 X88.014 Y69.909 E393.70971
G1 X88.283 Y70.185 E393.72765
G1 X88.44 Y70.556 E393.74641
G1 X88.451 Y71.024 E393.76821
G1 X88.195 Y71.522 E393.79428
G1 X87.87 Y71.76 E393.81304
G1 F4528.3 X87.415 Y71.967 E393.8408
G1 F2400 E390.8408
G0 F15000 X87.421 Y72.136
G0 X88.8 Y73.635
G0 X89.711 Y72.923
G0 X90.056 Y72.78
G0 X90.451 Y72.781
G0 X90.906 Y73.024
G0 X91.454 Y74.167
G0 X97.517 Y75.104
G0 X100.552 Y76.956
G1 F2400 E393.8408
G1 F5400 X99.948 Y76.896 E393.86906
G1 X99.364 Y76.71 E393.8976
G1 X98.828 Y76.43 E393.92576
G1 X98.374 Y76.055 E393.95318
G1 X97.976 Y75.574 E393.98225
G1 X97.685 Y75.035 E394.01077
G1 X97.511 Y74.451 E394.03915
G1 X97.448 Y73.843 E394.06761
G1 X97.514 Y73.232 E394.09622
G1 X97.697 Y72.643 E394.12494
G1 X97.976 Y72.124 E394.15238
G1 X98.38 Y71.643 E394.18163
G1 X98.834 Y71.268 E394.20905
G1 X99.36 Y70.982 E394.23693
G1 X99.95 Y70.807 E394.26559
G1 X100.552 Y70.744 E394.29377
G1 X101.154 Y70.807 E394.32195
G1 X101.734 Y70.982 E394.35016
G1 X102.295 Y71.283 E394.37981
G1 X102.747 Y71.658 E394.40716
G1 X103.139 Y72.132 E394.4358
G1 X103.423 Y72.683 E394.46466
G1 X103.601 Y73.247 E394.4922
G1 X103.656 Y73.851 E394.52044
G1 X103.601 Y74.454 E394.54864
G1 X103.419 Y75.028 E394.57668
G1 X103.135 Y75.564 E394.60492
G1 X102.744 Y76.046 E394.63382
G1 X102.264 Y76.437 E394.66265
G1 X101.743 Y76.71 E394.69004
G1 X101.154 Y76.896 E394.7188
G1 X100.552 Y76.956 E394.74697
G1 F2400 E391.74697
G0 F15000 X102.371 Y76.586
G0 X109.151 Y77.64
G0 X114.796 Y80.48
G1 F2400 E394.74697
G1 F5400 X113.514 Y80.36 E394.80693
G1 X112.27 Y79.982 E394.86747
G1 X111.136 Y79.376 E394.92734
G1 X110.126 Y78.544 E394.98827
G1 X109.321 Y77.564 E395.04732
G1 X108.704 Y76.417 E395.10797
G1 X108.32 Y75.167 E395.16886
G1 X108.192 Y73.873 E395.22941
G1 X108.329 Y72.566 E395.2906
G1 X108.71 Y71.33 E395.35083
G1 X109.323 Y70.193 E395.41098
G1 X110.131 Y69.207 E395.47033
G1 X111.129 Y68.393 E395.5303
G1 X112.271 Y67.777 E395.59072
G1 X113.514 Y67.4 E395.6512
G1 X114.796 Y67.276 E395.71118
G1 X116.08 Y67.4 E395.77125
G1 X117.326 Y67.78 E395.8319
G1 X118.467 Y68.393 E395.89221
G1 X119.462 Y69.212 E395.95222
G1 X120.285 Y70.211 E396.01249
G1 X120.894 Y71.352 E396.07272
G1 X121.273 Y72.593 E396.13314
G1 X121.403 Y73.878 E396.19328
G1 X121.273 Y75.167 E396.2536
G1 X120.899 Y76.41 E396.31405
G1 X120.289 Y77.55 E396.37425
G1 X119.456 Y78.554 E396.435
G1 X118.46 Y79.376 E396.49513
G1 X117.328 Y79.981 E396.5549
G1 X116.078 Y80.357 E396.61568
G1 X114.796 Y80.48 E396.67565
G1 F2400 E393.67565
G0 F15000 X117.395 Y80.15
G0 X129.727 Y80.152
G0 X132.312 Y80.48
G1 F2400 E396.67565
G1 F5400 X131.026 Y80.36 E396.73579
G1 X129.793 Y79.983 E396.79583
G1 X128.649 Y79.377 E396.85611
G1 X127.648 Y78.554 E396.91645
G1 X126.823 Y77.549 E396.97699
G1 X126.214 Y76.413 E397.03701
G1 X125.835 Y75.167 E397.09766
G1 X125.705 Y73.882 E397.1578
G1 X125.835 Y72.593 E397.21812
G1 X126.21 Y71.347 E397.27871
G1 X126.823 Y70.211 E397.33882
G1 X127.642 Y69.212 E397.39897
G1 X128.641 Y68.393 E397.45912
G1 X129.783 Y67.777 E397.51954
G1 X131.026 Y67.4 E397.58003
G1 X132.308 Y67.276 E397.64
G1 X133.591 Y67.4 E397.70002
G1 X134.812 Y67.772 E397.75945
G1 X135.983 Y68.396 E397.82124
G1 X136.957 Y69.196 E397.87993
G1 X137.801 Y70.211 E397.9414
G1 X138.4 Y71.338 E398.00083
G1 X138.789 Y72.599 E398.06228
G1 X138.916 Y73.88 E398.12222
G1 X138.788 Y75.152 E398.18175
G1 X138.407 Y76.411 E398.243
G1 X137.799 Y77.547 E398.30299
G1 X136.982 Y78.544 E398.36301
G1 X135.973 Y79.372 E398.42379
G1 X134.841 Y79.981 E398.48365
G1 X133.598 Y80.352 E398.54405
G1 X132.312 Y80.48 E398.60423
G1 F2400 E395.60423
G0 F15000 X133.567 Y80.209
G0 X134.78 Y79.841
G0 X135.896 Y79.246
G0 X136.873 Y78.442
G0 X137.676 Y77.465
G0 X138.271 Y76.349
G0 X138.639 Y75.138
G0 X138.74 Y74.12
G0 X138.565 Y71.264
G0 X143.316 Y65.813
G0 X144.601 Y65.891
G1 F2400 E398.60423
G1 F5400 X143.976 Y65.829 E398.63347
G1 X143.381 Y65.645 E398.66247
G1 X142.805 Y65.34 E398.69282
G1 X142.317 Y64.943 E398.72211
G1 X141.933 Y64.472 E398.75041
G1 X141.616 Y63.896 E398.78102
G1 X141.429 Y63.25 E398.81234
G1 X141.373 Y62.657 E398.84008
G1 X141.432 Y62.034 E398.86921
G1 X141.617 Y61.425 E398.89885
G1 X141.92 Y60.861 E398.92866
G1 X142.317 Y60.378 E398.95778
G1 X142.809 Y59.973 E398.98745
G1 X143.363 Y59.679 E399.01665
G1 X143.988 Y59.493 E399.04702
G1 X144.6 Y59.432 E399.07566
G1 X145.23 Y59.493 E399.10513
G1 X145.841 Y59.68 E399.13488
G1 X146.398 Y59.978 E399.1643
G1 X146.904 Y60.404 E399.1951
G1 X147.288 Y60.866 E399.22307
G1 X147.582 Y61.421 E399.25232
G1 X147.772 Y62.036 E399.28229
G1 X147.831 Y62.661 E399.31152
G1 X147.772 Y63.272 E399.3401
G1 X147.583 Y63.897 E399.37051
G1 X147.289 Y64.454 E399.39983
G1 X146.883 Y64.942 E399.42939
G1 X146.395 Y65.343 E399.4588
G1 X145.842 Y65.64 E399.48803
G1 X145.232 Y65.827 E399.51774
G1 X144.601 Y65.891 E399.54728
G1 F2400 E396.54728
G0 F15000 X143.936 Y66.006
G0 X128.16 Y88.941
G0 X110 Y124.623
G1 F2400 E399.54728
G1 F5400 X91.996 Y124.624 E400.38562
G1 X91.754 Y124.561 E400.39726
G1 X91.615 Y124.464 E400.40515
G1 X91.496 Y124.311 E400.41418
G1 X91.425 Y124.068 E400.42597
G1 X91.428 Y89.271 E402.04626
G1 X91.512 Y89.033 E402.05801
G1 X91.788 Y88.795 E402.07498
G1 X91.993 Y88.748 E402.08478
G1 X127.794 Y88.749 E403.75182
G1 X128.08 Y88.847 E403.7659
G1 X128.252 Y89.022 E403.77732
G1 X128.347 Y89.306 E403.79127
G1 X128.347 Y124.12 E405.41235
G1 X128.277 Y124.308 E405.4217
G1 X128.161 Y124.461 E405.43064
G1 X127.995 Y124.572 E405.43994
G1 X127.793 Y124.623 E405.44964
G1 X110 Y124.623 E406.27815
G1 F2400 E403.27815
G0 F15000 X110 Y161.756
G0 X110 Y161.956
G1 F2400 E406.27815
G1 F5400 X149.38 Y161.956 E408.11185
G1 X149.38 Y58.04 E412.95061
G1 X70.616 Y58.04 E416.6182
G1 X70.616 Y161.956 E421.45696
G1 X110 Y161.956 E423.29084
G0 F15000 X110 Y162.356
;TYPE:WALL-OUTER
G1 F5400 X149.78 Y162.356 E425.14317
G1 X149.78 Y57.64 E430.01918
G1 X70.216 Y57.64 E433.72402
G1 X70.216 Y162.356 E438.60003
G1 X110 Y162.356 E440.45254
G1 F2400 E437.45254
G0 F15000 X110 Y162.047
G0 X110 Y161.756
G0 X110 Y124.804
G0 X110 Y124.222
G1 F2400 E440.45254
G1 F5400 X91.996 Y124.223 E441.29088
G1 X91.87 Y124.153 E441.2976
G1 X91.824 Y124.039 E441.30332
G1 X91.825 Y89.322 E442.91989
G1 X91.853 Y89.243 E442.92379
G1 X91.962 Y89.148 E442.93052
G1 X127.764 Y89.148 E444.59762
G1 X127.892 Y89.208 E444.6042
G1 X127.948 Y89.304 E444.60937
G1 X127.948 Y124.039 E446.22678
G1 X127.911 Y124.142 E446.23188
G1 X127.786 Y124.221 E446.23876
G1 X110 Y124.222 E447.06695
G1 F2400 E444.06695
G0 F15000 X110 Y124.535
G0 X128.188 Y124.463
G0 X128.188 Y88.913
G0 X114.746 Y88.551
G0 X114.796 Y80.66
G0 X114.776 Y80.08
G1 F2400 E447.06695
G1 F5400 X113.612 Y79.968 E447.1214
G1 X112.405 Y79.601 E447.18015
G1 X111.373 Y79.049 E447.23464
G1 X110.41 Y78.262 E447.29255
G1 X109.645 Y77.33 E447.3487
G1 X109.064 Y76.239 E447.40626
G1 X108.712 Y75.068 E447.46319
G1 X108.596 Y73.86 E447.5197
G1 X108.72 Y72.653 E447.5762
G1 X109.079 Y71.485 E447.6331
G1 X109.646 Y70.429 E447.68891
G1 X110.414 Y69.494 E447.74525
G1 X111.352 Y68.725 E447.80173
G1 X112.441 Y68.144 E447.8592
G1 X113.612 Y67.792 E447.91614
G1 X114.816 Y67.68 E447.97245
G1 X115.984 Y67.792 E448.02708
G1 X117.187 Y68.159 E448.08565
G1 X118.244 Y68.725 E448.14148
G1 X119.178 Y69.494 E448.19781
G1 X119.954 Y70.435 E448.25461
G1 X120.525 Y71.506 E448.31112
G1 X120.881 Y72.672 E448.36789
G1 X121 Y73.862 E448.42358
G1 X120.881 Y75.088 E448.48094
G1 X120.517 Y76.275 E448.53875
G1 X119.954 Y77.325 E448.59422
G1 X119.187 Y78.257 E448.65043
G1 X118.223 Y79.049 E448.70852
G1 X117.191 Y79.601 E448.76302
G1 X115.984 Y79.964 E448.82171
G1 X114.776 Y80.08 E448.87822
G1 F2400 E445.87822
G0 F15000 X114.746 Y80.388
G0 X113.542 Y80.209
G0 X112.33 Y79.841
G0 X111.426 Y79.359
G0 X109.151 Y77.64
G0 X102.371 Y76.586
G0 X100.532 Y76.552
G1 F2400 E448.87822
G1 F5400 X100.048 Y76.504 E448.90087
G1 X99.518 Y76.341 E448.92669
G1 X99.053 Y76.095 E448.95118
G1 X98.633 Y75.748 E448.97655
G1 X98.295 Y75.331 E449.00154
G1 X98.055 Y74.876 E449.0255
G1 X97.903 Y74.372 E449.05001
G1 X97.852 Y73.828 E449.07545
G1 X97.908 Y73.305 E449.09994
G1 X98.061 Y72.809 E449.12411
G1 X98.306 Y72.35 E449.14834
G1 X98.652 Y71.937 E449.17343
G1 X99.056 Y71.601 E449.1979
G1 X99.497 Y71.363 E449.22123
G1 X100.028 Y71.199 E449.24711
G1 X100.572 Y71.148 E449.27255
G1 X101.076 Y71.199 E449.29614
G1 X101.607 Y71.363 E449.32202
G1 X102.059 Y71.606 E449.34591
G1 X102.474 Y71.956 E449.37119
G1 X102.802 Y72.353 E449.39517
G1 X103.048 Y72.822 E449.41983
G1 X103.208 Y73.344 E449.44525
G1 X103.256 Y73.868 E449.46976
G1 X103.208 Y74.356 E449.49259
G1 X103.047 Y74.882 E449.5182
G1 X102.8 Y75.346 E449.54268
G1 X102.444 Y75.775 E449.56864
G1 X102.051 Y76.098 E449.59233
G1 X101.589 Y76.341 E449.61663
G1 X101.056 Y76.504 E449.64259
G1 X100.532 Y76.552 E449.66709
G1 F2400 E446.66709
G0 F15000 X100.502 Y76.857
G0 X99.424 Y76.576
G0 X99.012 Y76.356
G0 X97.517 Y75.104
G0 X91.454 Y74.167
G0 X90.21 Y74.418
G1 F2400 E449.66709
G1 F5400 X89.854 Y74.3 E449.68455
G1 X89.662 Y74.114 E449.697
G1 X89.552 Y73.831 E449.71114
G1 X89.566 Y73.545 E449.72447
G1 X89.662 Y73.321 E449.73582
G1 X89.863 Y73.13 E449.74873
G1 X90.109 Y73.031 E449.76108
G1 X90.388 Y73.03 E449.77407
G1 X90.738 Y73.213 E449.79246
G1 X90.898 Y73.471 E449.8066
G1 X90.94 Y73.703 E449.81757
G1 X90.895 Y73.97 E449.83018
G1 X90.738 Y74.214 E449.84369
G1 X90.491 Y74.372 E449.85735
G1 X90.21 Y74.418 E449.8706
G1 F2400 E446.8706
G0 F15000 X90.119 Y74.714
G0 X89.012 Y74.105
G0 X88.799 Y73.848
G0 X87.482 Y75.029
G0 X87.481 Y74.404
G1 F2400 E449.8706
G1 F5400 X87.226 Y74.408 E449.88248
G1 X86.954 Y74.3 E449.89611
G1 X86.765 Y74.118 E449.90832
G1 X86.659 Y73.872 E449.9208
G1 X86.651 Y73.577 E449.93454
G1 X86.847 Y73.208 E449.95399
G1 X87.093 Y73.046 E449.96771
G1 X87.367 Y72.986 E449.98077
G1 X87.729 Y73.098 E449.99842
G1 X87.937 Y73.301 E450.01195
G1 X88.036 Y73.526 E450.0234
G1 X88.048 Y73.837 E450.03789
G1 X87.922 Y74.114 E450.05206
G1 X87.73 Y74.301 E450.06454
G1 X87.481 Y74.404 E450.07708
G1 F2400 E447.07708
G0 F15000 X87.482 Y75.029
G0 X86.553 Y76.055
G0 X86.39 Y76.595
G0 X86.547 Y77.111
G0 X86.786 Y77.35
G0 X87.255 Y77.593
G0 X87.344 Y77.298
G1 F2400 E450.07708
G1 F5400 X86.968 Y77.185 E450.09537
G1 X86.757 Y76.955 E450.1099
G1 X86.648 Y76.587 E450.12777
G1 X86.77 Y76.194 E450.14693
G1 X87.075 Y75.946 E450.16524
G1 X87.374 Y75.892 E450.17939
G1 X87.709 Y75.989 E450.19562
G1 X87.94 Y76.206 E450.21038
G1 X88.042 Y76.445 E450.22248
G1 X88.049 Y76.738 E450.23613
G1 X87.864 Y77.088 E450.25456
G1 X87.607 Y77.244 E450.26856
G1 X87.344 Y77.298 E450.28107
G1 F2400 E447.28107
G0 F15000 X87.255 Y77.593
G0 X86.842 Y77.406
G0 X86.603 Y77.167
G0 X86.222 Y75.983
G0 X85.285 Y74.681
G0 X84.424 Y74.42
G1 F2400 E450.28107
G1 F5400 X84.058 Y74.308 E450.29889
G1 X83.847 Y74.091 E450.31298
G1 X83.753 Y73.842 E450.32537
G1 X83.763 Y73.552 E450.33889
G1 X83.875 Y73.305 E450.35151
G1 X84.044 Y73.143 E450.36242
G1 X84.292 Y73.034 E450.37503
G1 X84.586 Y73.028 E450.38872
G1 X84.926 Y73.205 E450.40657
G1 X85.089 Y73.446 E450.42012
G1 X85.14 Y73.695 E450.43195
G1 X85.096 Y73.965 E450.44469
G1 X84.946 Y74.206 E450.45791
G1 X84.705 Y74.367 E450.47141
G1 X84.424 Y74.42 E450.48472
G1 F2400 E447.48472
G0 F15000 X84.332 Y74.718
G0 X84.81 Y74.602
G0 X85.12 Y74.397
G0 X85.286 Y74.147
G0 X85.552 Y73.086
G0 X86.164 Y73.248
G0 X87.344 Y71.498
G1 F2400 E450.48472
G1 F5400 X86.966 Y71.38 E450.50316
G1 X86.769 Y71.177 E450.51633
G1 X86.647 Y70.789 E450.53527
G1 X86.767 Y70.394 E450.55449
G1 X87.071 Y70.15 E450.57264
G1 X87.361 Y70.085 E450.58648
G1 X87.719 Y70.193 E450.6039
G1 X87.931 Y70.393 E450.61747
G1 X88.042 Y70.644 E450.63025
G1 X88.045 Y70.943 E450.64417
G1 X87.867 Y71.285 E450.66212
G1 X87.622 Y71.439 E450.6756
G1 X87.344 Y71.498 E450.68883
G1 F2400 E447.68883
G0 F15000 X87.211 Y72.077
G0 X86.834 Y71.643
G0 X86.088 Y70.647
G0 X76.745 Y65.807
G0 X75.419 Y65.487
G1 F2400 E450.68883
G1 F5400 X74.873 Y65.428 E450.7144
G1 X74.373 Y65.276 E450.73874
G1 X73.852 Y64.999 E450.76621
G1 X73.456 Y64.671 E450.79016
G1 X73.101 Y64.248 E450.81587
G1 X72.824 Y63.727 E450.84335
G1 X72.664 Y63.189 E450.86948
G1 X72.612 Y62.639 E450.89521
G1 X72.672 Y62.093 E450.92078
G1 X72.824 Y61.593 E450.94512
G1 X73.101 Y61.072 E450.97259
G1 X73.432 Y60.672 E450.99677
G1 X73.852 Y60.321 E451.02226
G1 X74.373 Y60.044 E451.04973
G1 X74.873 Y59.892 E451.07407
G1 X75.44 Y59.832 E451.10061
G1 X76.011 Y59.892 E451.12735
G1 X76.507 Y60.044 E451.15151
G1 X77.027 Y60.321 E451.17894
G1 X77.451 Y60.672 E451.20457
G1 X77.805 Y61.109 E451.23076
G1 X78.06 Y61.593 E451.25623
G1 X78.22 Y62.133 E451.28246
G1 X78.268 Y62.679 E451.30798
G1 X78.212 Y63.227 E451.33363
G1 X78.053 Y63.746 E451.3589
G1 X77.795 Y64.228 E451.38436
G1 X77.438 Y64.662 E451.41053
G1 X77.014 Y65.009 E451.43604
G1 X76.524 Y65.27 E451.46189
G1 X75.984 Y65.434 E451.48817
G1 X75.419 Y65.487 E451.51459
G1 F2400 E448.51459
G0 F15000 X75.389 Y65.794
G0 X76.745 Y65.807
G0 X126.673 Y77.65
G0 X132.288 Y80.08
G1 F2400 E451.51459
G1 F5400 X131.124 Y79.968 E451.56905
G1 X129.939 Y79.611 E451.62667
G1 X128.885 Y79.049 E451.68229
G1 X127.925 Y78.265 E451.74001
G1 X127.154 Y77.325 E451.79662
G1 X126.583 Y76.258 E451.85297
G1 X126.227 Y75.088 E451.90992
G1 X126.108 Y73.898 E451.9656
G1 X126.224 Y72.692 E452.02202
G1 X126.583 Y71.502 E452.0799
G1 X127.154 Y70.435 E452.13625
G1 X127.913 Y69.508 E452.19204
G1 X128.864 Y68.725 E452.2494
G1 X129.953 Y68.144 E452.30687
G1 X131.124 Y67.792 E452.36381
G1 X132.328 Y67.68 E452.42011
G1 X133.496 Y67.792 E452.47475
G1 X134.674 Y68.148 E452.53205
G1 X135.757 Y68.726 E452.58921
G1 X136.676 Y69.481 E452.6446
G1 X137.477 Y70.453 E452.70324
G1 X138.035 Y71.502 E452.75857
G1 X138.396 Y72.692 E452.81647
G1 X138.512 Y73.9 E452.87298
G1 X138.394 Y75.083 E452.92834
G1 X138.029 Y76.275 E452.98639
G1 X137.467 Y77.324 E453.0418
G1 X136.68 Y78.275 E453.09928
G1 X135.735 Y79.049 E453.15616
G1 X134.703 Y79.601 E453.21066
G1 X133.496 Y79.964 E453.26935
G1 X132.288 Y80.08 E453.32586
G1 F2400 E450.32586
G0 F15000 X132.258 Y80.388
G0 X133.567 Y80.209
G0 X134.78 Y79.841
G0 X135.896 Y79.246
G0 X136.873 Y78.442
G0 X137.676 Y77.465
G0 X138.271 Y76.349
G0 X138.639 Y75.138
G0 X138.74 Y74.12
G0 X138.565 Y71.264
G0 X143.316 Y65.813
G0 X144.621 Y65.487
G1 F2400 E453.32586
G1 F5400 X144.071 Y65.436 E453.35158
G1 X143.524 Y65.271 E453.37818
G1 X143.045 Y65.019 E453.40338
G1 X142.613 Y64.668 E453.4293
G1 X142.257 Y64.238 E453.4553
G1 X141.997 Y63.759 E453.48068
G1 X141.824 Y63.187 E453.5085
G1 X141.776 Y62.641 E453.53402
G1 X141.832 Y62.093 E453.55967
G1 X141.984 Y61.593 E453.58401
G1 X142.265 Y61.073 E453.61153
G1 X142.617 Y60.649 E453.63719
G1 X143.05 Y60.299 E453.66312
G1 X143.537 Y60.044 E453.68871
G1 X144.033 Y59.892 E453.71287
G1 X144.6 Y59.832 E453.73942
G1 X145.167 Y59.892 E453.76597
G1 X145.703 Y60.059 E453.79211
G1 X146.183 Y60.321 E453.81757
G1 X146.606 Y60.67 E453.84311
G1 X146.965 Y61.11 E453.86955
G1 X147.216 Y61.592 E453.89486
G1 X147.38 Y62.133 E453.92118
G1 X147.428 Y62.641 E453.94494
G1 X147.378 Y63.203 E453.97121
G1 X147.202 Y63.762 E453.9985
G1 X146.965 Y64.21 E454.0221
G1 X146.583 Y64.671 E454.04998
G1 X146.151 Y65.021 E454.07587
G1 X145.667 Y65.276 E454.10134
G1 X145.167 Y65.428 E454.12568
G1 X144.621 Y65.487 E454.15125
G1 F2400 E451.15125
G0 F15000 X144.65 Y65.795
G0 X143.936 Y66.006
G0 X143.936 Y161.756
G0 X110 Y161.595
;TYPE:SKIN
G1 F2400 E454.15125
G1 F5400 X70.977 Y161.595 E455.96832
G1 X70.976 Y58.4 E460.77351
G1 X73.951 Y58.4 E460.91204
G1 F4576.3 X74.639 Y58.471 E460.95005
G1 F3884.9 X74.702 Y58.485 E460.95422
G1 F3898.9 X75.386 Y58.468 E460.99835
G1 F3871 X76.282 Y58.491 E461.05657
G1 F4408.2 X76.938 Y58.4 E461.09435
G1 F5400 X143.102 Y58.4 E464.17522
G1 F4595.7 X143.747 Y58.469 E464.21071
G1 F3884.9 X143.822 Y58.486 E464.21569
G1 F3898.9 X144.545 Y58.468 E464.26233
G1 F3913 X145.311 Y58.483 E464.31156
G1 F3985.2 X145.429 Y58.459 E464.31916
G1 F4716.2 X146.099 Y58.4 E464.35502
G1 F5400 X149.02 Y58.4 E464.49103
G1 X149.02 Y161.596 E469.29627
G1 X110 Y161.595 E471.11321
G1 F2400 E468.11321
G0 F15000 X110 Y161.856
G0 X110 Y124.804
G0 X110 Y124.983
G1 F2400 E471.11321
G1 F5400 X127.967 Y124.984 E471.94982
G1 X128.304 Y124.804 E471.96761
G1 X128.481 Y124.639 E471.97888
G1 X128.641 Y124.371 E471.99342
G1 X128.702 Y124.111 E472.00585
G1 X128.703 Y89.268 E473.62829
G1 X128.626 Y88.959 E473.64312
G1 X128.449 Y88.695 E473.65792
G1 X128.259 Y88.537 E473.66942
G1 X127.832 Y88.387 E473.6905
G1 X91.911 Y88.394 E475.36313
G1 X91.653 Y88.456 E475.37548
G1 X91.325 Y88.684 E475.39408
G1 X91.191 Y88.87 E475.40476
G1 X91.064 Y89.278 E475.42466
G1 X91.064 Y124.089 E477.0456
G1 X91.204 Y124.525 E477.06693
G1 X91.396 Y124.752 E477.08077
G1 X91.609 Y124.888 E477.09254
G1 X91.963 Y124.983 E477.1096
G1 X110 Y124.983 E477.94948
G1 F2400 E474.94948
G0 F15000 X110 Y124.724
G0 X91.588 Y124.463
G0 X91.598 Y88.906
G0 X76.745 Y65.807
G0 X75.42 Y66.252
G1 F2400 E477.94948
G1 F5400 X76.116 Y66.184 E477.98205
G1 X76.831 Y65.965 E478.01687
G1 X77.443 Y65.635 E478.04924
G1 X77.978 Y65.202 E478.08129
G1 X78.416 Y64.662 E478.11367
G1 X78.745 Y64.059 E478.14565
G1 X78.955 Y63.38 E478.17875
G1 X79.032 Y62.64 E478.21339
G1 X78.968 Y61.984 E478.24408
G1 X78.749 Y61.261 E478.27926
G1 X78.441 Y60.689 E478.30951
G1 X77.963 Y60.1 E478.34483
G1 X77.451 Y59.684 E478.37555
G1 X76.835 Y59.351 E478.40815
G1 F4408.2 X76.197 Y59.058 E478.4482
G1 F3871 X75.462 Y59.004 E478.49607
G1 F3898.9 X74.751 Y59.051 E478.54203
G1 F3884.9 X74.724 Y59.071 E478.5442
G1 F4576.3 X74.045 Y59.347 E478.58447
G1 F5400 X73.461 Y59.659 E478.6153
G1 X72.919 Y60.106 E478.64802
G1 X72.462 Y60.647 E478.68099
G1 X72.12 Y61.296 E478.71515
G1 X71.912 Y61.985 E478.74867
G1 X71.852 Y62.645 E478.77953
G1 X71.914 Y63.331 E478.8116
G1 X72.111 Y64.016 E478.84479
G1 X72.462 Y64.669 E478.87931
G1 X72.919 Y65.21 E478.91229
G1 X73.427 Y65.634 E478.9431
G1 X74.077 Y65.98 E478.97738
G1 X74.725 Y66.18 E479.00896
G1 X75.42 Y66.252 E479.0415
G1 F2400 E476.0415
G0 F15000 X75.445 Y65.993
G0 X76.745 Y65.807
G0 X86.372 Y75.767
G0 X87.301 Y78.078
G1 F2400 E479.0415
G1 F5400 X87.893 Y77.958 E479.06962
G1 X88.376 Y77.652 E479.09625
G1 X88.554 Y77.411 E479.1102
G1 X88.734 Y77.051 E479.12894
G1 X88.804 Y76.779 E479.14202
G1 X88.796 Y76.268 E479.16582
G1 X88.56 Y75.749 E479.19236
G1 X88.22 Y75.395 E479.21522
G1 X87.737 Y75.167 E479.24009
G1 X87.859 Y75.079 E479.24709
G1 X88.205 Y74.904 E479.26515
G1 X88.539 Y74.557 E479.28758
G1 X88.795 Y74.134 E479.3106
G1 X89.072 Y74.606 E479.33608
G1 X89.339 Y74.859 E479.35321
G1 X89.602 Y75.023 E479.36764
G1 X90.056 Y75.163 E479.38976
G1 X90.368 Y75.171 E479.4043
G1 X90.795 Y75.086 E479.42457
G1 X91.183 Y74.832 E479.44616
G1 X91.364 Y74.646 E479.45825
G1 X91.617 Y74.238 E479.4806
G1 X91.708 Y73.668 E479.50748
G1 X91.61 Y73.169 E479.53116
G1 X91.368 Y72.8 E479.55171
G1 X91.106 Y72.553 E479.56848
G1 X90.584 Y72.281 E479.59588
G1 X89.948 Y72.261 E479.62551
G1 X89.395 Y72.513 E479.65381
G1 X89.041 Y72.871 E479.67725
G1 X88.819 Y73.329 E479.70095
G1 X88.714 Y73.183 E479.70933
G1 X88.56 Y72.865 E479.72578
G1 X88.308 Y72.59 E479.74315
G1 X88.08 Y72.424 E479.75628
G1 X87.701 Y72.251 E479.77568
G1 X88.042 Y72.074 E479.79357
G1 X88.357 Y71.855 E479.81143
G1 X88.545 Y71.621 E479.82541
G1 X88.811 Y71.109 E479.85228
G1 X88.791 Y70.531 E479.87921
G1 X88.611 Y70.01 E479.90488
G1 X88.241 Y69.63 E479.92957
G1 X87.924 Y69.458 E479.94637
G1 X87.527 Y69.343 E479.96561
G1 X87.273 Y69.332 E479.97745
G1 X86.842 Y69.415 E479.99789
G1 X86.619 Y69.536 E480.0097
G1 X86.237 Y69.845 E480.03258
G1 X86.056 Y70.105 E480.04733
G1 X85.911 Y70.607 E480.07166
G1 X85.91 Y70.977 E480.08889
G1 X86.1 Y71.591 E480.11882
G1 X86.533 Y72.012 E480.14694
G1 X86.993 Y72.226 E480.17056
G1 X86.634 Y72.431 E480.18981
G1 X86.352 Y72.632 E480.20594
G1 X86.188 Y72.831 E480.21795
G1 X86.017 Y73.142 E480.23447
G1 X85.894 Y73.313 E480.24428
G1 X85.713 Y73.004 E480.26096
G1 X85.406 Y72.594 E480.28481
G1 X84.927 Y72.349 E480.30986
G1 X84.641 Y72.269 E480.32369
G1 X84.141 Y72.265 E480.34697
G1 X83.601 Y72.511 E480.3746
G1 X83.237 Y72.862 E480.39815
G1 X82.996 Y73.406 E480.42585
G1 X82.997 Y73.99 E480.45305
G1 X83.211 Y74.543 E480.48066
G1 X83.582 Y74.899 E480.5046
G1 X83.817 Y75.03 E480.51713
G1 X84.291 Y75.179 E480.54026
G1 X84.65 Y75.159 E480.55701
G1 X85.046 Y75.056 E480.57606
G1 X85.398 Y74.817 E480.59587
G1 X85.581 Y74.619 E480.60843
G1 X85.898 Y74.099 E480.63678
G1 X86.132 Y74.55 E480.66044
G1 X86.48 Y74.909 E480.68372
G1 X86.829 Y75.081 E480.70184
G1 X86.919 Y75.167 E480.70764
G1 X86.557 Y75.385 E480.72731
G1 X86.234 Y75.647 E480.74668
G1 X86.061 Y75.901 E480.76099
G1 X85.913 Y76.395 E480.785
G1 X85.902 Y76.753 E480.80168
G1 X86.055 Y77.259 E480.8263
G1 X86.188 Y77.466 E480.83775
G1 X86.437 Y77.725 E480.85448
G1 X86.688 Y77.893 E480.86855
G1 X87.301 Y78.078 E480.89836
G1 F2400 E477.89836
G0 F15000 X87.298 Y77.79
G0 X88.403 Y77.313
G0 X98.73 Y76.583
G0 X100.532 Y77.316
G1 F2400 E480.89836
G1 F5400 X101.251 Y77.236 E480.93205
G1 X101.902 Y77.034 E480.96379
G1 X102.474 Y76.731 E480.99393
G1 X102.979 Y76.32 E481.02425
G1 X103.424 Y75.774 E481.05704
G1 X103.753 Y75.155 E481.08969
G1 X103.947 Y74.549 E481.11931
G1 X104.02 Y73.868 E481.15121
G1 X103.947 Y73.151 E481.18477
G1 X103.763 Y72.567 E481.21328
G1 X103.444 Y71.941 E481.24599
G1 X102.988 Y71.389 E481.27933
G1 X102.48 Y70.969 E481.31002
G1 X101.867 Y70.646 E481.34229
G1 X101.207 Y70.453 E481.37431
G1 X100.552 Y70.38 E481.405
G1 X99.881 Y70.454 E481.43643
G1 X99.219 Y70.651 E481.46859
G1 X98.616 Y70.981 E481.5006
G1 X98.107 Y71.405 E481.53145
G1 X97.667 Y71.934 E481.56349
G1 X97.356 Y72.51 E481.59397
G1 X97.163 Y73.155 E481.62532
G1 X97.084 Y73.856 E481.65816
G1 X97.155 Y74.52 E481.68926
G1 X97.349 Y75.17 E481.72085
G1 X97.675 Y75.774 E481.75281
G1 X98.127 Y76.319 E481.78577
G1 X98.625 Y76.731 E481.81587
G1 X99.212 Y77.034 E481.84663
G1 X99.846 Y77.243 E481.87772
G1 X100.532 Y77.316 E481.90984
G1 F2400 E478.90984
G0 F15000 X100.557 Y77.058
G0 X102.371 Y76.586
G0 X109.151 Y77.64
G0 X114.777 Y80.84
G1 F2400 E481.90984
G1 F5400 X116.147 Y80.71 E481.97392
G1 X117.483 Y80.305 E482.03892
G1 X118.643 Y79.685 E482.10017
G1 X119.703 Y78.813 E482.16408
G1 X120.601 Y77.727 E482.2297
G1 X121.236 Y76.528 E482.29288
G1 X121.633 Y75.229 E482.35613
G1 X121.764 Y73.89 E482.41877
G1 X121.62 Y72.497 E482.48398
G1 X121.225 Y71.206 E482.54685
G1 X120.582 Y70.007 E482.6102
G1 X119.718 Y68.95 E482.67377
G1 X118.651 Y68.083 E482.73779
G1 X117.479 Y67.451 E482.79979
G1 X116.132 Y67.04 E482.86537
G1 X114.812 Y66.912 E482.92712
G1 X113.461 Y67.042 E482.99032
G1 X112.113 Y67.451 E483.05591
G1 X110.945 Y68.079 E483.11766
G1 X109.87 Y68.954 E483.1822
G1 X109.001 Y70.016 E483.2461
G1 X108.371 Y71.193 E483.30826
G1 X107.96 Y72.544 E483.37402
G1 X107.828 Y73.893 E483.43713
G1 X107.956 Y75.2 E483.49828
G1 X108.364 Y76.539 E483.56346
G1 X109 Y77.738 E483.62666
G1 X109.884 Y78.811 E483.6914
G1 X110.908 Y79.659 E483.75331
G1 X112.109 Y80.305 E483.81681
G1 X113.461 Y80.716 E483.88261
G1 X114.777 Y80.84 E483.94416
G1 F2400 E480.94416
G0 F15000 X114.801 Y80.581
G0 X117.395 Y80.15
G0 X129.727 Y80.152
G0 X132.296 Y80.84
G1 F2400 E483.94416
G1 F5400 X133.649 Y80.708 E484.00746
G1 X134.995 Y80.301 E484.07294
G1 X136.151 Y79.685 E484.13393
G1 X137.216 Y78.811 E484.19808
G1 X138.099 Y77.744 E484.26257
G1 X138.729 Y76.567 E484.32473
G1 X139.142 Y75.211 E484.39074
G1 X139.276 Y73.88 E484.45303
G1 X139.138 Y72.513 E484.51701
G1 X138.736 Y71.212 E484.58041
G1 X138.095 Y70.002 E484.64417
G1 X137.224 Y68.945 E484.70795
G1 X136.172 Y68.086 E484.77119
G1 X134.999 Y67.457 E484.83317
G1 X133.64 Y67.04 E484.89936
G1 X132.324 Y66.912 E484.96093
G1 X130.973 Y67.042 E485.02413
G1 X129.625 Y67.451 E485.08972
G1 X128.457 Y68.079 E485.15147
G1 X127.386 Y68.95 E485.21575
G1 X126.522 Y70.007 E485.27932
G1 X125.887 Y71.189 E485.3418
G1 X125.48 Y72.515 E485.40639
G1 X125.34 Y73.901 E485.47125
G1 X125.479 Y75.236 E485.53375
G1 X125.883 Y76.554 E485.59794
G1 X126.522 Y77.749 E485.66104
G1 X127.397 Y78.813 E485.72519
G1 X128.428 Y79.663 E485.78741
G1 X129.659 Y80.319 E485.85236
G1 X130.943 Y80.707 E485.91482
G1 X132.296 Y80.84 E485.97812
G1 F2400 E482.97812
G0 F15000 X132.321 Y80.581
G0 X134.78 Y79.841
G0 X135.896 Y79.246
G0 X136.873 Y78.442
G0 X137.676 Y77.465
G0 X138.271 Y76.349
G0 X138.639 Y75.138
G0 X138.74 Y74.12
G0 X138.565 Y71.264
G0 X143.316 Y65.813
G0 X144.579 Y66.251
G1 F2400 E485.97812
G1 F5400 X145.319 Y66.176 E486.01276
G1 X145.959 Y65.98 E486.04392
G1 X146.575 Y65.653 E486.0764
G1 X147.115 Y65.22 E486.10863
G1 X147.579 Y64.664 E486.14235
G1 X147.909 Y64.046 E486.17497
G1 X148.126 Y63.335 E486.20959
G1 X148.192 Y62.644 E486.24191
G1 X148.128 Y61.976 E486.27315
G1 X147.92 Y61.296 E486.30627
G1 X147.601 Y60.686 E486.33832
G1 X147.138 Y60.123 E486.37226
G1 X146.607 Y59.685 E486.40431
G1 X145.995 Y59.351 E486.43678
G1 F4716.2 X145.336 Y59.085 E486.47467
G1 F3985.2 X145.286 Y59.049 E486.47856
G1 F3913 X144.62 Y59.004 E486.52145
G1 F3898.9 X143.871 Y59.054 E486.56986
G1 F3884.9 X143.839 Y59.079 E486.57249
G1 F4595.7 X143.21 Y59.351 E486.60998
G1 F5400 X142.622 Y59.663 E486.64098
G1 X142.073 Y60.109 E486.67392
G1 X141.629 Y60.645 E486.70632
G1 X141.276 Y61.297 E486.74085
G1 X141.08 Y61.937 E486.77202
G1 X141.012 Y62.646 E486.80518
G1 X141.072 Y63.335 E486.83739
G1 X141.281 Y64.038 E486.87154
G1 X141.644 Y64.689 E486.90624
G1 X142.065 Y65.204 E486.93722
G1 X142.617 Y65.651 E486.97029
G1 X143.231 Y65.97 E487.00251
G1 X143.88 Y66.175 E487.0342
G1 X144.579 Y66.251 E487.06694
G1 F2400 E484.06694
G0 F15000 X144.605 Y65.993
G0 X142.186 Y65.068
G0 X142.186 Y58.24
G0 X71.508 Y58.599
G1 F2400 E487.06694
G1 F5400 X71.176 Y58.932 E487.08884
G0 F15000 X71.176 Y59.497
G1 F5400 X72.074 Y58.599 E487.14797
G0 F15000 X72.64 Y58.599
G1 F5400 X71.176 Y60.063 E487.24438
G0 F15000 X71.176 Y60.629
G1 F5400 X73.205 Y58.599 E487.37803
G0 F15000 X73.771 Y58.599
G1 F5400 X71.176 Y61.194 E487.54891
G0 F15000 X71.176 Y61.76
G1 F5400 X72.17 Y60.766 E487.61437
G0 F15000 X72.578 Y60.982
G0 X72.221 Y61.857
G0 X71.78 Y61.722
G1 F5400 X71.176 Y62.326 E487.65414
G0 F15000 X71.674 Y62.394
G1 F5400 X71.176 Y62.891 E487.6869
G0 F15000 X71.677 Y62.957
G1 F5400 X71.176 Y63.457 E487.71986
G0 F15000 X71.177 Y64.022
G1 F5400 X71.742 Y63.456 E487.7571
G0 F15000 X71.868 Y63.896
G1 F5400 X71.177 Y64.588 E487.80264
G0 F15000 X71.177 Y65.154
G1 F5400 X72.031 Y64.299 E487.85891
G0 F15000 X72.229 Y64.667
G1 F5400 X71.177 Y65.719 E487.92818
G0 F15000 X71.177 Y66.285
G1 F5400 X72.472 Y64.989 E488.01349
G0 F15000 X72.732 Y65.295
G1 F5400 X71.177 Y66.851 E488.11593
G0 F15000 X71.177 Y67.416
G1 F5400 X73.03 Y65.563 E488.23795
G0 F15000 X73.34 Y65.818
G1 F5400 X71.177 Y67.982 E488.38042
G0 F15000 X71.177 Y68.548
G1 F5400 X73.71 Y66.015 E488.54722
G0 F15000 X74.095 Y66.195
G1 F5400 X71.177 Y69.113 E488.73938
G0 F15000 X71.177 Y69.679
G1 F5400 X74.528 Y66.328 E488.96005
G0 F15000 X75.009 Y66.412
G1 F5400 X71.177 Y70.245 E489.21242
G0 F15000 X71.177 Y70.81
G1 F5400 X75.544 Y66.443 E489.5
G0 F15000 X76.184 Y66.369
G1 F5400 X71.177 Y71.376 E489.82972
G0 F15000 X71.177 Y71.942
G1 F5400 X77.046 Y66.073 E490.2162
G1 F2400 E487.2162
G0 F15000 X76.831 Y65.669
G0 X78.462 Y64.044
G0 X78.859 Y64.26
G1 F2400 E490.2162
G1 F5400 X84.518 Y58.6 E490.58889
G0 F15000 X83.953 Y58.6
G1 F5400 X79.156 Y63.397 E490.90478
G0 F15000 X79.224 Y62.763
G1 F5400 X83.387 Y58.6 E491.17892
G0 F15000 X82.821 Y58.6
G1 F5400 X79.193 Y62.228 E491.41783
G0 F15000 X79.109 Y61.747
G1 F5400 X82.256 Y58.6 E491.62507
G0 F15000 X81.69 Y58.6
G1 F5400 X78.977 Y61.313 E491.80372
G0 F15000 X78.797 Y60.927
G1 F5400 X81.124 Y58.6 E491.95696
G0 F15000 X80.559 Y58.6
G1 F5400 X78.594 Y60.564 E492.08632
G0 F15000 X78.343 Y60.25
G1 F5400 X79.993 Y58.6 E492.19498
G0 F15000 X79.427 Y58.6
G1 F5400 X78.085 Y59.942 E492.28335
G0 F15000 X77.773 Y59.689
G1 F5400 X78.861 Y58.6 E492.35503
G0 F15000 X78.296 Y58.6
G1 F5400 X77.444 Y59.451 E492.4111
G0 F15000 X77.076 Y59.254
G1 F5400 X77.73 Y58.6 E492.45417
G0 F15000 X77.164 Y58.6
G1 F5400 X76.711 Y59.053 E492.484
G0 F15000 X76.47 Y58.729
G1 F5400 X76.365 Y58.834 E492.49092
G1 F2400 E489.49092
G0 F15000 X76.184 Y59.421
G0 X74.796 Y59.315
G0 X74.796 Y58.24
G0 X74.27 Y58.666
G1 F2400 E492.49092
G1 F5400 X73.55 Y59.386 E492.53833
G1 F2400 E489.53833
G0 F15000 X73.766 Y59.796
G0 X75.443 Y59.583
G0 X77.336 Y59.822
G0 X77.336 Y58.24
G0 X85.084 Y58.6
G1 F2400 E492.53833
G1 F5400 X71.177 Y72.507 E493.45413
G0 F15000 X71.177 Y73.073
G1 F5400 X85.65 Y58.6 E494.4072
G0 F15000 X86.215 Y58.6
G1 F5400 X71.177 Y73.639 E495.39751
G0 F15000 X71.177 Y74.204
G1 F5400 X86.781 Y58.6 E496.42506
G0 F15000 X87.347 Y58.6
G1 F5400 X71.177 Y74.77 E497.48988
G0 F15000 X71.177 Y75.336
G1 F5400 X87.912 Y58.6 E498.59195
G0 F15000 X88.478 Y58.6
G1 F5400 X71.177 Y75.902 E499.73128
G0 F15000 X71.177 Y76.467
G1 F5400 X89.044 Y58.6 E500.90785
G0 F15000 X89.61 Y58.6
G1 F5400 X71.177 Y77.033 E502.1217
G0 F15000 X71.177 Y77.599
G1 F5400 X90.175 Y58.6 E503.37278
G0 F15000 X90.741 Y58.6
G1 F5400 X71.177 Y78.164 E504.6611
G0 F15000 X71.177 Y78.73
G1 F5400 X91.307 Y58.6 E505.9867
G0 F15000 X91.872 Y58.6
G1 F5400 X71.177 Y79.296 E507.34953
G0 F15000 X71.177 Y79.861
G1 F5400 X92.438 Y58.6 E508.7496
G0 F15000 X93.004 Y58.6
G1 F5400 X71.177 Y80.427 E510.18695
G0 F15000 X71.177 Y80.993
G1 F5400 X93.569 Y58.6 E511.66153
G0 F15000 X94.135 Y58.6
G1 F5400 X71.177 Y81.558 E513.17336
G0 F15000 X71.177 Y82.124
G1 F5400 X94.701 Y58.6 E514.72245
G0 F15000 X95.266 Y58.6
G1 F5400 X71.177 Y82.69 E516.30879
G0 F15000 X71.177 Y83.255
G1 F5400 X95.832 Y58.6 E517.93236
G0 F15000 X96.398 Y58.6
G1 F5400 X71.177 Y83.821 E519.59321
G0 F15000 X71.177 Y84.387
G1 F5400 X96.963 Y58.6 E521.29129
G0 F15000 X97.529 Y58.6
G1 F5400 X86.939 Y69.19 E521.98866
G0 F15000 X87.542 Y69.153
G1 F5400 X98.095 Y58.6 E522.6836
G0 F15000 X98.66 Y58.6
G1 F5400 X87.99 Y69.27 E523.38623
G0 F15000 X88.359 Y69.467
G1 F5400 X99.226 Y58.6 E524.10184
G0 F15000 X99.792 Y58.6
G1 F5400 X88.639 Y69.753 E524.83629
G0 F15000 X88.853 Y70.105
G1 F5400 X100.358 Y58.6 E525.59391
G0 F15000 X100.923 Y58.6
G1 F5400 X88.995 Y70.528 E526.37939
G0 F15000 X89.013 Y71.076
G1 F5400 X101.489 Y58.6 E527.20096
G0 F15000 X102.055 Y58.6
G1 F5400 X88.308 Y72.347 E528.10622
G0 F15000 X88.603 Y72.617
G1 F5400 X102.62 Y58.6 E529.02926
G0 F15000 X103.186 Y58.6
G1 F5400 X89.578 Y72.208 E529.92537
G0 F15000 X90.283 Y72.069
G1 F5400 X103.752 Y58.6 E530.81233
G0 F15000 X104.317 Y58.6
G1 F5400 X90.765 Y72.152 E531.70475
G0 F15000 X91.138 Y72.346
G1 F5400 X104.883 Y58.6 E532.60992
G0 F15000 X105.449 Y58.6
G1 F5400 X91.447 Y72.601 E533.53194
G0 F15000 X91.691 Y72.924
G1 F5400 X106.014 Y58.6 E534.47517
G0 F15000 X106.58 Y58.6
G1 F5400 X91.846 Y73.334 E535.44543
G0 F15000 X91.884 Y73.862
G1 F5400 X107.146 Y58.6 E536.45045
G0 F15000 X107.711 Y58.6
G1 F5400 X88.521 Y77.79 E537.71415
G1 X88.489 Y77.823
G1 X71.177 Y95.135 E538.85417
G0 F15000 X71.177 Y95.701
G1 F5400 X108.277 Y58.6 E541.29731
G0 F15000 X108.843 Y58.6
G1 F5400 X71.177 Y96.266 E543.77768
G0 F15000 X71.177 Y96.832
G1 F5400 X109.409 Y58.6 E546.29532
G0 F15000 X109.974 Y58.6
G1 F5400 X71.177 Y97.398 E548.8502
G0 F15000 X71.177 Y97.963
G1 F5400 X110.54 Y58.6 E551.44232
G0 F15000 X111.106 Y58.6
G1 F5400 X99.28 Y70.426 E552.22108
G0 F15000 X100.035 Y70.236
G1 F5400 X111.671 Y58.6 E552.98733
G0 F15000 X112.237 Y58.6
G1 F5400 X100.648 Y70.189 E553.75049
G0 F15000 X101.157 Y70.246
G1 F5400 X112.803 Y58.6 E554.5174
G0 F15000 X113.368 Y58.6
G1 F5400 X101.605 Y70.363 E555.29201
G0 F15000 X102.028 Y70.506
G1 F5400 X113.934 Y58.6 E556.07604
G0 F15000 X114.5 Y58.6
G1 F5400 X102.4 Y70.7 E556.87285
G0 F15000 X102.739 Y70.926
G1 F5400 X115.065 Y58.6 E557.68454
G0 F15000 X115.631 Y58.6
G1 F5400 X103.049 Y71.182 E558.51308
G0 F15000 X103.322 Y71.475
G1 F5400 X116.197 Y58.6 E559.36092
G0 F15000 X116.762 Y58.6
G1 F5400 X103.576 Y71.787 E560.22928
G0 F15000 X103.775 Y72.153
G1 F5400 X117.328 Y58.6 E561.12176
G0 F15000 X117.894 Y58.6
G1 F5400 X103.962 Y72.531 E562.03918
G0 F15000 X104.097 Y72.962
G1 F5400 X118.459 Y58.6 E562.98494
G0 F15000 X119.025 Y58.6
G1 F5400 X104.182 Y73.444 E563.96241
G0 F15000 X104.211 Y73.98
G1 F5400 X119.591 Y58.6 E564.97521
G0 F15000 X120.157 Y58.6
G1 F5400 X110.858 Y67.899 E565.58756
G0 F15000 X111.078 Y68.307
G0 X112.231 Y67.684
G0 X112.071 Y67.252
G1 F5400 X120.722 Y58.6 E566.15728
G0 F15000 X121.288 Y58.6
G1 F5400 X112.881 Y67.007 E566.7109
G0 F15000 X113.629 Y66.824
G1 F5400 X121.854 Y58.6 E567.25249
G0 F15000 X122.419 Y58.6
G1 F5400 X114.257 Y66.762 E567.78997
G0 F15000 X114.868 Y66.717
G1 F5400 X122.985 Y58.6 E568.32449
G0 F15000 X123.551 Y58.6
G1 F5400 X115.384 Y66.767 E568.8623
G0 F15000 X115.899 Y66.817
G1 F5400 X124.116 Y58.6 E569.40341
G0 F15000 X124.682 Y58.6
G1 F5400 X116.378 Y66.904 E569.95024
G0 F15000 X116.812 Y67.036
G1 F5400 X125.248 Y58.6 E570.50576
G0 F15000 X125.813 Y58.6
G1 F5400 X117.246 Y67.167 E571.06992
G0 F15000 X117.658 Y67.321
G1 F5400 X126.379 Y58.6 E571.64421
G0 F15000 X126.945 Y58.6
G1 F5400 X118.026 Y67.519 E572.23154
G0 F15000 X118.394 Y67.717
G1 F5400 X127.51 Y58.6 E572.83188
G0 F15000 X128.076 Y58.6
G1 F5400 X118.761 Y67.915 E573.44529
G0 F15000 X119.075 Y68.167
G1 F5400 X128.642 Y58.6 E574.07529
G0 F15000 X129.208 Y58.6
G1 F5400 X119.386 Y68.422 E574.72208
G0 F15000 X119.697 Y68.676
G1 F5400 X129.773 Y58.6 E575.38561
G0 F15000 X130.339 Y58.6
G1 F5400 X119.982 Y68.957 E576.06763
G0 F15000 X120.236 Y69.268
G1 F5400 X130.905 Y58.6 E576.77017
G0 F15000 X131.47 Y58.6
G1 F5400 X120.491 Y69.579 E577.49316
G0 F15000 X120.746 Y69.89
G1 F5400 X132.036 Y58.6 E578.23662
G0 F15000 X132.602 Y58.6
G1 F5400 X120.944 Y70.258 E579.00432
G0 F15000 X121.141 Y70.627
G1 F5400 X133.167 Y58.6 E579.79629
G0 F15000 X133.733 Y58.6
G1 F5400 X121.338 Y70.995 E580.61252
G0 F15000 X121.494 Y71.405
G1 F5400 X134.299 Y58.6 E581.45575
G0 F15000 X134.864 Y58.6
G1 F5400 X121.626 Y71.839 E582.32753
G0 F15000 X121.758 Y72.272
G1 F5400 X135.43 Y58.6 E583.22785
G0 F15000 X135.996 Y58.6
G1 F5400 X121.849 Y72.747 E584.15946
G0 F15000 X121.902 Y73.259
G1 F5400 X136.561 Y58.6 E585.12478
G0 F15000 X137.127 Y58.6
G1 F5400 X121.957 Y73.77 E586.12375
G0 F15000 X121.917 Y74.376
G1 F5400 X126.306 Y69.987 E586.41277
G0 F15000 X126.713 Y70.206
G0 X126.118 Y71.317
G0 X125.676 Y71.182
G1 F5400 X121.855 Y75.004 E586.66442
G0 F15000 X121.686 Y75.738
G1 F5400 X125.43 Y71.994 E586.91097
G0 F15000 X125.257 Y72.733
G1 F5400 X121.438 Y76.552 E587.16246
G0 F15000 X121.001 Y76.418
G0 X120.421 Y77.514
G0 X120.825 Y77.731
G1 F5400 X125.191 Y73.364 E587.45
G0 F15000 X125.147 Y73.975
G1 F5400 X110.929 Y88.192 E588.38625
G0 F15000 X110.364 Y88.192
G1 F5400 X118.647 Y79.909 E588.9317
G0 F15000 X118.432 Y79.505
G0 X117.336 Y80.084
G0 X117.467 Y80.522
G1 F5400 X109.798 Y88.192 E589.43675
G0 F15000 X109.232 Y88.192
G1 F5400 X116.661 Y80.764 E589.92593
G0 F15000 X115.927 Y80.932
G1 F5400 X108.667 Y88.192 E590.40401
G0 F15000 X108.101 Y88.192
G1 F5400 X115.299 Y80.993 E590.87804
G0 F15000 X114.694 Y81.033
G1 F5400 X107.535 Y88.192 E591.34948
G0 F15000 X106.97 Y88.192
G1 F5400 X114.178 Y80.984 E591.82414
G0 F15000 X113.661 Y80.935
G1 F5400 X106.404 Y88.192 E592.30202
G0 F15000 X105.838 Y88.192
G1 F5400 X113.186 Y80.844 E592.7859
G0 F15000 X112.752 Y80.713
G1 F5400 X105.273 Y88.192 E593.2784
G0 F15000 X104.707 Y88.192
G1 F5400 X112.318 Y80.58 E593.77963
G0 F15000 X111.909 Y80.424
G1 F5400 X104.141 Y88.192 E594.29117
G0 F15000 X103.576 Y88.192
G1 F5400 X111.54 Y80.227 E594.81565
G0 F15000 X111.172 Y80.03
G1 F5400 X103.01 Y88.192 E595.35313
G0 F15000 X102.444 Y88.192
G1 F5400 X110.804 Y79.832 E595.90365
G0 F15000 X110.495 Y79.576
G1 F5400 X101.879 Y88.192 E596.47103
G0 F15000 X101.313 Y88.192
G1 F5400 X110.185 Y79.32 E597.05526
G0 F15000 X109.875 Y79.064
G1 F5400 X100.747 Y88.192 E597.65636
G0 F15000 X100.181 Y88.192
G1 F5400 X109.594 Y78.779 E598.27622
G0 F15000 X109.339 Y78.468
G1 F5400 X99.616 Y88.192 E598.91653
G0 F15000 X99.05 Y88.192
G1 F5400 X109.084 Y78.158 E599.57728
G0 F15000 X108.833 Y77.843
G1 F5400 X98.484 Y88.192 E600.25878
G0 F15000 X97.919 Y88.192
G1 F5400 X108.636 Y77.474 E600.96455
G0 F15000 X108.439 Y77.106
G1 F5400 X97.353 Y88.192 E601.69458
G0 F15000 X96.787 Y88.192
G1 F5400 X108.242 Y76.737 E602.44891
G0 F15000 X108.09 Y76.324
G1 F5400 X96.222 Y88.192 E603.23044
G0 F15000 X95.656 Y88.192
G1 F5400 X107.957 Y75.891 E604.04048
G0 F15000 X107.823 Y75.459
G1 F5400 X95.09 Y88.192 E604.87897
G0 F15000 X94.525 Y88.192
G1 F5400 X107.734 Y74.982 E605.74884
G0 F15000 X107.684 Y74.467
G1 F5400 X93.959 Y88.192 E606.65266
G0 F15000 X93.393 Y88.192
G1 F5400 X107.633 Y73.952 E607.59038
G0 F15000 X107.679 Y73.34
G1 F5400 X92.828 Y88.192 E608.56838
G0 F15000 X92.262 Y88.192
G1 F5400 X107.742 Y72.712 E609.58777
G0 F15000 X107.924 Y71.964
G1 F5400 X91.63 Y88.258 E610.66075
G0 F15000 X90.964 Y88.924
G1 F5400 X71.177 Y108.711 E611.96376
G0 F15000 X71.177 Y108.146
G1 F5400 X102.245 Y77.077 E614.00967
G0 F15000 X101.339 Y77.418
G1 F5400 X71.177 Y107.58 E615.99589
G0 F15000 X71.177 Y107.014
G1 F5400 X100.688 Y77.503 E617.93924
G0 F15000 X100.148 Y77.477
G1 F5400 X71.177 Y106.449 E619.84707
G0 F15000 X71.177 Y105.883
G1 F5400 X99.667 Y77.393 E621.72318
G0 F15000 X99.238 Y77.256
G1 F5400 X71.177 Y105.317 E623.57105
G0 F15000 X71.177 Y104.752
G1 F5400 X98.856 Y77.072 E625.39379
G0 F15000 X98.488 Y76.875
G1 F5400 X71.177 Y104.186 E627.19226
G0 F15000 X71.177 Y103.62
G1 F5400 X98.178 Y76.619 E628.97033
G0 F15000 X97.888 Y76.343
G1 F5400 X71.177 Y103.054 E630.72929
G0 F15000 X71.177 Y102.489
G1 F5400 X97.632 Y76.034 E632.4714
G0 F15000 X97.405 Y75.694
G1 F5400 X71.177 Y101.923 E634.19859
G0 F15000 X71.177 Y101.357
G1 F5400 X97.207 Y75.327 E635.91271
G0 F15000 X97.063 Y74.905
G1 F5400 X71.177 Y100.792 E637.61738
G0 F15000 X71.177 Y100.226
G1 F5400 X96.947 Y74.456 E639.31438
G0 F15000 X96.892 Y73.945
G1 F5400 X71.177 Y99.66 E641.00775
G0 F15000 X71.177 Y99.095
G1 F5400 X96.942 Y73.329 E642.70446
G0 F15000 X97.132 Y72.573
G1 F5400 X71.177 Y98.529 E644.41367
G1 F2400 E641.41367
G0 F15000 X70.716 Y98.529
G0 X70.716 Y94.569
G0 X71.177 Y94.569
G1 F2400 E644.41367
G1 F5400 X87.506 Y78.24 E645.48896
G0 F15000 X86.99 Y78.19
G1 F5400 X71.177 Y94.003 E646.53028
G0 F15000 X71.177 Y93.438
G1 F5400 X86.563 Y78.052 E647.54347
G0 F15000 X86.24 Y77.809
G1 F5400 X71.177 Y92.872 E648.5354
G0 F15000 X71.177 Y92.306
G1 F5400 X85.976 Y77.507 E649.50993
G0 F15000 X85.801 Y77.116
G1 F5400 X71.177 Y91.741 E650.47298
G0 F15000 X71.177 Y91.175
G1 F5400 X85.706 Y76.646 E651.42974
G0 F15000 X85.841 Y75.945
G1 F5400 X71.177 Y90.609 E652.39539
G0 F15000 X71.177 Y90.044
G1 F5400 X86.256 Y74.965 E653.38837
G0 F15000 X85.977 Y74.678
G1 F5400 X71.177 Y89.478 E654.36298
G0 F15000 X71.177 Y88.912
G1 F5400 X84.75 Y75.339 E655.25678
G0 F15000 X84.174 Y75.349
G1 F5400 X71.177 Y88.347 E656.11269
G0 F15000 X71.177 Y87.781
G1 F5400 X83.741 Y75.216 E656.94008
G0 F15000 X83.393 Y74.999
G1 F5400 X71.177 Y87.215 E657.74453
G0 F15000 X71.177 Y86.65
G1 F5400 X83.107 Y74.719 E658.53017
G0 F15000 X82.917 Y74.343
G1 F5400 X71.177 Y86.084 E659.3033
G0 F15000 X71.177 Y85.518
G1 F5400 X82.798 Y73.897 E660.06856
G0 F15000 X82.821 Y73.309
G1 F5400 X71.177 Y84.953 E660.83534
G1 F2400 E657.83534
G0 F15000 X70.716 Y84.953
G0 X70.816 Y72.523
G0 X83.707 Y72.659
G0 X84.034 Y72.095
G1 F2400 E660.83534
G1 F5400 X85.776 Y70.354 E660.95002
G0 F15000 X85.712 Y70.983
G1 F5400 X84.624 Y72.071 E661.02167
G0 F15000 X85.065 Y72.196
G1 F5400 X85.839 Y71.422 E661.07264
G0 F15000 X86.027 Y71.799
G1 F5400 X85.439 Y72.387 E661.11136
G0 F15000 X85.713 Y72.679
G1 F5400 X86.314 Y72.078 E661.15094
G1 F2400 E658.15094
G0 F15000 X87.264 Y72.115
G0 X88.932 Y73.898
G0 X88.854 Y74.629
G1 F2400 E661.15094
G1 F5400 X88.273 Y75.21 E661.1892
G0 F15000 X88.573 Y75.476
G1 F5400 X89.122 Y74.927 E661.22535
G0 F15000 X89.447 Y75.168
G1 F5400 X88.808 Y75.807 E661.26743
G0 F15000 X88.987 Y76.194
G1 F5400 X89.864 Y75.316 E661.32521
G0 F15000 X90.377 Y75.369
G1 F5400 X89.003 Y76.743 E661.41569
G1 F2400 E658.41569
G0 F15000 X88.546 Y76.756
G0 X87.837 Y77.787
G0 X91.463 Y88.803
G0 X90.865 Y89.588
G1 F2400 E661.41569
G1 F5400 X71.177 Y109.277 E662.71221
G0 F15000 X71.177 Y109.843
G1 F5400 X90.865 Y90.154 E664.00874
G0 F15000 X90.865 Y90.72
G1 F5400 X71.177 Y110.408 E665.30522
G0 F15000 X71.177 Y110.974
G1 F5400 X90.865 Y91.285 E666.60175
G0 F15000 X90.865 Y91.851
G1 F5400 X71.177 Y111.54 E667.89827
G0 F15000 X71.177 Y112.105
G1 F5400 X90.865 Y92.417 E669.19476
G0 F15000 X90.865 Y92.982
G1 F5400 X71.177 Y112.671 E670.49128
G0 F15000 X71.177 Y113.237
G1 F5400 X90.865 Y93.548 E671.7878
G0 F15000 X90.865 Y94.114
G1 F5400 X71.177 Y113.802 E673.08429
G0 F15000 X71.177 Y114.368
G1 F5400 X90.865 Y94.679 E674.38081
G0 F15000 X90.865 Y95.245
G1 F5400 X71.177 Y114.934 E675.67733
G0 F15000 X71.177 Y115.5
G1 F5400 X90.865 Y95.811 E676.97385
G0 F15000 X90.865 Y96.377
G1 F5400 X71.177 Y116.065 E678.27034
G0 F15000 X71.177 Y116.631
G1 F5400 X90.865 Y96.942 E679.56686
G0 F15000 X90.865 Y97.508
G1 F5400 X71.177 Y117.197 E680.86338
G0 F15000 X71.177 Y117.762
G1 F5400 X90.865 Y98.074 E682.15987
G0 F15000 X90.865 Y98.639
G1 F5400 X71.177 Y118.328 E683.45639
G0 F15000 X71.177 Y118.894
G1 F5400 X90.865 Y99.205 E684.75291
G0 F15000 X90.865 Y99.771
G1 F5400 X71.177 Y119.459 E686.0494
G0 F15000 X71.177 Y120.025
G1 F5400 X90.865 Y100.336 E687.34592
G0 F15000 X90.865 Y100.902
G1 F5400 X71.177 Y120.591 E688.64244
G0 F15000 X71.177 Y121.156
G1 F5400 X90.865 Y101.468 E689.93893
G0 F15000 X90.865 Y102.033
G1 F5400 X71.177 Y121.722 E691.23545
G0 F15000 X71.177 Y122.288
G1 F5400 X90.865 Y102.599 E692.53197
G0 F15000 X90.865 Y103.165
G1 F5400 X71.177 Y122.853 E693.82846
G0 F15000 X71.177 Y123.419
G1 F5400 X90.865 Y103.73 E695.12498
G0 F15000 X90.865 Y104.296
G1 F5400 X71.177 Y123.985 E696.42151
G0 F15000 X71.177 Y124.55
G1 F5400 X90.865 Y104.862 E697.71799
G0 F15000 X90.865 Y105.427
G1 F5400 X71.177 Y125.116 E699.01452
G0 F15000 X71.177 Y125.682
G1 F5400 X90.865 Y105.993 E700.31104
G0 F15000 X90.865 Y106.559
G1 F5400 X71.177 Y126.248 E701.60756
G0 F15000 X71.177 Y126.813
G1 F5400 X90.865 Y107.125 E702.90405
G0 F15000 X90.865 Y107.69
G1 F5400 X71.177 Y127.379 E704.20057
G0 F15000 X71.177 Y127.945
G1 F5400 X90.865 Y108.256 E705.49709
G0 F15000 X90.865 Y108.822
G1 F5400 X71.177 Y128.51 E706.79358
G0 F15000 X71.177 Y129.076
G1 F5400 X90.865 Y109.387 E708.0901
G0 F15000 X90.865 Y109.953
G1 F5400 X71.177 Y129.642 E709.38662
G0 F15000 X71.177 Y130.207
G1 F5400 X90.865 Y110.519 E710.68311
G0 F15000 X90.865 Y111.084
G1 F5400 X71.177 Y130.773 E711.97963
G0 F15000 X71.177 Y131.339
G1 F5400 X90.865 Y111.65 E713.27615
G0 F15000 X90.865 Y112.216
G1 F5400 X71.177 Y131.904 E714.57264
G0 F15000 X71.177 Y132.47
G1 F5400 X90.865 Y112.781 E715.86916
G0 F15000 X90.865 Y113.347
G1 F5400 X71.177 Y133.036 E717.16568
G0 F15000 X71.177 Y133.601
G1 F5400 X90.865 Y113.913 E718.46217
G0 F15000 X90.865 Y114.478
G1 F5400 X71.177 Y134.167 E719.75869
G0 F15000 X71.177 Y134.733
G1 F5400 X90.865 Y115.044 E721.05521
G0 F15000 X90.865 Y115.61
G1 F5400 X71.177 Y135.299 E722.35174
G0 F15000 X71.177 Y135.864
G1 F5400 X90.865 Y116.176 E723.64822
G0 F15000 X90.865 Y116.741
G1 F5400 X71.177 Y136.43 E724.94475
G0 F15000 X71.177 Y136.996
G1 F5400 X90.865 Y117.307 E726.24127
G0 F15000 X90.865 Y117.873
G1 F5400 X71.177 Y137.561 E727.53775
G0 F15000 X71.177 Y138.127
G1 F5400 X90.865 Y118.438 E728.83428
G0 F15000 X90.865 Y119.004
G1 F5400 X71.177 Y138.693 E730.1308
G0 F15000 X71.177 Y139.258
G1 F5400 X90.865 Y119.57 E731.42729
G0 F15000 X90.865 Y120.135
G1 F5400 X71.177 Y139.824 E732.72381
G0 F15000 X71.177 Y140.39
G1 F5400 X90.865 Y120.701 E734.02033
G0 F15000 X90.865 Y121.267
G1 F5400 X71.177 Y140.955 E735.31682
G0 F15000 X71.177 Y141.521
G1 F5400 X90.865 Y121.832 E736.61334
G0 F15000 X90.865 Y122.398
G1 F5400 X71.177 Y142.087 E737.90986
G0 F15000 X71.177 Y142.652
G1 F5400 X90.865 Y122.964 E739.20635
G0 F15000 X90.865 Y123.529
G1 F5400 X71.177 Y143.218 E740.50287
G0 F15000 X71.177 Y143.784
G1 F5400 X90.865 Y124.095 E741.79939
G0 F15000 X90.993 Y124.533
G1 F5400 X71.177 Y144.349 E743.10431
G0 F15000 X71.177 Y144.915
G1 F5400 X91.228 Y124.864 E744.4247
G0 F15000 X91.575 Y125.082
G1 F5400 X71.177 Y145.481 E745.76798
G0 F15000 X71.177 Y146.047
G1 F5400 X92.041 Y125.183 E747.14191
G0 F15000 X92.606 Y125.183
G1 F5400 X71.177 Y146.612 E748.55304
G0 F15000 X71.177 Y147.178
G1 F5400 X93.172 Y125.183 E750.00145
G0 F15000 X93.738 Y125.183
G1 F5400 X71.177 Y147.744 E751.48713
G0 F15000 X71.177 Y148.309
G1 F5400 X94.303 Y125.183 E753.01002
G0 F15000 X94.869 Y125.183
G1 F5400 X71.177 Y148.875 E754.57018
G0 F15000 X71.177 Y149.441
G1 F5400 X95.435 Y125.183 E756.16761
G0 F15000 X96 Y125.183
G1 F5400 X71.177 Y150.006 E757.80224
G0 F15000 X71.177 Y150.572
G1 F5400 X96.566 Y125.183 E759.47415
G0 F15000 X97.132 Y125.183
G1 F5400 X71.177 Y151.138 E761.18334
G0 F15000 X71.177 Y151.703
G1 F5400 X97.697 Y125.183 E762.92972
G0 F15000 X98.263 Y125.183
G1 F5400 X71.177 Y152.269 E764.71338
G0 F15000 X71.177 Y152.835
G1 F5400 X98.829 Y125.183 E766.53431
G0 F15000 X99.394 Y125.183
G1 F5400 X71.177 Y153.4 E768.39245
G0 F15000 X71.177 Y153.966
G1 F5400 X99.96 Y125.183 E770.28786
G0 F15000 X100.526 Y125.183
G1 F5400 X71.177 Y154.532 E772.22054
G0 F15000 X71.177 Y155.098
G1 F5400 X101.092 Y125.183 E774.1905
G0 F15000 X101.657 Y125.183
G1 F5400 X71.177 Y155.663 E776.19766
G0 F15000 X71.177 Y156.229
G1 F5400 X102.223 Y125.183 E778.24209
G0 F15000 X102.789 Y125.183
G1 F5400 X71.177 Y156.795 E780.32379
G0 F15000 X71.177 Y157.36
G1 F5400 X103.354 Y125.183 E782.4427
G0 F15000 X103.92 Y125.183
G1 F5400 X71.177 Y157.926 E784.59889
G0 F15000 X71.177 Y158.492
G1 F5400 X104.486 Y125.183 E786.79234
G0 F15000 X105.051 Y125.183
G1 F5400 X71.177 Y159.057 E789.023
G0 F15000 X71.177 Y159.623
G1 F5400 X105.617 Y125.183 E791.29093
G0 F15000 X106.183 Y125.183
G1 F5400 X71.177 Y160.189 E793.59614
G0 F15000 X71.177 Y160.754
G1 F5400 X106.748 Y125.183 E795.93855
G0 F15000 X107.314 Y125.183
G1 F5400 X71.177 Y161.32 E798.31823
G0 F15000 X71.667 Y161.396
G1 F5400 X107.88 Y125.183 E800.70292
G0 F15000 X108.445 Y125.183
G1 F5400 X72.232 Y161.396 E803.08761
G0 F15000 X72.798 Y161.396
G1 F5400 X109.011 Y125.183 E805.4723
G0 F15000 X109.577 Y125.183
G1 F5400 X73.364 Y161.396 E807.85698
G0 F15000 X73.929 Y161.396
G1 F5400 X110.142 Y125.183 E810.24167
G0 F15000 X110.707 Y125.183
G1 F5400 X74.495 Y161.396 E812.62633
G0 F15000 X75.061 Y161.396
G1 F5400 X111.273 Y125.183 E815.01098
G0 F15000 X111.839 Y125.183
G1 F5400 X75.626 Y161.396 E817.39567
G0 F15000 X76.192 Y161.396
G1 F5400 X112.405 Y125.183 E819.78036
G0 F15000 X112.97 Y125.183
G1 F5400 X76.758 Y161.396 E822.16501
G0 F15000 X77.324 Y161.396
G1 F5400 X113.536 Y125.183 E824.54967
G0 F15000 X114.102 Y125.183
G1 F5400 X77.889 Y161.396 E826.93436
G0 F15000 X78.455 Y161.396
G1 F5400 X114.667 Y125.183 E829.31901
G0 F15000 X115.233 Y125.183
G1 F5400 X79.021 Y161.396 E831.70367
G0 F15000 X79.586 Y161.396
G1 F5400 X115.799 Y125.183 E834.08835
G0 F15000 X116.364 Y125.183
G1 F5400 X80.152 Y161.396 E836.47301
G0 F15000 X80.718 Y161.396
G1 F5400 X116.93 Y125.183 E838.85766
G0 F15000 X117.496 Y125.183
G1 F5400 X81.283 Y161.396 E841.24235
G0 F15000 X81.849 Y161.396
G1 F5400 X118.061 Y125.183 E843.62701
G0 F15000 X118.627 Y125.183
G1 F5400 X82.415 Y161.396 E846.01166
G0 F15000 X82.98 Y161.396
G1 F5400 X119.193 Y125.183 E848.39635
G0 F15000 X119.758 Y125.183
G1 F5400 X83.546 Y161.396 E850.781
G0 F15000 X84.112 Y161.396
G1 F5400 X120.324 Y125.183 E853.16566
G0 F15000 X120.89 Y125.183
G1 F5400 X84.677 Y161.396 E855.55035
G0 F15000 X85.243 Y161.396
G1 F5400 X121.455 Y125.183 E857.935
G0 F15000 X122.021 Y125.183
G1 F5400 X85.809 Y161.396 E860.31966
G0 F15000 X86.375 Y161.396
G1 F5400 X122.587 Y125.183 E862.70431
G0 F15000 X123.153 Y125.183
G1 F5400 X86.94 Y161.396 E865.089
G0 F15000 X87.506 Y161.396
G1 F5400 X123.718 Y125.183 E867.47365
G0 F15000 X124.284 Y125.183
G1 F5400 X88.072 Y161.396 E869.85831
G0 F15000 X88.637 Y161.396
G1 F5400 X124.85 Y125.183 E872.243
G0 F15000 X125.415 Y125.183
G1 F5400 X89.203 Y161.396 E874.62765
G0 F15000 X89.769 Y161.396
G1 F5400 X125.981 Y125.183 E877.01231
G0 F15000 X126.547 Y125.183
G1 F5400 X90.334 Y161.396 E879.397
G0 F15000 X90.9 Y161.396
G1 F5400 X127.112 Y125.183 E881.78165
G0 F15000 X127.678 Y125.183
G1 F5400 X91.466 Y161.396 E884.16631
G0 F15000 X92.031 Y161.396
G1 F5400 X148.82 Y104.607 E887.90596
G0 F15000 X148.82 Y104.042
G1 F5400 X128.904 Y123.957 E889.21743
G0 F15000 X128.904 Y123.392
G1 F5400 X148.82 Y103.476 E890.52893
G0 F15000 X148.82 Y102.91
G1 F5400 X128.904 Y122.826 E891.84043
G0 F15000 X128.904 Y122.26
G1 F5400 X148.82 Y102.345 E893.1519
G0 F15000 X148.82 Y101.779
G1 F5400 X128.904 Y121.694 E894.46337
G0 F15000 X128.904 Y121.129
G1 F5400 X148.82 Y101.213 E895.77487
G0 F15000 X148.82 Y100.647
G1 F5400 X128.904 Y120.563 E897.08638
G0 F15000 X128.904 Y119.997
G1 F5400 X148.82 Y100.082 E898.39785
G0 F15000 X148.82 Y99.516
G1 F5400 X128.904 Y119.432 E899.70935
G0 F15000 X128.904 Y118.866
G1 F5400 X148.82 Y98.95 E901.02085
G0 F15000 X148.82 Y98.385
G1 F5400 X128.904 Y118.3 E902.33232
G0 F15000 X128.904 Y117.735
G1 F5400 X148.82 Y97.819 E903.64382
G0 F15000 X148.82 Y97.253
G1 F5400 X128.904 Y117.169 E904.95533
G0 F15000 X128.904 Y116.603
G1 F5400 X148.82 Y96.688 E906.2668
G0 F15000 X148.82 Y96.122
G1 F5400 X128.904 Y116.038 E907.5783
G0 F15000 X128.904 Y115.472
G1 F5400 X148.82 Y95.556 E908.8898
G0 F15000 X148.82 Y94.991
G1 F5400 X128.903 Y114.907 E910.20134
G0 F15000 X128.903 Y114.341
G1 F5400 X148.82 Y94.425 E911.51287
G0 F15000 X148.82 Y93.859
G1 F5400 X128.903 Y113.776 E912.82444
G0 F15000 X128.903 Y113.21
G1 F5400 X148.82 Y93.294 E914.13598
G0 F15000 X148.82 Y92.728
G1 F5400 X128.903 Y112.644 E915.44751
G0 F15000 X128.903 Y112.079
G1 F5400 X148.82 Y92.162 E916.75908
G0 F15000 X148.82 Y91.596
G1 F5400 X128.903 Y111.513 E918.07065
G0 F15000 X128.903 Y110.947
G1 F5400 X148.82 Y91.031 E919.38219
G0 F15000 X148.82 Y90.465
G1 F5400 X128.903 Y110.381 E920.69372
G0 F15000 X128.903 Y109.816
G1 F5400 X148.82 Y89.899 E922.00529
G0 F15000 X148.82 Y89.334
G1 F5400 X128.903 Y109.25 E923.31682
G0 F15000 X128.903 Y108.684
G1 F5400 X148.82 Y88.768 E924.62836
G0 F15000 X148.82 Y88.202
G1 F5400 X128.903 Y108.119 E925.93993
G0 F15000 X128.903 Y107.553
G1 F5400 X148.82 Y87.637 E927.25146
G0 F15000 X148.82 Y87.071
G1 F5400 X128.903 Y106.987 E928.563
G0 F15000 X128.903 Y106.422
G1 F5400 X148.82 Y86.505 E929.87457
G0 F15000 X148.82 Y85.94
G1 F5400 X128.903 Y105.857 E931.18614
G0 F15000 X128.903 Y105.291
G1 F5400 X148.82 Y85.374 E932.49771
G0 F15000 X148.82 Y84.808
G1 F5400 X128.903 Y104.725 E933.80927
G0 F15000 X128.903 Y104.16
G1 F5400 X148.82 Y84.243 E935.12084
G0 F15000 X148.82 Y83.677
G1 F5400 X128.903 Y103.594 E936.43241
G0 F15000 X128.903 Y103.028
G1 F5400 X148.82 Y83.111 E937.74398
G0 F15000 X148.82 Y82.546
G1 F5400 X128.903 Y102.463 E939.05555
G0 F15000 X128.903 Y101.897
G1 F5400 X148.82 Y81.98 E940.36712
G0 F15000 X148.82 Y81.414
G1 F5400 X128.903 Y101.331 E941.67868
G0 F15000 X128.903 Y100.766
G1 F5400 X148.82 Y80.848 E942.99029
G0 F15000 X148.82 Y80.283
G1 F5400 X128.903 Y100.2 E944.30185
G0 F15000 X128.903 Y99.634
G1 F5400 X148.82 Y79.717 E945.61342
G0 F15000 X148.82 Y79.151
G1 F5400 X128.903 Y99.068 E946.92499
G0 F15000 X128.903 Y98.503
G1 F5400 X148.82 Y78.586 E948.23656
G0 F15000 X148.82 Y78.02
G1 F5400 X128.902 Y97.938 E949.54819
G0 F15000 X128.902 Y97.372
G1 F5400 X148.82 Y77.454 E950.85983
G0 F15000 X148.82 Y76.889
G1 F5400 X128.902 Y96.806 E952.17143
G0 F15000 X128.902 Y96.241
G1 F5400 X148.82 Y76.323 E953.48306
G0 F15000 X148.82 Y75.757
G1 F5400 X128.902 Y95.675 E954.7947
G0 F15000 X128.902 Y95.109
G1 F5400 X148.82 Y75.192 E956.1063
G0 F15000 X148.82 Y74.626
G1 F5400 X128.902 Y94.544 E957.41793
G0 F15000 X128.902 Y93.978
G1 F5400 X148.82 Y74.06 E958.72957
G0 F15000 X148.82 Y73.495
G1 F5400 X128.902 Y93.412 E960.04117
G0 F15000 X128.902 Y92.847
G1 F5400 X148.82 Y72.929 E961.3528
G0 F15000 X148.82 Y72.363
G1 F5400 X128.902 Y92.281 E962.66444
G0 F15000 X128.902 Y91.715
G1 F5400 X148.82 Y71.798 E963.97604
G0 F15000 X148.82 Y71.232
G1 F5400 X128.902 Y91.15 E965.28767
G0 F15000 X128.902 Y90.584
G1 F5400 X148.82 Y70.666 E966.59931
G0 F15000 X148.82 Y70.1
G1 F5400 X128.902 Y90.018 E967.91094
G0 F15000 X128.902 Y89.453
G1 F5400 X148.82 Y69.535 E969.22258
G0 F15000 X148.82 Y68.969
G1 F5400 X128.836 Y88.953 E970.53856
G0 F15000 X128.625 Y88.598
G1 F5400 X148.82 Y68.403 E971.86843
G0 F15000 X148.82 Y67.838
G1 F5400 X128.313 Y88.345 E973.21885
G0 F15000 X127.89 Y88.202
G1 F5400 X136.218 Y79.874 E973.76727
G0 F15000 X136.006 Y79.472
G0 X134.877 Y80.072
G0 X135.02 Y80.506
G1 F5400 X127.334 Y88.192 E974.2734
G0 F15000 X126.769 Y88.192
G1 F5400 X134.21 Y80.751 E974.76341
G0 F15000 X133.473 Y80.922
G1 F5400 X126.203 Y88.192 E975.24215
G0 F15000 X125.637 Y88.192
G1 F5400 X132.841 Y80.988 E975.71654
G0 F15000 X132.234 Y81.029
G1 F5400 X125.072 Y88.192 E976.18821
G0 F15000 X124.506 Y88.192
G1 F5400 X131.718 Y80.98 E976.66313
G0 F15000 X131.202 Y80.93
G1 F5400 X123.94 Y88.192 E977.14134
G0 F15000 X123.375 Y88.192
G1 F5400 X130.719 Y80.847 E977.62499
G0 F15000 X130.286 Y80.715
G1 F5400 X122.809 Y88.192 E978.11736
G0 F15000 X122.243 Y88.192
G1 F5400 X129.852 Y80.583 E978.61843
G0 F15000 X129.439 Y80.43
G1 F5400 X121.678 Y88.192 E979.12954
G0 F15000 X121.112 Y88.192
G1 F5400 X129.07 Y80.234 E979.65359
G0 F15000 X128.7 Y80.038
G1 F5400 X120.546 Y88.192 E980.19054
G0 F15000 X119.98 Y88.192
G1 F5400 X128.331 Y79.842 E980.74044
G0 F15000 X128.02 Y79.586
G1 F5400 X119.415 Y88.192 E981.30712
G0 F15000 X118.849 Y88.192
G1 F5400 X127.71 Y79.331 E981.89063
G0 F15000 X127.4 Y79.075
G1 F5400 X118.283 Y88.192 E982.491
G0 F15000 X117.718 Y88.192
G1 F5400 X127.118 Y78.791 E983.11004
G0 F15000 X126.863 Y78.48
G1 F5400 X117.152 Y88.192 E983.74956
G0 F15000 X116.586 Y88.192
G1 F5400 X126.608 Y78.17 E984.40953
G0 F15000 X126.354 Y77.859
G1 F5400 X116.021 Y88.192 E985.08997
G0 F15000 X115.455 Y88.192
G1 F5400 X126.157 Y77.49 E985.79472
G0 F15000 X125.96 Y77.121
G1 F5400 X114.889 Y88.192 E986.52376
G0 F15000 X114.324 Y88.192
G1 F5400 X125.762 Y76.753 E987.27701
G0 F15000 X125.609 Y76.341
G1 F5400 X113.758 Y88.192 E988.05742
G0 F15000 X113.192 Y88.192
G1 F5400 X125.476 Y75.908 E988.86634
G0 F15000 X125.343 Y75.475
G1 F5400 X112.627 Y88.192 E989.70374
G0 F15000 X112.061 Y88.192
G1 F5400 X125.253 Y74.999 E990.57249
G0 F15000 X125.2 Y74.487
G1 F5400 X111.495 Y88.192 E991.47499
G1 F2400 E988.47499
G0 F15000 X111.495 Y88.651
G0 X103.364 Y88.552
G0 X102.871 Y76.175
G0 X103.764 Y75.558
G1 F2400 E991.47499
G1 F5400 X108.173 Y71.149 E991.76533
G0 F15000 X108.602 Y71.318
G0 X109.221 Y70.158
G0 X108.815 Y69.941
G1 F5400 X104.133 Y74.624 E992.07368
G1 F2400 E989.07368
G0 F15000 X103.697 Y74.485
G0 X103.778 Y73.207
G0 X127.512 Y69.081
G0 X128.42 Y67.872
G1 F2400 E992.07368
G1 F5400 X137.693 Y58.6 E992.68429
G0 F15000 X138.258 Y58.6
G1 F5400 X129.618 Y67.241 E993.25328
G0 F15000 X130.428 Y66.996
G1 F5400 X138.824 Y58.6 E993.80617
G0 F15000 X139.39 Y58.6
G1 F5400 X131.168 Y66.822 E994.3476
G0 F15000 X131.796 Y66.759
G1 F5400 X139.956 Y58.6 E994.88492
G0 F15000 X140.521 Y58.6
G1 F5400 X132.402 Y66.719 E995.41957
G0 F15000 X132.918 Y66.769
G1 F5400 X141.087 Y58.6 E995.95751
G0 F15000 X141.653 Y58.6
G1 F5400 X133.433 Y66.819 E996.49878
G0 F15000 X133.908 Y66.911
G1 F5400 X142.218 Y58.6 E997.04604
G0 F15000 X142.784 Y58.6
G1 F5400 X134.339 Y67.045 E997.60216
G0 F15000 X134.77 Y67.179
G1 F5400 X141.663 Y60.287 E998.05604
G0 F15000 X142.223 Y59.726
G1 F5400 X143.307 Y58.643 E998.12739
G0 F15000 X143.609 Y58.906
G1 F5400 X143.768 Y58.748 E998.13783
G1 F2400 E995.13783
G0 F15000 X143.768 Y58.14
G0 X145.247 Y58.24
G0 X145.146 Y59.302
G0 X145.389 Y58.824
G1 F2400 E998.13783
G1 F5400 X145.51 Y58.703 E998.1458
G0 F15000 X145.764 Y59.014
G1 F5400 X146.178 Y58.6 E998.17306
G0 F15000 X146.744 Y58.6
G1 F5400 X146.141 Y59.203 E998.21277
G0 F15000 X146.509 Y59.401
G1 F5400 X147.309 Y58.6 E998.26548
G0 F15000 X147.875 Y58.6
G1 F5400 X146.846 Y59.629 E998.33325
G0 F15000 X147.16 Y59.881
G1 F5400 X148.441 Y58.6 E998.4176
G0 F15000 X148.82 Y58.787
G1 F5400 X147.437 Y60.169 E998.50864
G0 F15000 X147.694 Y60.478
G1 F5400 X148.82 Y59.352 E998.58279
G0 F15000 X148.82 Y59.918
G1 F5400 X147.903 Y60.835 E998.64318
G0 F15000 X148.097 Y61.206
G1 F5400 X148.82 Y60.484 E998.69076
G0 F15000 X148.82 Y61.049
G1 F5400 X148.236 Y61.634 E998.72925
G0 F15000 X148.34 Y62.095
G1 F5400 X148.82 Y61.615 E998.76085
G0 F15000 X148.82 Y62.181
G1 F5400 X148.388 Y62.613 E998.7893
G0 F15000 X148.82 Y62.747
G1 F5400 X148.338 Y63.228 E998.82101
G0 F15000 X148.82 Y63.312
G1 F5400 X148.139 Y63.993 E998.86585
G0 F15000 X148.82 Y63.878
G1 F5400 X139.417 Y73.281 E999.48506
G0 F15000 X139.468 Y73.796
G1 F5400 X148.82 Y64.444 E1000.1009
G0 F15000 X148.82 Y65.009
G1 F5400 X139.424 Y74.405 E1000.71965
G0 F15000 X139.361 Y75.034
G1 F5400 X148.82 Y65.575 E1001.34254
G0 F15000 X148.82 Y66.141
G1 F5400 X139.178 Y75.782 E1001.97745
G0 F15000 X138.934 Y76.592
G1 F5400 X148.82 Y66.706 E1002.62846
G0 F15000 X148.82 Y67.272
G1 F5400 X138.3 Y77.792 E1003.32122
G1 F2400 E1000.32122
G0 F15000 X137.897 Y77.576
G0 X138.639 Y75.138
G0 X138.91 Y72.81
G0 X139.366 Y72.766
G1 F2400 E1003.32122
G1 F5400 X145.936 Y66.196 E1003.75386
G0 F15000 X145.172 Y66.394
G1 F5400 X139.279 Y72.288 E1004.14196
G0 F15000 X139.144 Y71.857
G1 F5400 X144.552 Y66.449 E1004.49809
G0 F15000 X144.039 Y66.396
G1 F5400 X139.009 Y71.426 E1004.82932
G0 F15000 X138.859 Y71.01
G1 F5400 X143.579 Y66.29 E1005.14014
G0 F15000 X143.153 Y66.151
G1 F5400 X138.663 Y70.641 E1005.43581
G0 F15000 X138.467 Y70.271
G1 F5400 X142.779 Y65.959 E1005.71977
G0 F15000 X142.423 Y65.749
G1 F5400 X138.27 Y69.902 E1005.99325
G0 F15000 X138.015 Y69.592
G1 F5400 X142.11 Y65.496 E1006.26294
G0 F15000 X141.822 Y65.219
G1 F5400 X137.759 Y69.282 E1006.5305
G0 F15000 X137.503 Y68.972
G1 F5400 X141.566 Y64.91 E1006.79802
G0 F15000 X141.346 Y64.563
G1 F5400 X137.223 Y68.687 E1007.06956
G0 F15000 X136.911 Y68.433
G1 F5400 X141.144 Y64.2 E1007.34831
G0 F15000 X140.995 Y63.783
G1 F5400 X136.599 Y68.179 E1007.6378
G0 F15000 X136.287 Y67.925
G1 F5400 X140.872 Y63.341 E1007.93969
G0 F15000 X140.829 Y62.818
G1 F5400 X135.921 Y67.725 E1008.26286
G0 F15000 X135.554 Y67.527
G1 F5400 X140.849 Y62.232 E1008.61155
G0 F15000 X140.999 Y61.516
G1 F5400 X135.185 Y67.33 E1008.99441
G1 F2400 E1005.99441
G0 F15000 X134.966 Y67.734
G0 X136.871 Y69.318
G0 X137.675 Y70.297
G0 X138.27 Y71.412
G0 X138.639 Y72.625
G0 X138.763 Y73.881
G0 X138.662 Y74.899
G0 X137.949 Y77.648
G0 X149.18 Y77.648
G0 X148.82 Y105.173
G1 F2400 E1008.99441
G1 F5400 X92.597 Y161.396 E1012.69679
G0 F15000 X93.163 Y161.396
G1 F5400 X148.82 Y105.739 E1016.3619
G0 F15000 X148.82 Y106.304
G1 F5400 X93.728 Y161.396 E1019.9898
G0 F15000 X94.294 Y161.396
G1 F5400 X148.82 Y106.87 E1023.58043
G0 F15000 X148.82 Y107.436
G1 F5400 X94.86 Y161.396 E1027.13379
G0 F15000 X95.425 Y161.396
G1 F5400 X148.82 Y108.001 E1030.64994
G0 F15000 X148.82 Y108.567
G1 F5400 X95.991 Y161.396 E1034.12882
G0 F15000 X96.557 Y161.396
G1 F5400 X148.82 Y109.133 E1037.57043
G0 F15000 X148.82 Y109.698
G1 F5400 X97.123 Y161.396 E1040.9748
G0 F15000 X97.688 Y161.396
G1 F5400 X148.82 Y110.264 E1044.34192
G0 F15000 X148.82 Y110.83
G1 F5400 X98.254 Y161.396 E1047.67178
G0 F15000 X98.82 Y161.396
G1 F5400 X148.82 Y111.395 E1050.9644
G0 F15000 X148.82 Y111.961
G1 F5400 X99.385 Y161.396 E1054.21978
G0 F15000 X99.951 Y161.396
G1 F5400 X148.82 Y112.527 E1057.43789
G0 F15000 X148.82 Y113.093
G1 F5400 X100.517 Y161.396 E1060.61872
G0 F15000 X101.082 Y161.396
G1 F5400 X148.82 Y113.658 E1063.76235
G0 F15000 X148.82 Y114.224
G1 F5400 X101.648 Y161.396 E1066.86871
G0 F15000 X102.214 Y161.396
G1 F5400 X148.82 Y114.79 E1069.93779
G0 F15000 X148.82 Y115.355
G1 F5400 X102.779 Y161.396 E1072.96967
G0 F15000 X103.345 Y161.396
G1 F5400 X148.82 Y115.921 E1075.96428
G0 F15000 X148.82 Y116.487
G1 F5400 X103.911 Y161.396 E1078.92161
G0 F15000 X104.476 Y161.396
G1 F5400 X148.82 Y117.052 E1081.84174
G0 F15000 X148.82 Y117.618
G1 F5400 X105.042 Y161.396 E1084.7246
G0 F15000 X105.608 Y161.396
G1 F5400 X148.82 Y118.184 E1087.57018
G0 F15000 X148.82 Y118.749
G1 F5400 X106.173 Y161.396 E1090.37856
G0 F15000 X106.739 Y161.396
G1 F5400 X148.82 Y119.315 E1093.14966
G0 F15000 X148.82 Y119.881
G1 F5400 X107.305 Y161.396 E1095.8835
G0 F15000 X107.871 Y161.396
G1 F5400 X148.82 Y120.446 E1098.58009
G0 F15000 X148.82 Y121.012
G1 F5400 X108.436 Y161.396 E1101.23945
G0 F15000 X109.002 Y161.396
G1 F5400 X148.82 Y121.578 E1103.86153
G0 F15000 X148.82 Y122.144
G1 F5400 X109.568 Y161.396 E1106.44634
G0 F15000 X110.133 Y161.396
G1 F5400 X148.82 Y122.709 E1108.99395
G0 F15000 X148.82 Y123.275
G1 F5400 X110.698 Y161.396 E1111.50431
G0 F15000 X111.264 Y161.396
G1 F5400 X148.82 Y123.841 E1113.97741
G0 F15000 X148.82 Y124.406
G1 F5400 X111.83 Y161.396 E1116.41326
G0 F15000 X112.395 Y161.396
G1 F5400 X148.82 Y124.972 E1118.81188
G0 F15000 X148.82 Y125.538
G1 F5400 X112.961 Y161.396 E1121.17322
G0 F15000 X113.527 Y161.396
G1 F5400 X148.82 Y126.103 E1123.49732
G0 F15000 X148.82 Y126.669
G1 F5400 X114.092 Y161.396 E1125.78419
G0 F15000 X114.658 Y161.396
G1 F5400 X148.82 Y127.235 E1128.03378
G0 F15000 X148.82 Y127.8
G1 F5400 X115.224 Y161.396 E1130.24614
G0 F15000 X115.789 Y161.396
G1 F5400 X148.82 Y128.366 E1132.42125
G0 F15000 X148.82 Y128.932
G1 F5400 X116.355 Y161.396 E1134.55909
G0 F15000 X116.921 Y161.396
G1 F5400 X148.82 Y129.497 E1136.6597
G0 F15000 X148.82 Y130.063
G1 F5400 X117.486 Y161.396 E1138.72306
G0 F15000 X118.052 Y161.396
G1 F5400 X148.82 Y130.629 E1140.74915
G0 F15000 X148.82 Y131.194
G1 F5400 X118.618 Y161.396 E1142.73801
G0 F15000 X119.184 Y161.396
G1 F5400 X148.82 Y131.76 E1144.68959
G0 F15000 X148.82 Y132.326
G1 F5400 X119.749 Y161.396 E1146.60393
G0 F15000 X120.315 Y161.396
G1 F5400 X148.82 Y132.892 E1148.481
G0 F15000 X148.82 Y133.457
G1 F5400 X120.881 Y161.396 E1150.32083
G0 F15000 X121.446 Y161.396
G1 F5400 X148.82 Y134.023 E1152.12342
G0 F15000 X148.82 Y134.589
G1 F5400 X122.012 Y161.396 E1153.88874
G0 F15000 X122.578 Y161.396
G1 F5400 X148.82 Y135.154 E1155.61682
G0 F15000 X148.82 Y135.72
G1 F5400 X123.143 Y161.396 E1157.30766
G0 F15000 X123.709 Y161.396
G1 F5400 X148.82 Y136.286 E1158.96123
G0 F15000 X148.82 Y136.851
G1 F5400 X124.275 Y161.396 E1160.57756
G0 F15000 X124.84 Y161.396
G1 F5400 X148.82 Y137.417 E1162.15666
G0 F15000 X148.82 Y137.983
G1 F5400 X125.406 Y161.396 E1163.69847
G0 F15000 X125.972 Y161.396
G1 F5400 X148.82 Y138.548 E1165.20305
G0 F15000 X148.82 Y139.114
G1 F5400 X126.537 Y161.396 E1166.67039
G0 F15000 X127.103 Y161.396
G1 F5400 X148.82 Y139.68 E1168.10046
G0 F15000 X148.82 Y140.245
G1 F5400 X127.669 Y161.396 E1169.49329
G0 F15000 X128.235 Y161.396
G1 F5400 X148.82 Y140.811 E1170.84885
G0 F15000 X148.82 Y141.377
G1 F5400 X128.8 Y161.396 E1172.16717
G0 F15000 X129.366 Y161.396
G1 F5400 X148.82 Y141.942 E1173.44825
G0 F15000 X148.82 Y142.508
G1 F5400 X129.932 Y161.396 E1174.69205
G0 F15000 X130.497 Y161.396
G1 F5400 X148.82 Y143.074 E1175.89862
G0 F15000 X148.82 Y143.64
G1 F5400 X131.063 Y161.396 E1177.06792
G0 F15000 X131.629 Y161.396
G1 F5400 X148.82 Y144.205 E1178.19998
G0 F15000 X148.82 Y144.771
G1 F5400 X132.194 Y161.396 E1179.29479
G0 F15000 X132.76 Y161.396
G1 F5400 X148.82 Y145.337 E1180.35234
G0 F15000 X148.82 Y145.902
G1 F5400 X133.326 Y161.396 E1181.37264
G0 F15000 X133.891 Y161.396
G1 F5400 X148.82 Y146.468 E1182.35571
G0 F15000 X148.82 Y147.034
G1 F5400 X134.457 Y161.396 E1183.30151
G0 F15000 X135.023 Y161.396
G1 F5400 X148.82 Y147.599 E1184.21006
G0 F15000 X148.82 Y148.165
G1 F5400 X135.588 Y161.396 E1185.08138
G0 F15000 X136.154 Y161.396
G1 F5400 X148.82 Y148.731 E1185.91542
G0 F15000 X148.82 Y149.296
G1 F5400 X136.72 Y161.396 E1186.71223
G0 F15000 X137.285 Y161.396
G1 F5400 X148.82 Y149.862 E1187.4718
G0 F15000 X148.82 Y150.428
G1 F5400 X137.851 Y161.396 E1188.19409
G0 F15000 X138.417 Y161.396
G1 F5400 X148.82 Y150.993 E1188.87915
G0 F15000 X148.82 Y151.559
G1 F5400 X138.983 Y161.396 E1189.52693
G0 F15000 X139.548 Y161.396
G1 F5400 X148.82 Y152.125 E1190.13747
G0 F15000 X148.82 Y152.691
G1 F5400 X140.114 Y161.396 E1190.71075
G0 F15000 X140.68 Y161.396
G1 F5400 X148.82 Y153.256 E1191.24678
G0 F15000 X148.82 Y153.822
G1 F5400 X141.245 Y161.396 E1191.74557
G0 F15000 X141.811 Y161.396
G1 F5400 X148.82 Y154.388 E1192.20709
G0 F15000 X148.82 Y154.953
G1 F5400 X142.377 Y161.396 E1192.63138
G0 F15000 X142.942 Y161.396
G1 F5400 X148.82 Y155.519 E1193.01842
G0 F15000 X148.82 Y156.085
G1 F5400 X143.508 Y161.396 E1193.36819
G0 F15000 X144.074 Y161.396
G1 F5400 X148.82 Y156.65 E1193.68072
G0 F15000 X148.82 Y157.216
G1 F5400 X144.639 Y161.396 E1193.95602
G0 F15000 X145.205 Y161.396
G1 F5400 X148.82 Y157.782 E1194.19404
G0 F15000 X148.82 Y158.347
G1 F5400 X145.771 Y161.396 E1194.39482
G0 F15000 X146.336 Y161.396
G1 F5400 X148.82 Y158.913 E1194.55836
G0 F15000 X148.82 Y159.479
G1 F5400 X146.902 Y161.396 E1194.68463
G0 F15000 X147.468 Y161.396
G1 F5400 X148.82 Y160.044 E1194.77366
G0 F15000 X148.82 Y160.61
G1 F5400 X148.034 Y161.396 E1194.82542
G0 F15000 X148.599 Y161.396
G1 F5400 X148.82 Y161.176 E1194.83994
G1 F2400 E1191.83994
;MESH:NONMESH
G0 F300 Z2.52
G0 F15000 X149.28 Y161.176
G0 X149.18 Y65.992
G0 X77.851 Y65.076
G0 X75.442 Y66.104
;TIME_ELAPSED:3353.238350
;LAYER:8
;TYPE:WALL-INNER
;MESH:lid.stl
G1 F2400 E1194.83994
G1 F5400 X74.776 Y66.04 E1194.8711
G1 X74.123 Y65.839 E1194.90291
G1 X73.531 Y65.526 E1194.9341
G1 X73.006 Y65.091 E1194.96584
G1 X72.58 Y64.575 E1194.997
G1 X72.261 Y63.976 E1195.0286
G1 X72.065 Y63.312 E1195.06084
G1 X72 Y62.66 E1195.09135
G1 X72.065 Y61.989 E1195.12274
G1 X72.264 Y61.338 E1195.15444
G1 X72.58 Y60.745 E1195.18573
G1 X73.008 Y60.227 E1195.21701
G1 X73.535 Y59.792 E1195.24883
G1 X74.12 Y59.483 E1195.27964
G1 X74.788 Y59.28 E1195.31215
G1 X75.439 Y59.217 E1195.3426
G1 X76.111 Y59.28 E1195.37403
G1 X76.759 Y59.483 E1195.40565
G1 X77.352 Y59.798 E1195.43692
G1 X77.872 Y60.223 E1195.46819
G1 X78.305 Y60.747 E1195.49984
G1 X78.62 Y61.339 E1195.53107
G1 X78.821 Y61.992 E1195.56288
G1 X78.883 Y62.661 E1195.59417
G1 X78.819 Y63.332 E1195.62555
G1 X78.615 Y63.987 E1195.6575
G1 X78.306 Y64.572 E1195.6883
G1 X77.872 Y65.098 E1195.72006
G1 X77.359 Y65.513 E1195.75078
G1 X76.759 Y65.835 E1195.78249
G1 X76.125 Y66.034 E1195.81343
G1 X75.442 Y66.104 E1195.8454
G1 F2400 E1192.8454
G0 F15000 X76.836 Y66.003
G0 X83.54 Y72.8
G0 X84.351 Y74.82
G1 F2400 E1195.8454
G1 F5400 X83.841 Y74.659 E1195.87031
G1 X83.516 Y74.334 E1195.89171
G1 X83.356 Y73.931 E1195.9119
G1 X83.354 Y73.512 E1195.93141
G1 X83.513 Y73.107 E1195.95167
G1 X83.817 Y72.805 E1195.97162
G1 X84.203 Y72.636 E1195.99124
G1 X84.602 Y72.631 E1196.00982
G1 X84.77 Y72.675 E1196.01791
G1 F5142.9 X85.209 Y72.901 E1196.04205
G1 F4705.9 X85.456 Y73.269 E1196.06573
G1 F4169.9 X85.617 Y73.647 E1196.09051
G1 F3857.1 X85.614 Y73.81 E1196.10113
G1 F4500 X85.406 Y74.239 E1196.12778
G1 F5400 X85.219 Y74.508 E1196.14303
G1 X84.893 Y74.73 E1196.1614
G1 X84.569 Y74.807 E1196.1769
G1 X84.351 Y74.82 E1196.18707
G1 F2400 E1193.18707
G0 F15000 X85.674 Y74.128
G0 X86.108 Y74.11
G0 X87.431 Y75.065
G0 X87.468 Y74.881
G1 F2400 E1196.18707
G1 F4227 X87.251 Y74.881 E1196.19998
G1 F4909.1 X86.698 Y74.617 E1196.23137
G1 F5320.2 X86.419 Y74.333 E1196.25018
G1 F5217.4 X86.286 Y74.043 E1196.26556
G1 F4408.2 X86.172 Y73.839 E1196.27889
G1 F4153.8 X86.173 Y73.597 E1196.29354
G1 F4615.4 X86.553 Y72.919 E1196.33588
G1 X86.892 Y72.694 E1196.35805
G1 F4186 X87.297 Y72.517 E1196.3846
G1 F3898.9 X87.415 Y72.517 E1196.39221
G1 F4390.2 X87.641 Y72.634 E1196.40678
G1 F5192.3 X87.991 Y72.774 E1196.42504
G1 F5400 X88.265 Y73.072 E1196.44389
G1 F4537.8 X88.524 Y73.596 E1196.47628
G1 F4194.2 X88.523 Y73.835 E1196.49061
G1 F4920.3 X88.245 Y74.35 E1196.52051
G1 F5400 X87.99 Y74.614 E1196.53761
G1 F4566.6 X87.468 Y74.881 E1196.56989
G1 F2400 E1193.56989
G0 F15000 X87.431 Y75.065
G0 X87.742 Y75.742
G0 X88.155 Y76.062
G0 X88.298 Y76.407
G0 X88.297 Y76.803
G0 X88.078 Y77.213
G0 X87.321 Y77.709
G1 F2400 E1196.56989
G1 F5400 X86.752 Y77.536 E1196.59758
G1 X86.415 Y77.192 E1196.62001
G1 X86.259 Y76.694 E1196.64431
G1 X86.267 Y76.476 E1196.65446
G1 X86.388 Y76.059 E1196.67468
G1 X86.489 Y75.915 E1196.68287
G1 X86.788 Y75.664 E1196.70105
G1 F4942.8 X87.199 Y75.426 E1196.72521
G1 F4235.3 X87.444 Y75.423 E1196.73976
G1 F4481.3 X87.709 Y75.561 E1196.75652
G1 F5281.2 X88 Y75.69 E1196.77168
G1 F5400 X88.287 Y75.985 E1196.79084
G1 X88.445 Y76.385 E1196.81087
G1 X88.446 Y76.822 E1196.83122
G1 X88.215 Y77.286 E1196.85535
G1 X88.085 Y77.419 E1196.86401
G1 X87.782 Y77.616 E1196.88084
G1 X87.321 Y77.709 E1196.90274
G1 F2400 E1193.90274
G0 F15000 X88.054 Y77.258
G0 X88.549 Y76.197
G0 X87.439 Y75.153
G0 X88.799 Y73.848
G0 X89.568 Y74.488
G0 X90.322 Y74.816
G1 F2400 E1196.90274
G1 F5400 X90.064 Y74.793 E1196.9148
G1 X89.728 Y74.684 E1196.93125
G1 X89.577 Y74.591 E1196.93951
G1 X89.339 Y74.35 E1196.95528
G1 F4518.8 X89.076 Y73.867 E1196.98588
G1 F3898.9 X89.076 Y73.602 E1197.00297
G1 F4537.8 X89.211 Y73.355 E1197.01857
G1 F5400 X89.34 Y73.085 E1197.0325
G1 X89.607 Y72.809 E1197.05038
G1 X89.993 Y72.638 E1197.07004
G1 X90.466 Y72.624 E1197.09208
G1 X90.919 Y72.857 E1197.1158
G1 X91.049 Y72.969 E1197.12379
G1 X91.27 Y73.29 E1197.14193
G1 X91.348 Y73.73 E1197.16274
G1 X91.276 Y74.093 E1197.17997
G1 X91.04 Y74.496 E1197.20172
G1 X90.66 Y74.743 E1197.22282
G1 X90.322 Y74.816 E1197.23892
G1 F2400 E1194.23892
G0 F15000 X89.726 Y74.53
G0 X87.4 Y72.241
G0 X87.415 Y71.967
G1 F2400 E1197.23892
G1 F3898.9 X87.297 Y71.967 E1197.24653
G1 F4390.2 X87.071 Y71.85 E1197.26111
G1 F5106.4 X86.745 Y71.717 E1197.27845
G1 F5294.1 X86.515 Y71.497 E1197.29356
G1 F5400 X86.381 Y71.291 E1197.30501
G1 X86.263 Y70.887 E1197.32461
G1 X86.266 Y70.682 E1197.33415
G1 X86.377 Y70.303 E1197.35254
G1 X86.505 Y70.091 E1197.36407
G1 X86.818 Y69.841 E1197.38273
G1 X87.041 Y69.744 E1197.39405
G1 X87.387 Y69.678 E1197.41045
G1 X87.884 Y69.829 E1197.43464
G1 X88.014 Y69.909 E1197.44175
G1 X88.283 Y70.185 E1197.45969
G1 X88.44 Y70.556 E1197.47845
G1 X88.451 Y71.024 E1197.50025
G1 X88.244 Y71.427 E1197.52134
G1 X88.112 Y71.596 E1197.53133
G1 X87.87 Y71.76 E1197.54494
G1 F4528.3 X87.415 Y71.967 E1197.5727
G1 F2400 E1194.5727
G0 F15000 X87.421 Y72.136
G0 X88.8 Y73.635
G0 X89.711 Y72.923
G0 X90.056 Y72.78
G0 X90.451 Y72.781
G0 X90.906 Y73.024
G0 X91.454 Y74.167
G0 X97.517 Y75.104
G0 X100.552 Y76.956
G1 F2400 E1197.5727
G1 F5400 X99.948 Y76.896 E1197.60096
G1 X99.364 Y76.71 E1197.6295
G1 X98.828 Y76.43 E1197.65766
G1 X98.374 Y76.055 E1197.68508
G1 X97.976 Y75.574 E1197.71415
G1 X97.685 Y75.035 E1197.74267
G1 X97.511 Y74.451 E1197.77105
G1 X97.448 Y73.843 E1197.79951
G1 X97.514 Y73.232 E1197.82813
G1 X97.697 Y72.643 E1197.85685
G1 X97.976 Y72.124 E1197.88428
G1 X98.38 Y71.643 E1197.91353
G1 X98.834 Y71.269 E1197.94092
G1 X99.359 Y70.982 E1197.96878
G1 X99.95 Y70.807 E1197.99748
G1 X100.552 Y70.744 E1198.02567
G1 X101.154 Y70.807 E1198.05385
G1 X101.734 Y70.982 E1198.08206
G1 X102.295 Y71.283 E1198.11171
G1 X102.747 Y71.658 E1198.13905
G1 X103.139 Y72.132 E1198.1677
G1 X103.423 Y72.683 E1198.19656
G1 X103.601 Y73.247 E1198.2241
G1 X103.656 Y73.851 E1198.25234
G1 X103.601 Y74.454 E1198.28054
G1 X103.419 Y75.028 E1198.30857
G1 X103.135 Y75.564 E1198.33682
G1 X102.744 Y76.046 E1198.36572
G1 X102.264 Y76.437 E1198.39455
G1 X101.743 Y76.71 E1198.42194
G1 X101.154 Y76.896 E1198.4507
G1 X100.552 Y76.956 E1198.47887
G1 F2400 E1195.47887
G0 F15000 X102.371 Y76.586
G0 X109.151 Y77.64
G0 X114.796 Y80.48
G1 F2400 E1198.47887
G1 F5400 X113.514 Y80.36 E1198.53882
G1 X112.27 Y79.982 E1198.59937
G1 X111.136 Y79.376 E1198.65924
G1 X110.126 Y78.544 E1198.72017
G1 X109.321 Y77.564 E1198.77922
G1 X108.704 Y76.417 E1198.83987
G1 X108.32 Y75.167 E1198.90076
G1 X108.192 Y73.873 E1198.96131
G1 X108.329 Y72.566 E1199.0225
G1 X108.71 Y71.33 E1199.08272
G1 X109.323 Y70.193 E1199.14287
G1 X110.131 Y69.207 E1199.20223
G1 X111.129 Y68.393 E1199.2622
G1 X112.271 Y67.777 E1199.32262
G1 X113.514 Y67.4 E1199.3831
G1 X114.796 Y67.276 E1199.44308
G1 X116.08 Y67.4 E1199.50314
G1 X117.326 Y67.78 E1199.5638
G1 X118.467 Y68.393 E1199.62411
G1 X119.462 Y69.212 E1199.68412
G1 X120.285 Y70.211 E1199.74439
G1 X120.894 Y71.352 E1199.80461
G1 X121.273 Y72.593 E1199.86503
G1 X121.403 Y73.878 E1199.92517
G1 X121.273 Y75.167 E1199.9855
G1 X120.899 Y76.41 E1200.04594
G1 X120.289 Y77.55 E1200.10615
G1 X119.456 Y78.554 E1200.16689
G1 X118.46 Y79.376 E1200.22703
G1 X117.328 Y79.981 E1200.28679
G1 X116.078 Y80.357 E1200.34757
G1 X114.796 Y80.48 E1200.40754
G1 F2400 E1197.40754
G0 F15000 X117.395 Y80.15
G0 X129.727 Y80.152
G0 X132.312 Y80.48
G1 F2400 E1200.40754
G1 F5400 X131.026 Y80.36 E1200.46769
G1 X129.793 Y79.983 E1200.52772
G1 X128.649 Y79.377 E1200.58801
G1 X127.648 Y78.554 E1200.64835
G1 X126.823 Y77.549 E1200.70889
G1 X126.214 Y76.413 E1200.76891
G1 X125.835 Y75.167 E1200.82955
G1 X125.705 Y73.882 E1200.88969
G1 X125.835 Y72.593 E1200.95002
G1 X126.21 Y71.347 E1201.01061
G1 X126.823 Y70.211 E1201.07072
G1 X127.642 Y69.212 E1201.13087
G1 X128.641 Y68.393 E1201.19102
G1 X129.783 Y67.777 E1201.25144
G1 X131.026 Y67.4 E1201.31192
G1 X132.308 Y67.276 E1201.3719
G1 X133.591 Y67.4 E1201.43192
G1 X134.837 Y67.779 E1201.49256
G1 X135.98 Y68.39 E1201.55291
G1 X136.954 Y69.193 E1201.61169
G1 X137.803 Y70.214 E1201.67352
G1 X138.41 Y71.355 E1201.7337
G1 X138.783 Y72.583 E1201.79346
G1 X138.916 Y73.879 E1201.85413
G1 X138.788 Y75.152 E1201.9137
G1 X138.407 Y76.411 E1201.97495
G1 X137.799 Y77.547 E1202.03495
G1 X136.982 Y78.544 E1202.09497
G1 X135.973 Y79.372 E1202.15575
G1 X134.841 Y79.981 E1202.2156
G1 X133.598 Y80.352 E1202.276
G1 X132.312 Y80.48 E1202.33618
G1 F2400 E1199.33618
G0 F15000 X133.567 Y80.209
G0 X134.78 Y79.841
G0 X135.896 Y79.246
G0 X136.873 Y78.442
G0 X137.676 Y77.465
G0 X138.271 Y76.349
G0 X138.639 Y75.138
G0 X138.74 Y74.12
G0 X138.579 Y71.287
G0 X143.892 Y66.213
G0 X144.596 Y66.104
G1 F2400 E1202.33618
G1 F5400 X143.928 Y66.035 E1202.36745
G1 X143.278 Y65.836 E1202.3991
G1 X142.686 Y65.514 E1202.43048
G1 X142.168 Y65.091 E1202.46163
G1 X141.757 Y64.589 E1202.49184
G1 X141.421 Y63.976 E1202.52439
G1 X141.223 Y63.302 E1202.5571
G1 X141.157 Y62.659 E1202.58719
G1 X141.225 Y61.987 E1202.61865
G1 X141.423 Y61.34 E1202.65015
G1 X141.739 Y60.753 E1202.68119
G1 X142.166 Y60.233 E1202.71252
G1 X142.691 Y59.799 E1202.74424
G1 X143.285 Y59.48 E1202.77564
G1 X143.948 Y59.284 E1202.80783
G1 X144.6 Y59.22 E1202.83834
G1 X145.266 Y59.283 E1202.86949
G1 X145.919 Y59.483 E1202.90129
G1 X146.515 Y59.8 E1202.93272
G1 X147.057 Y60.257 E1202.96573
G1 X147.465 Y60.751 E1202.99557
G1 X147.783 Y61.344 E1203.0269
G1 X147.981 Y61.999 E1203.05876
G1 X148.043 Y62.661 E1203.08972
G1 X147.98 Y63.312 E1203.12018
G1 X147.784 Y63.975 E1203.15237
G1 X147.465 Y64.569 E1203.18376
G1 X147.035 Y65.091 E1203.21526
G1 X146.508 Y65.524 E1203.24702
G1 X145.921 Y65.836 E1203.27797
G1 X145.273 Y66.035 E1203.30953
G1 X144.596 Y66.104 E1203.34122
G1 F2400 E1200.34122
G0 F15000 X143.892 Y66.213
G0 X128.16 Y88.941
G0 X110 Y124.623
G1 F2400 E1203.34122
G1 F5400 X91.996 Y124.624 E1204.17956
G1 X91.754 Y124.561 E1204.19121
G1 X91.539 Y124.379 E1204.20432
G1 X91.425 Y124.068 E1204.21975
G1 X91.428 Y89.271 E1205.84004
G1 X91.512 Y89.033 E1205.85179
G1 X91.675 Y88.859 E1205.8629
G1 X91.993 Y88.748 E1205.87858
G1 X127.794 Y88.749 E1207.54562
G1 X128.08 Y88.847 E1207.5597
G1 X128.252 Y89.022 E1207.57113
G1 X128.347 Y89.306 E1207.58507
G1 X128.347 Y124.12 E1209.20616
G1 X128.277 Y124.308 E1209.2155
G1 X128.161 Y124.461 E1209.22444
G1 X127.94 Y124.593 E1209.23643
G1 X127.793 Y124.623 E1209.24341
G1 X110 Y124.623 E1210.07193
G1 F2400 E1207.07193
G0 F15000 X110 Y161.752
G0 X110 Y161.952
G1 F2400 E1210.07193
G1 F5400 X149.38 Y161.952 E1211.90563
G1 X149.38 Y58.044 E1216.74402
G1 X70.62 Y58.044 E1220.41141
G1 X70.62 Y161.952 E1225.24981
G1 X110 Y161.952 E1227.0835
G0 F15000 X110 Y162.352
;TYPE:WALL-OUTER
G1 F5400 X149.78 Y162.352 E1228.93583
G1 X149.78 Y57.644 E1233.81147
G1 X70.22 Y57.644 E1237.51612
G1 X70.22 Y162.352 E1242.39176
G1 X110 Y162.352 E1244.24408
G1 F2400 E1241.24408
G0 F15000 X110 Y162.045
G0 X110 Y161.752
G0 X110 Y124.804
G0 X110 Y124.222
G1 F2400 E1244.24408
G1 F5400 X91.996 Y124.223 E1245.08242
G1 X91.887 Y124.171 E1245.08805
G1 X91.824 Y124.077 E1245.09332
G1 X91.825 Y89.322 E1246.71166
G1 X91.853 Y89.243 E1246.71556
G1 X91.962 Y89.148 E1246.72229
G1 X127.764 Y89.148 E1248.38938
G1 X127.892 Y89.208 E1248.39596
G1 X127.948 Y89.304 E1248.40114
G1 X127.948 Y124.039 E1250.01855
G1 X127.886 Y124.17 E1250.0253
G1 X127.786 Y124.221 E1250.03052
G1 X110 Y124.222 E1250.85871
G1 F2400 E1247.85871
G0 F15000 X110 Y124.535
G0 X128.188 Y124.463
G0 X128.188 Y88.913
G0 X114.746 Y88.551
G0 X114.796 Y80.66
G0 X114.776 Y80.08
G1 F2400 E1250.85871
G1 F5400 X113.612 Y79.968 E1250.91316
G1 X112.405 Y79.601 E1250.97191
G1 X111.373 Y79.049 E1251.0264
G1 X110.41 Y78.262 E1251.08432
G1 X109.645 Y77.33 E1251.14046
G1 X109.064 Y76.239 E1251.19802
G1 X108.712 Y75.068 E1251.25495
G1 X108.596 Y73.86 E1251.31146
G1 X108.72 Y72.653 E1251.36796
G1 X109.079 Y71.485 E1251.42486
G1 X109.646 Y70.429 E1251.48067
G1 X110.414 Y69.494 E1251.53701
G1 X111.352 Y68.725 E1251.59349
G1 X112.441 Y68.144 E1251.65096
G1 X113.612 Y67.792 E1251.7079
G1 X114.816 Y67.68 E1251.76421
G1 X115.984 Y67.792 E1251.81884
G1 X117.187 Y68.159 E1251.87741
G1 X118.244 Y68.725 E1251.93324
G1 X119.178 Y69.494 E1251.98957
G1 X119.954 Y70.435 E1252.04637
G1 X120.525 Y71.506 E1252.10288
G1 X120.881 Y72.672 E1252.15965
G1 X121 Y73.862 E1252.21534
G1 X120.881 Y75.088 E1252.2727
G1 X120.517 Y76.275 E1252.33051
G1 X119.954 Y77.325 E1252.38599
G1 X119.187 Y78.257 E1252.44219
G1 X118.223 Y79.049 E1252.50028
G1 X117.191 Y79.601 E1252.55478
G1 X115.984 Y79.964 E1252.61347
G1 X114.776 Y80.08 E1252.66998
G1 F2400 E1249.66998
G0 F15000 X114.746 Y80.388
G0 X113.542 Y80.209
G0 X112.33 Y79.841
G0 X111.426 Y79.359
G0 X109.151 Y77.64
G0 X102.371 Y76.586
G0 X100.532 Y76.552
G1 F2400 E1252.66998
G1 F5400 X100.048 Y76.504 E1252.69263
G1 X99.518 Y76.341 E1252.71845
G1 X99.053 Y76.095 E1252.74294
G1 X98.633 Y75.748 E1252.76831
G1 X98.295 Y75.331 E1252.7933
G1 X98.055 Y74.876 E1252.81726
G1 X97.903 Y74.372 E1252.84177
G1 X97.852 Y73.828 E1252.86721
G1 X97.908 Y73.305 E1252.8917
G1 X98.061 Y72.809 E1252.91587
G1 X98.306 Y72.35 E1252.9401
G1 X98.652 Y71.937 E1252.96519
G1 X99.056 Y71.601 E1252.98966
G1 X99.497 Y71.363 E1253.01299
G1 X100.028 Y71.199 E1253.03887
G1 X100.572 Y71.148 E1253.06431
G1 X101.076 Y71.199 E1253.0879
G1 X101.607 Y71.363 E1253.11378
G1 X102.059 Y71.606 E1253.13767
G1 X102.474 Y71.956 E1253.16295
G1 X102.802 Y72.353 E1253.18693
G1 X103.048 Y72.822 E1253.21159
G1 X103.208 Y73.344 E1253.23701
G1 X103.256 Y73.868 E1253.26152
G1 X103.208 Y74.356 E1253.28435
G1 X103.047 Y74.882 E1253.30996
G1 X102.8 Y75.346 E1253.33444
G1 X102.444 Y75.775 E1253.3604
G1 X102.051 Y76.098 E1253.38409
G1 X101.589 Y76.341 E1253.40839
G1 X101.056 Y76.504 E1253.43435
G1 X100.532 Y76.552 E1253.45885
G1 F2400 E1250.45885
G0 F15000 X100.502 Y76.857
G0 X99.424 Y76.576
G0 X99.012 Y76.356
G0 X97.517 Y75.104
G0 X91.454 Y74.167
G0 X90.21 Y74.418
G1 F2400 E1253.45885
G1 F5400 X89.854 Y74.3 E1253.47631
G1 X89.662 Y74.114 E1253.48876
G1 X89.552 Y73.831 E1253.5029
G1 X89.566 Y73.545 E1253.51623
G1 X89.662 Y73.321 E1253.52758
G1 X89.863 Y73.13 E1253.54049
G1 X90.109 Y73.031 E1253.55284
G1 X90.388 Y73.03 E1253.56583
G1 X90.738 Y73.213 E1253.58422
G1 X90.898 Y73.471 E1253.59836
G1 X90.94 Y73.703 E1253.60933
G1 X90.895 Y73.97 E1253.62194
G1 X90.738 Y74.214 E1253.63545
G1 X90.491 Y74.372 E1253.64911
G1 X90.21 Y74.418 E1253.66236
G1 F2400 E1250.66236
G0 F15000 X90.119 Y74.714
G0 X89.012 Y74.105
G0 X88.799 Y73.848
G0 X87.482 Y75.029
G0 X87.481 Y74.404
G1 F2400 E1253.66236
G1 F5400 X87.226 Y74.408 E1253.67424
G1 X86.954 Y74.3 E1253.68787
G1 X86.765 Y74.118 E1253.70008
G1 X86.659 Y73.872 E1253.71256
G1 X86.651 Y73.577 E1253.7263
G1 X86.847 Y73.208 E1253.74575
G1 X87.093 Y73.046 E1253.75947
G1 X87.367 Y72.986 E1253.77253
G1 X87.729 Y73.098 E1253.79018
G1 X87.937 Y73.301 E1253.80371
G1 X88.036 Y73.526 E1253.81516
G1 X88.048 Y73.837 E1253.82965
G1 X87.922 Y74.114 E1253.84382
G1 X87.73 Y74.301 E1253.8563
G1 X87.481 Y74.404 E1253.86885
G1 F2400 E1250.86885
G0 F15000 X87.482 Y75.029
G0 X86.553 Y76.055
G0 X86.39 Y76.595
G0 X86.547 Y77.111
G0 X86.786 Y77.35
G0 X87.257 Y77.594
G0 X87.346 Y77.298
G1 F2400 E1253.86885
G1 F5400 X86.968 Y77.185 E1253.88722
G1 X86.757 Y76.955 E1253.90175
G1 X86.648 Y76.587 E1253.91962
G1 X86.771 Y76.194 E1253.9388
G1 X87.068 Y75.956 E1253.95652
G1 X87.357 Y75.887 E1253.97035
G1 X87.709 Y75.989 E1253.98742
G1 X87.94 Y76.206 E1254.00218
G1 X88.042 Y76.445 E1254.01428
G1 X88.049 Y76.738 E1254.02792
G1 X87.881 Y77.057 E1254.04471
G1 X87.633 Y77.234 E1254.0589
G1 X87.346 Y77.298 E1254.07259
G1 F2400 E1251.07259
G0 F15000 X87.257 Y77.594
G0 X86.842 Y77.406
G0 X86.603 Y77.167
G0 X86.222 Y75.983
G0 X85.285 Y74.681
G0 X84.424 Y74.42
G1 F2400 E1254.07259
G1 F5400 X84.058 Y74.308 E1254.09041
G1 X83.847 Y74.091 E1254.10451
G1 X83.754 Y73.851 E1254.11649
G1 X83.752 Y73.602 E1254.12809
G1 X83.846 Y73.347 E1254.14074
G1 X84.037 Y73.148 E1254.15359
G1 X84.292 Y73.034 E1254.16659
G1 X84.586 Y73.028 E1254.18029
G1 X84.926 Y73.205 E1254.19813
G1 X85.089 Y73.446 E1254.21168
G1 X85.14 Y73.695 E1254.22352
G1 X85.096 Y73.965 E1254.23626
G1 X84.946 Y74.206 E1254.24947
G1 X84.705 Y74.367 E1254.26297
G1 X84.424 Y74.42 E1254.27628
G1 F2400 E1251.27628
G0 F15000 X84.332 Y74.718
G0 X84.81 Y74.602
G0 X85.12 Y74.397
G0 X85.286 Y74.147
G0 X85.552 Y73.086
G0 X86.164 Y73.248
G0 X87.344 Y71.498
G1 F2400 E1254.27628
G1 F5400 X86.966 Y71.38 E1254.29472
G1 X86.769 Y71.177 E1254.3079
G1 X86.647 Y70.789 E1254.32683
G1 X86.767 Y70.397 E1254.34592
G1 X87.072 Y70.149 E1254.36423
G1 X87.361 Y70.085 E1254.37801
G1 X87.719 Y70.193 E1254.39542
G1 X87.931 Y70.393 E1254.40899
G1 X88.042 Y70.644 E1254.42177
G1 X88.045 Y70.943 E1254.4357
G1 X87.867 Y71.285 E1254.45365
G1 X87.622 Y71.439 E1254.46712
G1 X87.344 Y71.498 E1254.48036
G1 F2400 E1251.48036
G0 F15000 X87.211 Y72.077
G0 X86.834 Y71.643
G0 X86.088 Y70.647
G0 X76.836 Y66.003
G0 X75.421 Y65.7
G1 F2400 E1254.48036
G1 F5400 X74.873 Y65.648 E1254.50599
G1 X74.292 Y65.472 E1254.53426
G1 X73.74 Y65.179 E1254.56336
G1 X73.281 Y64.796 E1254.59119
G1 X72.925 Y64.364 E1254.61726
G1 X72.628 Y63.807 E1254.64665
G1 X72.464 Y63.267 E1254.67293
G1 X72.4 Y62.66 E1254.70135
G1 X72.464 Y62.049 E1254.72996
G1 X72.643 Y61.477 E1254.75787
G1 X72.925 Y60.956 E1254.78545
G1 X73.308 Y60.497 E1254.81329
G1 X73.74 Y60.141 E1254.83936
G1 X74.292 Y59.849 E1254.86843
G1 X74.857 Y59.674 E1254.89597
G1 X75.459 Y59.62 E1254.92412
G1 X76.011 Y59.672 E1254.94994
G1 X76.622 Y59.863 E1254.97974
G1 X77.143 Y60.144 E1255.00731
G1 X77.603 Y60.524 E1255.03509
G1 X77.981 Y60.989 E1255.063
G1 X78.256 Y61.513 E1255.09055
G1 X78.428 Y62.089 E1255.11854
G1 X78.48 Y62.679 E1255.14612
G1 X78.427 Y63.235 E1255.17213
G1 X78.252 Y63.819 E1255.20052
G1 X77.971 Y64.348 E1255.22841
G1 X77.575 Y64.824 E1255.25724
G1 X77.131 Y65.185 E1255.28389
G1 X76.623 Y65.457 E1255.31072
G1 X76.037 Y65.644 E1255.33936
G1 X75.421 Y65.7 E1255.36816
G1 F2400 E1252.36816
G0 F15000 X75.391 Y66.007
G0 X77.469 Y65.657
G0 X126.673 Y77.65
G0 X132.288 Y80.08
G1 F2400 E1255.36816
G1 F5400 X131.124 Y79.968 E1255.42261
G1 X129.939 Y79.611 E1255.48024
G1 X128.885 Y79.049 E1255.53586
G1 X127.925 Y78.265 E1255.59358
G1 X127.154 Y77.325 E1255.65019
G1 X126.583 Y76.258 E1255.70654
G1 X126.227 Y75.088 E1255.76348
G1 X126.108 Y73.898 E1255.81917
G1 X126.224 Y72.692 E1255.87559
G1 X126.583 Y71.502 E1255.93346
G1 X127.154 Y70.435 E1255.98982
G1 X127.913 Y69.508 E1256.0456
G1 X128.864 Y68.725 E1256.10296
G1 X129.953 Y68.144 E1256.16044
G1 X131.124 Y67.792 E1256.21737
G1 X132.328 Y67.68 E1256.27368
G1 X133.496 Y67.792 E1256.32832
G1 X134.67 Y68.146 E1256.38541
G1 X135.772 Y68.737 E1256.44364
G1 X136.684 Y69.488 E1256.49865
G1 X137.477 Y70.453 E1256.55681
G1 X138.033 Y71.497 E1256.61189
G1 X138.392 Y72.669 E1256.66897
G1 X138.512 Y73.9 E1256.72656
G1 X138.394 Y75.083 E1256.78192
G1 X138.029 Y76.275 E1256.83997
G1 X137.467 Y77.324 E1256.89538
G1 X136.68 Y78.275 E1256.95286
G1 X135.735 Y79.049 E1257.00974
G1 X134.703 Y79.601 E1257.06423
G1 X133.496 Y79.964 E1257.12292
G1 X132.288 Y80.08 E1257.17943
G1 F2400 E1254.17943
G0 F15000 X132.258 Y80.388
G0 X133.567 Y80.209
G0 X134.78 Y79.841
G0 X135.896 Y79.246
G0 X136.873 Y78.442
G0 X137.676 Y77.465
G0 X138.271 Y76.349
G0 X138.639 Y75.138
G0 X138.74 Y74.12
G0 X138.579 Y71.287
G0 X143.22 Y66.005
G0 X144.58 Y65.7
G1 F2400 E1257.17943
G1 F5400 X143.993 Y65.636 E1257.20693
G1 X143.437 Y65.466 E1257.234
G1 X142.927 Y65.194 E1257.26091
G1 X142.468 Y64.819 E1257.28851
G1 X142.063 Y64.327 E1257.31819
G1 X141.794 Y63.824 E1257.34475
G1 X141.618 Y63.24 E1257.37315
G1 X141.56 Y62.673 E1257.39969
G1 X141.624 Y62.049 E1257.4289
G1 X141.803 Y61.477 E1257.45681
G1 X142.085 Y60.96 E1257.48423
G1 X142.468 Y60.501 E1257.51206
G1 X142.933 Y60.123 E1257.53997
G1 X143.453 Y59.848 E1257.56736
G1 X144.031 Y59.676 E1257.59544
G1 X144.6 Y59.62 E1257.62206
G1 X145.173 Y59.676 E1257.64887
G1 X145.747 Y59.848 E1257.67677
G1 X146.304 Y60.145 E1257.70617
G1 X146.763 Y60.528 E1257.734
G1 X147.141 Y60.993 E1257.76191
G1 X147.416 Y61.513 E1257.7893
G1 X147.588 Y62.093 E1257.81747
G1 X147.64 Y62.641 E1257.8431
G1 X147.586 Y63.243 E1257.87124
G1 X147.401 Y63.843 E1257.90048
G1 X147.119 Y64.36 E1257.9279
G1 X146.736 Y64.819 E1257.95574
G1 X146.271 Y65.197 E1257.98364
G1 X145.747 Y65.472 E1258.0112
G1 X145.211 Y65.636 E1258.0373
G1 X144.58 Y65.7 E1258.06683
G1 F2400 E1255.06683
G0 F15000 X144.55 Y66.006
G0 X143.892 Y66.213
G0 X143.892 Y161.752
G0 X110 Y161.592
;TYPE:SKIN
G1 F2400 E1258.06683
G1 F5400 X70.98 Y161.592 E1259.88377
G1 X70.98 Y64.233 E1264.41721
G1 F4605.5 X71.049 Y63.499 E1264.45746
G1 F3913 X71.063 Y63.433 E1264.46179
G1 F3941.6 X71.045 Y62.71 E1264.50793
G1 F3948.8 X71.061 Y61.901 E1264.55945
G1 F4014.9 X71.036 Y61.781 E1264.56713
G1 F4736.8 X70.98 Y61.069 E1264.60504
G1 F5400 X70.98 Y58.404 E1264.72914
G1 X73.892 Y58.405 E1264.86473
G1 F5011.6 X74.677 Y58.435 E1264.90415
G1 F4843 X75.403 Y58.418 E1264.94185
G1 F4864.9 X76.179 Y58.433 E1264.98197
G1 F5023.3 X76.998 Y58.404 E1265.02299
G1 F5400 X143.056 Y58.404 E1268.09893
G1 F5000 X143.84 Y58.436 E1268.13839
G1 F4843 X144.556 Y58.418 E1268.17557
G1 F4853.9 X145.342 Y58.434 E1268.2163
G1 F5023.3 X146.149 Y58.405 E1268.25672
G1 F5400 X149.02 Y58.404 E1268.3904
G1 X149.02 Y61.086 E1268.51529
G1 F4778.8 X148.969 Y61.809 E1268.55343
G1 F4130 X148.949 Y61.918 E1268.56017
G1 F4098.7 X148.965 Y62.704 E1268.6084
G1 F4090.9 X148.947 Y63.434 E1268.65329
G1 F4044.9 X148.959 Y63.496 E1268.65721
G1 F4675.3 X149.02 Y64.221 E1268.69634
G1 F5400 X149.02 Y161.592 E1273.23034
G1 X110 Y161.592 E1275.04728
G1 F2400 E1272.04728
G0 F15000 X110 Y161.852
G0 X110 Y124.804
G0 X110 Y124.983
G1 F2400 E1275.04728
G1 F5400 X127.967 Y124.984 E1275.8839
G1 X128.304 Y124.804 E1275.90169
G1 X128.481 Y124.639 E1275.91295
G1 X128.641 Y124.371 E1275.92749
G1 X128.702 Y124.111 E1275.93992
G1 X128.703 Y89.268 E1277.56236
G1 X128.626 Y88.959 E1277.57719
G1 X128.449 Y88.695 E1277.59199
G1 X128.259 Y88.537 E1277.60349
G1 X127.832 Y88.387 E1277.62457
G1 X91.911 Y88.394 E1279.2972
G1 X91.654 Y88.456 E1279.30951
G1 X91.331 Y88.677 E1279.32773
G1 X91.19 Y88.872 E1279.33894
G1 X91.064 Y89.278 E1279.35873
G1 X91.064 Y124.089 E1280.97968
G1 X91.204 Y124.525 E1281.001
G1 X91.396 Y124.752 E1281.01485
G1 X91.609 Y124.888 E1281.02661
G1 X91.963 Y124.983 E1281.04368
G1 X110 Y124.983 E1281.88356
G1 F2400 E1278.88356
G0 F15000 X110 Y124.724
G0 X91.588 Y124.463
G0 X91.598 Y88.906
G0 X76.836 Y66.003
G0 X75.42 Y66.464
G1 F2400 E1281.88356
G1 F5400 X76.192 Y66.387 E1281.91969
G1 X76.884 Y66.176 E1281.95337
G1 X77.575 Y65.801 E1281.98998
G1 X78.126 Y65.346 E1282.02326
G1 X78.618 Y64.749 E1282.05928
G1 X78.954 Y64.105 E1282.0931
G1 X79.173 Y63.399 E1282.12752
G1 X79.244 Y62.684 E1282.16098
G1 X79.176 Y61.933 E1282.19609
G1 X78.96 Y61.217 E1282.23091
G1 X78.617 Y60.566 E1282.26518
G1 X78.11 Y59.948 E1282.3024
G1 X77.562 Y59.504 E1282.33524
G1 X76.918 Y59.159 E1282.36926
G1 F5023.3 X76.16 Y58.891 E1282.4095
G1 F4864.9 X75.459 Y58.846 E1282.44581
G1 F4843 X74.716 Y58.892 E1282.48446
G1 F5011.6 X74.001 Y59.14 E1282.52243
G1 F5400 X73.316 Y59.501 E1282.55849
G1 X72.768 Y59.953 E1282.59156
G1 X72.289 Y60.528 E1282.62641
G1 X71.939 Y61.177 E1282.66075
G1 F4736.8 X71.659 Y61.875 E1282.70067
G1 F4014.9 X71.623 Y61.926 E1282.70458
G1 F3948.8 X71.575 Y62.636 E1282.74989
G1 F3941.6 X71.625 Y63.385 E1282.79778
G1 F3913 X71.646 Y63.413 E1282.80003
G1 F4605.5 X71.935 Y64.135 E1282.84249
G1 F5400 X72.285 Y64.784 E1282.87682
G1 X72.741 Y65.336 E1282.91016
G1 X73.35 Y65.838 E1282.94691
G1 X73.966 Y66.162 E1282.97932
G1 X74.72 Y66.396 E1283.01608
G1 X75.42 Y66.464 E1283.04883
G1 F2400 E1280.04883
G0 F15000 X75.445 Y66.206
G0 X76.836 Y66.003
G0 X86.372 Y75.767
G0 X87.464 Y78.048
G1 F2400 E1283.04883
G1 F5400 X87.893 Y77.958 E1283.06924
G1 X88.376 Y77.652 E1283.09586
G1 X88.554 Y77.411 E1283.10982
G1 X88.734 Y77.051 E1283.12856
G1 X88.803 Y76.787 E1283.14126
G1 X88.801 Y76.273 E1283.1652
G1 X88.56 Y75.749 E1283.19205
G1 X88.22 Y75.395 E1283.21491
G1 X87.737 Y75.167 E1283.23978
G1 X87.859 Y75.079 E1283.24678
G1 X88.205 Y74.904 E1283.26484
G1 X88.539 Y74.557 E1283.28727
G1 X88.795 Y74.134 E1283.31029
G1 X89.072 Y74.606 E1283.33577
G1 X89.339 Y74.859 E1283.3529
G1 X89.602 Y75.023 E1283.36733
G1 X89.977 Y75.142 E1283.38565
G1 X90.276 Y75.188 E1283.39974
G1 X90.795 Y75.086 E1283.42437
G1 X91.183 Y74.832 E1283.44596
G1 X91.364 Y74.646 E1283.45805
G1 X91.617 Y74.238 E1283.4804
G1 X91.708 Y73.668 E1283.50728
G1 X91.61 Y73.169 E1283.53096
G1 X91.368 Y72.8 E1283.5515
G1 X91.106 Y72.553 E1283.56827
G1 X90.584 Y72.281 E1283.59568
G1 X89.948 Y72.261 E1283.62531
G1 X89.395 Y72.513 E1283.65361
G1 X89.041 Y72.871 E1283.67705
G1 X88.819 Y73.329 E1283.70075
G1 X88.714 Y73.183 E1283.70912
G1 X88.56 Y72.865 E1283.72558
G1 X88.308 Y72.59 E1283.74294
G1 X88.08 Y72.424 E1283.75608
G1 X87.701 Y72.251 E1283.77548
G1 X88.042 Y72.074 E1283.79337
G1 X88.357 Y71.855 E1283.81123
G1 X88.545 Y71.621 E1283.82521
G1 X88.811 Y71.109 E1283.85207
G1 X88.791 Y70.531 E1283.879
G1 X88.649 Y70.125 E1283.89903
G1 X88.53 Y69.924 E1283.90991
G1 X88.245 Y69.63 E1283.92898
G1 X87.941 Y69.466 E1283.94506
G1 X87.527 Y69.343 E1283.96517
G1 X87.273 Y69.332 E1283.97701
G1 X86.865 Y69.411 E1283.99636
G1 X86.637 Y69.522 E1284.00817
G1 X86.238 Y69.847 E1284.03213
G1 X86.057 Y70.106 E1284.04684
G1 X85.908 Y70.612 E1284.0714
G1 X85.91 Y70.977 E1284.0884
G1 X86.1 Y71.591 E1284.11833
G1 X86.533 Y72.012 E1284.14645
G1 X86.993 Y72.226 E1284.17007
G1 X86.634 Y72.431 E1284.18932
G1 X86.352 Y72.632 E1284.20545
G1 X86.188 Y72.831 E1284.21746
G1 X86.017 Y73.142 E1284.23398
G1 X85.894 Y73.313 E1284.24379
G1 X85.713 Y73.004 E1284.26047
G1 X85.406 Y72.594 E1284.28432
G1 X84.927 Y72.349 E1284.30937
G1 X84.641 Y72.269 E1284.3232
G1 X84.141 Y72.265 E1284.34648
G1 X83.61 Y72.504 E1284.3736
G1 X83.194 Y72.914 E1284.40079
G1 X82.995 Y73.448 E1284.42733
G1 X82.997 Y73.991 E1284.45261
G1 X83.211 Y74.543 E1284.48018
G1 X83.582 Y74.899 E1284.50412
G1 X83.811 Y75.026 E1284.51632
G1 X84.291 Y75.179 E1284.53977
G1 X84.65 Y75.159 E1284.55652
G1 X85.046 Y75.056 E1284.57557
G1 X85.398 Y74.817 E1284.59538
G1 X85.581 Y74.619 E1284.60794
G1 X85.898 Y74.099 E1284.63629
G1 X86.132 Y74.55 E1284.65995
G1 X86.48 Y74.909 E1284.68323
G1 X86.829 Y75.081 E1284.70135
G1 X86.919 Y75.167 E1284.70715
G1 X86.557 Y75.385 E1284.72683
G1 X86.234 Y75.647 E1284.74619
G1 X86.061 Y75.901 E1284.7605
G1 X85.913 Y76.395 E1284.78451
G1 X85.902 Y76.753 E1284.80119
G1 X86.058 Y77.265 E1284.82611
G1 X86.188 Y77.466 E1284.83726
G1 X86.555 Y77.844 E1284.86179
G1 X87.089 Y78.013 E1284.88787
G1 X87.464 Y78.048 E1284.90541
G1 F2400 E1281.90541
G0 F15000 X87.438 Y77.789
G0 X88.403 Y77.313
G0 X98.73 Y76.583
G0 X100.532 Y77.316
G1 F2400 E1284.90541
G1 F5400 X101.251 Y77.236 E1284.9391
G1 X101.902 Y77.034 E1284.97084
G1 X102.474 Y76.731 E1285.00098
G1 X102.979 Y76.32 E1285.0313
G1 X103.424 Y75.774 E1285.0641
G1 X103.753 Y75.155 E1285.09674
G1 X103.947 Y74.549 E1285.12637
G1 X104.02 Y73.868 E1285.15826
G1 X103.947 Y73.151 E1285.19182
G1 X103.763 Y72.567 E1285.22033
G1 X103.444 Y71.941 E1285.25304
G1 X102.988 Y71.389 E1285.28638
G1 X102.48 Y70.969 E1285.31707
G1 X101.867 Y70.646 E1285.34934
G1 X101.207 Y70.453 E1285.38136
G1 X100.552 Y70.38 E1285.41205
G1 X99.881 Y70.454 E1285.44348
G1 X99.219 Y70.651 E1285.47564
G1 X98.616 Y70.981 E1285.50765
G1 X98.108 Y71.404 E1285.53843
G1 X97.667 Y71.934 E1285.57054
G1 X97.356 Y72.51 E1285.60102
G1 X97.163 Y73.155 E1285.63237
G1 X97.084 Y73.856 E1285.66521
G1 X97.155 Y74.52 E1285.69631
G1 X97.349 Y75.17 E1285.7279
G1 X97.675 Y75.774 E1285.75986
G1 X98.127 Y76.319 E1285.79283
G1 X98.625 Y76.731 E1285.82292
G1 X99.212 Y77.034 E1285.85368
G1 X99.846 Y77.243 E1285.88477
G1 X100.532 Y77.316 E1285.91689
G1 F2400 E1282.91689
G0 F15000 X100.557 Y77.058
G0 X102.371 Y76.586
G0 X109.151 Y77.64
G0 X114.777 Y80.84
G1 F2400 E1285.91689
G1 F5400 X116.147 Y80.71 E1285.98097
G1 X117.483 Y80.305 E1286.04597
G1 X118.643 Y79.685 E1286.10722
G1 X119.703 Y78.813 E1286.17113
G1 X120.601 Y77.727 E1286.23675
G1 X121.236 Y76.528 E1286.29993
G1 X121.633 Y75.229 E1286.36318
G1 X121.764 Y73.852 E1286.42758
G1 X121.62 Y72.497 E1286.49103
G1 X121.225 Y71.206 E1286.5539
G1 X120.575 Y69.996 E1286.61786
G1 X119.701 Y68.946 E1286.68147
G1 X118.68 Y68.101 E1286.74318
G1 X117.479 Y67.451 E1286.80677
G1 X116.132 Y67.04 E1286.87235
G1 X114.812 Y66.912 E1286.9341
G1 X113.461 Y67.042 E1286.9973
G1 X112.113 Y67.451 E1287.06289
G1 X110.945 Y68.079 E1287.12464
G1 X109.87 Y68.954 E1287.18919
G1 X109.001 Y70.016 E1287.25308
G1 X108.371 Y71.193 E1287.31525
G1 X107.96 Y72.544 E1287.381
G1 X107.828 Y73.893 E1287.44412
G1 X107.956 Y75.2 E1287.50527
G1 X108.364 Y76.539 E1287.57045
G1 X109 Y77.738 E1287.63365
G1 X109.884 Y78.811 E1287.69838
G1 X110.908 Y79.659 E1287.76029
G1 X112.109 Y80.305 E1287.82379
G1 X113.461 Y80.716 E1287.88959
G1 X114.777 Y80.84 E1287.95114
G1 F2400 E1284.95114
G0 F15000 X114.801 Y80.581
G0 X117.395 Y80.15
G0 X129.727 Y80.152
G0 X132.296 Y80.84
G1 F2400 E1287.95114
G1 F5400 X133.649 Y80.708 E1288.01444
G1 X134.995 Y80.301 E1288.07992
G1 X136.151 Y79.685 E1288.14091
G1 X137.216 Y78.811 E1288.20506
G1 X138.099 Y77.744 E1288.26955
G1 X138.729 Y76.567 E1288.33172
G1 X139.142 Y75.211 E1288.39772
G1 X139.276 Y73.88 E1288.46001
G1 X139.132 Y72.501 E1288.52457
G1 X138.739 Y71.205 E1288.58763
G1 X138.105 Y70.019 E1288.65026
G1 X137.243 Y68.968 E1288.71355
G1 X136.165 Y68.08 E1288.77858
G1 X134.991 Y67.451 E1288.8406
G1 X133.644 Y67.04 E1288.90618
G1 X132.324 Y66.912 E1288.96793
G1 X130.973 Y67.042 E1289.03113
G1 X129.625 Y67.451 E1289.09672
G1 X128.457 Y68.079 E1289.15847
G1 X127.373 Y68.968 E1289.22375
G1 X126.533 Y69.988 E1289.28528
G1 X125.887 Y71.189 E1289.34878
G1 X125.48 Y72.515 E1289.41337
G1 X125.34 Y73.901 E1289.47823
G1 X125.479 Y75.236 E1289.54073
G1 X125.883 Y76.554 E1289.60492
G1 X126.522 Y77.749 E1289.66802
G1 X127.397 Y78.813 E1289.73217
G1 X128.428 Y79.663 E1289.79439
G1 X129.659 Y80.319 E1289.85934
G1 X130.943 Y80.707 E1289.9218
G1 X132.296 Y80.84 E1289.9851
G1 F2400 E1286.9851
G0 F15000 X132.321 Y80.581
G0 X134.78 Y79.841
G0 X135.896 Y79.246
G0 X136.873 Y78.442
G0 X137.676 Y77.465
G0 X138.271 Y76.349
G0 X138.639 Y75.138
G0 X138.74 Y74.12
G0 X138.579 Y71.287
G0 X143.892 Y66.213
G0 X144.574 Y66.463
G1 F2400 E1289.9851
G1 F5400 X145.367 Y66.38 E1290.02223
G1 X146.035 Y66.176 E1290.05475
G1 X146.724 Y65.811 E1290.09106
G1 X147.276 Y65.355 E1290.1244
G1 X147.777 Y64.751 E1290.16094
G1 X148.109 Y64.131 E1290.19369
G1 F4954.1 X148.407 Y63.364 E1290.23545
G1 F4390.2 X148.455 Y62.632 E1290.27747
G1 F4098.7 X148.407 Y61.943 E1290.31984
G1 F4130 X148.377 Y61.895 E1290.32329
G1 F4778.8 X148.105 Y61.181 E1290.36349
G1 F5400 X147.781 Y60.573 E1290.39557
G1 X147.268 Y59.953 E1290.43304
G1 X146.724 Y59.505 E1290.46585
G1 X146.075 Y59.155 E1290.50019
G1 F5023.3 X145.321 Y58.894 E1290.54013
G1 F4853.9 X144.616 Y58.846 E1290.57673
G1 F4843 X143.88 Y58.895 E1290.61503
G1 F5000 X143.125 Y59.155 E1290.65519
G1 F5400 X142.505 Y59.487 E1290.68794
G1 X141.924 Y59.961 E1290.72285
G1 X141.449 Y60.532 E1290.75744
G1 X141.095 Y61.181 E1290.79186
G1 X140.876 Y61.889 E1290.82637
G1 X140.792 Y62.671 E1290.86299
G1 X140.876 Y63.423 E1290.89823
G1 X141.094 Y64.122 E1290.93232
G1 X141.422 Y64.746 E1290.96515
G1 X141.897 Y65.328 E1291.00013
G1 X142.494 Y65.825 E1291.0363
G1 X143.134 Y66.162 E1291.06998
G1 X143.833 Y66.38 E1291.10407
G1 X144.574 Y66.463 E1291.13879
G1 F2400 E1288.13879
G0 F15000 X144.601 Y66.206
G0 X145.863 Y65.699
G0 X146.432 Y65.396
G0 X146.929 Y64.986
G0 X147.339 Y64.488
G0 X147.642 Y63.918
G0 X147.83 Y63.301
G0 X147.893 Y62.661
G0 X147.836 Y62.086
G0 X147.159 Y60.098
G0 X147.159 Y58.244
G0 X148.549 Y58.605
G1 F2400 E1291.13879
G1 F5400 X148.82 Y58.876 E1291.15664
G0 F15000 X148.82 Y59.442
G1 F5400 X147.983 Y58.605 E1291.21176
G0 F15000 X147.418 Y58.605
G1 F5400 X148.82 Y60.007 E1291.30408
G0 F15000 X148.82 Y60.573
G1 F5400 X146.852 Y58.605 E1291.43368
G0 F15000 X146.286 Y58.605
G1 F5400 X148.813 Y61.132 E1291.60008
G0 F15000 X148.347 Y61.232
G1 F5400 X148.744 Y61.629 E1291.62623
G1 F2400 E1288.62623
G0 F15000 X149.28 Y61.629
G0 X149.18 Y63.534
G0 X148.158 Y63.343
G0 X148.542 Y63.689
G1 F2400 E1291.62623
G1 F5400 X148.769 Y63.916 E1291.64117
G0 F15000 X148.358 Y64.071
G1 F5400 X148.821 Y64.533 E1291.67163
G0 F15000 X148.821 Y65.099
G1 F5400 X148.166 Y64.445 E1291.71473
G0 F15000 X147.969 Y64.813
G1 F5400 X148.821 Y65.665 E1291.77084
G0 F15000 X148.821 Y66.23
G1 F5400 X147.723 Y65.133 E1291.84311
G0 F15000 X147.466 Y65.442
G1 F5400 X148.821 Y66.796 E1291.9323
G0 F15000 X148.821 Y67.362
G1 F5400 X147.165 Y65.706 E1292.04136
G0 F15000 X146.855 Y65.962
G1 F5400 X148.821 Y67.928 E1292.17082
G0 F15000 X148.821 Y68.493
G1 F5400 X146.492 Y66.165 E1292.32416
G0 F15000 X146.12 Y66.358
G1 F5400 X148.821 Y69.059 E1292.50202
G0 F15000 X148.821 Y69.625
G1 F5400 X145.687 Y66.491 E1292.7084
G0 F15000 X145.23 Y66.6
G1 F5400 X148.821 Y70.19 E1292.94484
G0 F15000 X148.821 Y70.756
G1 F5400 X144.719 Y66.654 E1293.21496
G0 F15000 X144.114 Y66.615
G1 F5400 X148.821 Y71.322 E1293.52493
G0 F15000 X148.821 Y71.887
G1 F5400 X143.384 Y66.451 E1293.88293
G0 F15000 X143.519 Y66.014
G0 X142.562 Y65.545
G0 X142.268 Y65.9
G1 F5400 X148.821 Y72.453 E1294.31446
G0 F15000 X148.821 Y73.019
G1 F5400 X134.405 Y58.604 E1295.26374
G0 F15000 X133.84 Y58.604
G1 F5400 X148.821 Y73.584 E1296.25023
G0 F15000 X148.821 Y74.15
G1 F5400 X133.274 Y58.604 E1297.274
G0 F15000 X132.708 Y58.604
G1 F5400 X148.821 Y74.716 E1298.33503
G0 F15000 X148.821 Y75.281
G1 F5400 X132.143 Y58.604 E1299.43328
G0 F15000 X131.577 Y58.604
G1 F5400 X148.821 Y75.847 E1300.56879
G0 F15000 X148.821 Y76.413
G1 F5400 X131.011 Y58.604 E1301.74158
G0 F15000 X130.446 Y58.604
G1 F5400 X148.821 Y76.978 E1302.95157
G0 F15000 X148.821 Y77.544
G1 F5400 X129.88 Y58.604 E1304.19883
G0 F15000 X129.314 Y58.604
G1 F5400 X148.821 Y78.11 E1305.48337
G0 F15000 X148.821 Y78.676
G1 F5400 X128.749 Y58.604 E1306.80514
G0 F15000 X128.183 Y58.604
G1 F5400 X148.821 Y79.241 E1308.16416
G0 F15000 X148.821 Y79.807
G1 F5400 X127.617 Y58.604 E1309.56044
G0 F15000 X127.052 Y58.604
G1 F5400 X136.725 Y68.278 E1310.19746
G1 F2400 E1307.19746
G0 F15000 X136.432 Y68.633
G0 X137.536 Y69.734
G0 X137.891 Y69.443
G1 F2400 E1310.19746
G1 F5400 X148.821 Y80.373 E1310.91722
G0 F15000 X148.821 Y80.938
G1 F5400 X138.823 Y70.941 E1311.57557
G0 F15000 X139.131 Y71.814
G1 F5400 X148.821 Y81.504 E1312.21368
G0 F15000 X148.821 Y82.07
G1 F5400 X139.34 Y72.589 E1312.83802
G0 F15000 X139.406 Y73.221
G1 F5400 X148.821 Y82.635 E1313.45798
G0 F15000 X148.821 Y83.201
G1 F5400 X139.473 Y73.853 E1314.07356
G0 F15000 X139.426 Y74.372
G1 F5400 X148.821 Y83.767 E1314.69224
G0 F15000 X148.821 Y84.332
G1 F5400 X139.375 Y74.887 E1315.31424
G0 F15000 X139.299 Y75.377
G1 F5400 X148.821 Y84.898 E1315.94124
G0 F15000 X148.821 Y85.464
G1 F5400 X139.169 Y75.812 E1316.57685
G0 F15000 X139.038 Y76.247
G1 F5400 X148.821 Y86.029 E1317.22104
G0 F15000 X148.821 Y86.595
G1 F5400 X138.898 Y76.673 E1317.87445
G0 F15000 X138.701 Y77.041
G1 F5400 X148.821 Y87.161 E1318.54087
G0 F15000 X148.821 Y87.726
G1 F5400 X138.504 Y77.41 E1319.22023
G0 F15000 X138.307 Y77.778
G1 F5400 X148.821 Y88.292 E1319.9126
G0 F15000 X148.821 Y88.858
G1 F5400 X138.063 Y78.101 E1320.621
G0 F15000 X137.807 Y78.41
G1 F5400 X148.821 Y89.424 E1321.34629
G0 F15000 X148.821 Y89.989
G1 F5400 X137.551 Y78.72 E1322.0884
G0 F15000 X137.281 Y79.015
G1 F5400 X148.821 Y90.555 E1322.84833
G0 F15000 X148.821 Y91.121
G1 F5400 X136.971 Y79.271 E1323.62867
G0 F15000 X136.661 Y79.527
G1 F5400 X148.821 Y91.686 E1324.4294
G0 F15000 X148.821 Y92.252
G1 F5400 X136.351 Y79.782 E1325.25057
G0 F15000 X135.995 Y79.992
G1 F5400 X148.821 Y92.818 E1326.09518
G0 F15000 X148.821 Y93.383
G1 F5400 X135.625 Y80.188 E1326.96413
G0 F15000 X135.255 Y80.384
G1 F5400 X148.821 Y93.949 E1327.85744
G0 F15000 X148.821 Y94.515
G1 F5400 X134.861 Y80.555 E1328.77673
G0 F15000 X134.426 Y80.686
G1 F5400 X148.821 Y95.08 E1329.72463
G0 F15000 X148.821 Y95.646
G1 F5400 X133.992 Y80.817 E1330.70115
G0 F15000 X133.526 Y80.917
G1 F5400 X148.821 Y96.212 E1331.70835
G0 F15000 X148.821 Y96.777
G1 F5400 X133.014 Y80.971 E1332.74923
G0 F15000 X132.501 Y81.024
G1 F5400 X148.821 Y97.343 E1333.8239
G0 F15000 X148.821 Y97.909
G1 F5400 X131.911 Y80.999 E1334.93745
G0 F15000 X131.285 Y80.939
G1 F5400 X148.821 Y98.475 E1336.09223
G0 F15000 X148.821 Y99.04
G1 F5400 X130.588 Y80.807 E1337.2929
G0 F15000 X129.774 Y80.559
G1 F5400 X148.821 Y99.606 E1338.54718
G0 F15000 X148.821 Y100.172
G1 F5400 X128.673 Y80.024 E1339.87396
G1 F2400 E1336.87396
G0 F15000 X128.888 Y79.618
G0 X126.584 Y77.314
G0 X126.179 Y77.53
G1 F2400 E1339.87396
G1 F5400 X121.901 Y73.252 E1340.15568
G0 F15000 X121.964 Y73.881
G1 F5400 X148.821 Y100.737 E1341.92422
G0 F15000 X148.821 Y101.303
G1 F5400 X121.914 Y74.396 E1343.69609
G0 F15000 X121.863 Y74.912
G1 F5400 X148.821 Y101.869 E1345.47129
G0 F15000 X148.821 Y102.434
G1 F5400 X121.788 Y75.402 E1347.25143
G0 F15000 X121.656 Y75.835
G1 F5400 X148.821 Y103 E1349.04029
G0 F15000 X148.821 Y103.566
G1 F5400 X121.523 Y76.269 E1350.83788
G0 F15000 X121.375 Y76.686
G1 F5400 X148.821 Y104.131 E1352.64521
G0 F15000 X148.821 Y104.697
G1 F5400 X121.18 Y77.056 E1354.46542
G0 F15000 X120.985 Y77.427
G1 F5400 X148.821 Y105.263 E1356.29846
G0 F15000 X148.821 Y105.828
G1 F5400 X120.789 Y77.797 E1358.14439
G0 F15000 X120.542 Y78.116
G1 F5400 X148.821 Y106.394 E1360.00657
G0 F15000 X148.821 Y106.96
G1 F5400 X120.285 Y78.425 E1361.88568
G0 F15000 X120.029 Y78.734
G1 F5400 X148.821 Y107.525 E1363.78165
G0 F15000 X148.821 Y108.091
G1 F5400 X119.755 Y79.026 E1365.69567
G0 F15000 X119.447 Y79.283
G1 F5400 X148.821 Y108.657 E1367.63
G0 F15000 X148.821 Y109.223
G1 F5400 X128.901 Y89.303 E1368.94176
G0 F15000 X128.901 Y89.869
G1 F5400 X148.821 Y109.788 E1370.25349
G0 F15000 X148.821 Y110.354
G1 F5400 X128.901 Y90.435 E1371.56523
G0 F15000 X128.901 Y91
G1 F5400 X148.821 Y110.92 E1372.87699
G0 F15000 X148.821 Y111.485
G1 F5400 X128.901 Y91.566 E1374.18873
G0 F15000 X128.901 Y92.132
G1 F5400 X148.821 Y112.051 E1375.50046
G0 F15000 X148.821 Y112.617
G1 F5400 X128.901 Y92.697 E1376.81223
G0 F15000 X128.901 Y93.263
G1 F5400 X148.821 Y113.182 E1378.12396
G0 F15000 X148.821 Y113.748
G1 F5400 X128.901 Y93.829 E1379.43569
G0 F15000 X128.901 Y94.395
G1 F5400 X148.821 Y114.314 E1380.74742
G0 F15000 X148.821 Y114.879
G1 F5400 X128.901 Y94.96 E1382.05916
G0 F15000 X128.901 Y95.526
G1 F5400 X148.821 Y115.445 E1383.37089
G0 F15000 X148.821 Y116.011
G1 F5400 X128.901 Y96.092 E1384.68262
G0 F15000 X128.901 Y96.657
G1 F5400 X148.821 Y116.576 E1385.99436
G0 F15000 X148.821 Y117.142
G1 F5400 X128.901 Y97.223 E1387.30609
G0 F15000 X128.901 Y97.789
G1 F5400 X148.821 Y117.708 E1388.61782
G0 F15000 X148.821 Y118.274
G1 F5400 X128.902 Y98.355 E1389.92952
G0 F15000 X128.902 Y98.921
G1 F5400 X148.821 Y118.839 E1391.24119
G0 F15000 X148.821 Y119.405
G1 F5400 X128.902 Y99.486 E1392.55289
G0 F15000 X128.902 Y100.052
G1 F5400 X148.821 Y119.971 E1393.86459
G0 F15000 X148.821 Y120.536
G1 F5400 X128.902 Y100.618 E1395.17626
G0 F15000 X128.902 Y101.183
G1 F5400 X148.821 Y121.102 E1396.48796
G0 F15000 X148.821 Y121.668
G1 F5400 X128.902 Y101.749 E1397.79966
G0 F15000 X128.902 Y102.315
G1 F5400 X148.821 Y122.233 E1399.11133
G0 F15000 X148.821 Y122.799
G1 F5400 X128.902 Y102.881 E1400.42299
G0 F15000 X128.902 Y103.446
G1 F5400 X148.821 Y123.365 E1401.73469
G0 F15000 X148.821 Y123.93
G1 F5400 X128.902 Y104.012 E1403.04636
G0 F15000 X128.902 Y104.578
G1 F5400 X148.821 Y124.496 E1404.35803
G0 F15000 X148.821 Y125.062
G1 F5400 X128.902 Y105.143 E1405.66973
G0 F15000 X128.902 Y105.709
G1 F5400 X148.821 Y125.627 E1406.9814
G0 F15000 X148.821 Y126.193
G1 F5400 X128.902 Y106.275 E1408.29306
G0 F15000 X128.903 Y106.841
G1 F5400 X148.821 Y126.759 E1409.6047
G0 F15000 X148.821 Y127.324
G1 F5400 X128.903 Y107.407 E1410.9163
G0 F15000 X128.903 Y107.972
G1 F5400 X148.821 Y127.89 E1412.22793
G0 F15000 X148.821 Y128.456
G1 F5400 X128.903 Y108.538 E1413.53957
G0 F15000 X128.903 Y109.104
G1 F5400 X148.821 Y129.022 E1414.8512
G0 F15000 X148.821 Y129.587
G1 F5400 X128.903 Y109.669 E1416.16284
G0 F15000 X128.903 Y110.235
G1 F5400 X148.821 Y130.153 E1417.47447
G0 F15000 X148.821 Y130.719
G1 F5400 X128.903 Y110.801 E1418.7861
G0 F15000 X128.903 Y111.366
G1 F5400 X148.821 Y131.284 E1420.09774
G0 F15000 X148.821 Y131.85
G1 F5400 X128.903 Y111.932 E1421.40937
G0 F15000 X128.903 Y112.498
G1 F5400 X148.821 Y132.416 E1422.72101
G0 F15000 X148.821 Y132.981
G1 F5400 X128.903 Y113.064 E1424.03261
G0 F15000 X128.903 Y113.629
G1 F5400 X148.821 Y133.547 E1425.34424
G0 F15000 X148.821 Y134.113
G1 F5400 X128.903 Y114.195 E1426.65588
G0 F15000 X128.903 Y114.761
G1 F5400 X148.821 Y134.678 E1427.96748
G0 F15000 X148.821 Y135.244
G1 F5400 X128.903 Y115.326 E1429.27911
G0 F15000 X128.903 Y115.893
G1 F5400 X148.821 Y135.81 E1430.59071
G0 F15000 X148.821 Y136.375
G1 F5400 X128.903 Y116.458 E1431.90232
G0 F15000 X128.903 Y117.024
G1 F5400 X148.821 Y136.941 E1433.21392
G0 F15000 X148.821 Y137.507
G1 F5400 X128.903 Y117.59 E1434.52552
G0 F15000 X128.903 Y118.155
G1 F5400 X148.821 Y138.072 E1435.83712
G0 F15000 X148.821 Y138.638
G1 F5400 X128.903 Y118.721 E1437.14872
G0 F15000 X128.903 Y119.287
G1 F5400 X148.821 Y139.204 E1438.46032
G0 F15000 X148.821 Y139.77
G1 F5400 X128.903 Y119.852 E1439.77196
G0 F15000 X128.903 Y120.418
G1 F5400 X148.821 Y140.335 E1441.08356
G0 F15000 X148.821 Y140.901
G1 F5400 X128.903 Y120.984 E1442.39516
G0 F15000 X128.903 Y121.55
G1 F5400 X148.821 Y141.467 E1443.70676
G0 F15000 X148.821 Y142.032
G1 F5400 X128.903 Y122.115 E1445.01836
G0 F15000 X128.903 Y122.681
G1 F5400 X148.821 Y142.598 E1446.32996
G0 F15000 X148.821 Y143.164
G1 F5400 X128.903 Y123.247 E1447.64157
G0 F15000 X128.903 Y123.812
G1 F5400 X148.821 Y143.729 E1448.95317
G0 F15000 X148.821 Y144.295
G1 F5400 X128.857 Y124.332 E1450.2678
G0 F15000 X128.672 Y124.712
G1 F5400 X148.821 Y144.861 E1451.59464
G0 F15000 X148.821 Y145.426
G1 F5400 X128.382 Y124.988 E1452.94055
G0 F15000 X128.011 Y125.183
G1 F5400 X148.821 Y145.992 E1454.31089
G0 F15000 X148.821 Y146.558
G1 F5400 X127.447 Y125.184 E1455.71841
G0 F15000 X126.881 Y125.184
G1 F5400 X148.821 Y147.123 E1457.16316
G0 F15000 X148.821 Y147.689
G1 F5400 X126.315 Y125.184 E1458.64519
G0 F15000 X125.75 Y125.184
G1 F5400 X148.821 Y148.255 E1460.16445
G0 F15000 X148.821 Y148.821
G1 F5400 X125.184 Y125.184 E1461.72099
G0 F15000 X124.618 Y125.184
G1 F5400 X148.821 Y149.386 E1463.31477
G0 F15000 X148.821 Y149.952
G1 F5400 X124.053 Y125.184 E1464.94578
G0 F15000 X123.487 Y125.184
G1 F5400 X148.821 Y150.518 E1466.61407
G0 F15000 X148.821 Y151.083
G1 F5400 X122.921 Y125.184 E1468.31959
G0 F15000 X122.356 Y125.184
G1 F5400 X148.821 Y151.649 E1470.06236
G0 F15000 X148.821 Y152.215
G1 F5400 X121.79 Y125.184 E1471.8424
G0 F15000 X121.224 Y125.184
G1 F5400 X148.821 Y152.78 E1473.65967
G0 F15000 X148.821 Y153.346
G1 F5400 X120.659 Y125.184 E1475.51419
G0 F15000 X120.093 Y125.184
G1 F5400 X148.821 Y153.912 E1477.40598
G0 F15000 X148.821 Y154.477
G1 F5400 X119.527 Y125.184 E1479.335
G0 F15000 X118.962 Y125.184
G1 F5400 X148.821 Y155.043 E1481.30127
G0 F15000 X148.821 Y155.609
G1 F5400 X118.396 Y125.184 E1483.30481
G0 F15000 X117.83 Y125.184
G1 F5400 X148.821 Y156.174 E1485.34559
G0 F15000 X148.821 Y156.74
G1 F5400 X117.264 Y125.184 E1487.42364
G0 F15000 X116.699 Y125.184
G1 F5400 X148.821 Y157.306 E1489.53892
G0 F15000 X148.821 Y157.871
G1 F5400 X116.133 Y125.184 E1491.69145
G0 F15000 X115.567 Y125.184
G1 F5400 X148.821 Y158.437 E1493.88125
G0 F15000 X148.821 Y159.003
G1 F5400 X115.002 Y125.184 E1496.10829
G0 F15000 X114.436 Y125.184
G1 F5400 X148.821 Y159.569 E1498.3726
G0 F15000 X148.821 Y160.134
G1 F5400 X113.87 Y125.184 E1500.67415
G0 F15000 X113.305 Y125.184
G1 F5400 X148.821 Y160.7 E1503.01294
G0 F15000 X148.821 Y161.266
G1 F5400 X112.739 Y125.184 E1505.389
G0 F15000 X112.173 Y125.184
G1 F5400 X148.381 Y161.392 E1507.77336
G0 F15000 X147.816 Y161.392
G1 F5400 X111.608 Y125.184 E1510.15772
G0 F15000 X111.042 Y125.184
G1 F5400 X147.25 Y161.392 E1512.54208
G0 F15000 X146.684 Y161.392
G1 F5400 X110.476 Y125.184 E1514.92644
G0 F15000 X109.91 Y125.183
G1 F5400 X146.119 Y161.392 E1517.31086
G0 F15000 X145.553 Y161.392
G1 F5400 X109.344 Y125.183 E1519.69529
G0 F15000 X108.778 Y125.183
G1 F5400 X144.987 Y161.392 E1522.07971
G0 F15000 X144.422 Y161.392
G1 F5400 X108.213 Y125.183 E1524.46413
G0 F15000 X107.647 Y125.183
G1 F5400 X143.856 Y161.392 E1526.84856
G0 F15000 X143.29 Y161.392
G1 F5400 X107.081 Y125.183 E1529.23298
G0 F15000 X106.516 Y125.183
G1 F5400 X142.725 Y161.392 E1531.61741
G0 F15000 X142.159 Y161.392
G1 F5400 X105.95 Y125.183 E1534.00183
G0 F15000 X105.384 Y125.183
G1 F5400 X141.593 Y161.392 E1536.38626
G0 F15000 X141.027 Y161.392
G1 F5400 X104.819 Y125.183 E1538.77065
G0 F15000 X104.253 Y125.183
G1 F5400 X140.462 Y161.392 E1541.15507
G0 F15000 X139.896 Y161.392
G1 F5400 X103.687 Y125.183 E1543.5395
G0 F15000 X103.122 Y125.183
G1 F5400 X139.33 Y161.392 E1545.92389
G0 F15000 X138.765 Y161.392
G1 F5400 X102.556 Y125.183 E1548.30831
G0 F15000 X101.99 Y125.183
G1 F5400 X138.199 Y161.392 E1550.69274
G0 F15000 X137.633 Y161.392
G1 F5400 X101.425 Y125.183 E1553.07713
G0 F15000 X100.859 Y125.183
G1 F5400 X137.068 Y161.392 E1555.46155
G0 F15000 X136.502 Y161.392
G1 F5400 X100.293 Y125.183 E1557.84598
G0 F15000 X99.728 Y125.183
G1 F5400 X135.936 Y161.392 E1560.23037
G0 F15000 X135.371 Y161.392
G1 F5400 X99.162 Y125.183 E1562.61479
G0 F15000 X98.596 Y125.183
G1 F5400 X134.805 Y161.392 E1564.99922
G0 F15000 X134.239 Y161.392
G1 F5400 X98.03 Y125.183 E1567.38364
G0 F15000 X97.465 Y125.183
G1 F5400 X133.674 Y161.392 E1569.76807
G0 F15000 X133.108 Y161.392
G1 F5400 X96.899 Y125.183 E1572.15249
G0 F15000 X96.333 Y125.183
G1 F5400 X132.542 Y161.392 E1574.53692
G0 F15000 X131.977 Y161.392
G1 F5400 X95.768 Y125.183 E1576.92134
G0 F15000 X95.202 Y125.183
G1 F5400 X131.411 Y161.392 E1579.30577
G0 F15000 X130.845 Y161.392
G1 F5400 X94.636 Y125.183 E1581.69019
G0 F15000 X94.071 Y125.183
G1 F5400 X130.279 Y161.392 E1584.07458
G0 F15000 X129.714 Y161.392
G1 F5400 X93.505 Y125.183 E1586.45901
G0 F15000 X92.939 Y125.183
G1 F5400 X129.148 Y161.392 E1588.84343
G0 F15000 X128.582 Y161.392
G1 F5400 X92.374 Y125.183 E1591.22782
G0 F15000 X91.755 Y125.13
G1 F5400 X128.017 Y161.392 E1593.61574
G0 F15000 X127.451 Y161.392
G1 F5400 X71.179 Y105.121 E1597.32131
G0 F15000 X71.179 Y105.686
G1 F5400 X126.885 Y161.392 E1600.98965
G0 F15000 X126.32 Y161.392
G1 F5400 X71.179 Y106.252 E1604.62074
G0 F15000 X71.179 Y106.818
G1 F5400 X125.754 Y161.392 E1608.21457
G0 F15000 X125.188 Y161.392
G1 F5400 X71.179 Y107.383 E1611.77115
G0 F15000 X71.179 Y107.949
G1 F5400 X124.623 Y161.392 E1615.2905
G0 F15000 X124.057 Y161.392
G1 F5400 X71.179 Y108.515 E1618.77257
G0 F15000 X71.179 Y109.08
G1 F5400 X123.491 Y161.392 E1622.21741
G0 F15000 X122.926 Y161.392
G1 F5400 X71.179 Y109.646 E1625.625
G0 F15000 X71.179 Y110.212
G1 F5400 X122.36 Y161.392 E1628.99532
G0 F15000 X121.794 Y161.392
G1 F5400 X71.179 Y110.777 E1632.32841
G0 F15000 X71.179 Y111.343
G1 F5400 X121.229 Y161.392 E1635.62425
G0 F15000 X120.663 Y161.392
G1 F5400 X71.179 Y111.909 E1638.88283
G0 F15000 X71.179 Y112.475
G1 F5400 X120.097 Y161.392 E1642.10413
G0 F15000 X119.531 Y161.392
G1 F5400 X71.179 Y113.04 E1645.28819
G0 F15000 X71.179 Y113.606
G1 F5400 X118.966 Y161.392 E1648.43501
G0 F15000 X118.4 Y161.392
G1 F5400 X71.179 Y114.172 E1651.54456
G0 F15000 X71.179 Y114.737
G1 F5400 X117.834 Y161.392 E1654.61687
G0 F15000 X117.269 Y161.392
G1 F5400 X71.179 Y115.303 E1657.65195
G0 F15000 X71.179 Y115.869
G1 F5400 X116.703 Y161.392 E1660.64975
G0 F15000 X116.137 Y161.392
G1 F5400 X71.179 Y116.434 E1663.61031
G0 F15000 X71.179 Y117
G1 F5400 X115.572 Y161.392 E1666.53363
G0 F15000 X115.006 Y161.392
G1 F5400 X71.179 Y117.566 E1669.41968
G0 F15000 X71.179 Y118.131
G1 F5400 X114.44 Y161.392 E1672.26849
G0 F15000 X113.875 Y161.392
G1 F5400 X71.179 Y118.697 E1675.08006
G0 F15000 X71.179 Y119.263
G1 F5400 X113.309 Y161.392 E1677.85436
G0 F15000 X112.743 Y161.392
G1 F5400 X71.179 Y119.828 E1680.59142
G0 F15000 X71.179 Y120.394
G1 F5400 X112.178 Y161.392 E1683.29124
G0 F15000 X111.612 Y161.392
G1 F5400 X71.179 Y120.96 E1685.95379
G0 F15000 X71.179 Y121.525
G1 F5400 X111.046 Y161.392 E1688.5791
G0 F15000 X110.48 Y161.392
G1 F5400 X71.179 Y122.091 E1691.16714
G0 F15000 X71.179 Y122.657
G1 F5400 X109.915 Y161.392 E1693.71794
G0 F15000 X109.349 Y161.392
G1 F5400 X71.179 Y123.223 E1696.23147
G0 F15000 X71.179 Y123.788
G1 F5400 X108.783 Y161.392 E1698.70775
G0 F15000 X108.218 Y161.392
G1 F5400 X71.179 Y124.354 E1701.1468
G0 F15000 X71.179 Y124.92
G1 F5400 X107.652 Y161.392 E1703.54858
G0 F15000 X107.086 Y161.392
G1 F5400 X71.179 Y125.485 E1705.91312
G0 F15000 X71.179 Y126.051
G1 F5400 X106.521 Y161.392 E1708.24041
G0 F15000 X105.955 Y161.392
G1 F5400 X71.179 Y126.617 E1710.53044
G0 F15000 X71.179 Y127.182
G1 F5400 X105.389 Y161.392 E1712.78323
G0 F15000 X104.824 Y161.392
G1 F5400 X71.179 Y127.748 E1714.99877
G0 F15000 X71.179 Y128.314
G1 F5400 X104.258 Y161.392 E1717.17705
G0 F15000 X103.692 Y161.392
G1 F5400 X71.179 Y128.879 E1719.31809
G0 F15000 X71.179 Y129.445
G1 F5400 X103.127 Y161.392 E1721.42188
G0 F15000 X102.561 Y161.392
G1 F5400 X71.179 Y130.011 E1723.48841
G0 F15000 X71.179 Y130.576
G1 F5400 X101.995 Y161.392 E1725.5177
G0 F15000 X101.43 Y161.392
G1 F5400 X71.179 Y131.142 E1727.50974
G0 F15000 X71.179 Y131.708
G1 F5400 X100.864 Y161.392 E1729.46452
G0 F15000 X100.298 Y161.392
G1 F5400 X71.179 Y132.274 E1731.38202
G0 F15000 X71.179 Y132.839
G1 F5400 X99.732 Y161.392 E1733.26228
G0 F15000 X99.167 Y161.392
G1 F5400 X71.179 Y133.405 E1735.10531
G0 F15000 X71.179 Y133.971
G1 F5400 X98.601 Y161.392 E1736.91106
G0 F15000 X98.035 Y161.392
G1 F5400 X71.179 Y134.536 E1738.67957
G0 F15000 X71.179 Y135.102
G1 F5400 X97.47 Y161.392 E1740.41085
G0 F15000 X96.904 Y161.392
G1 F5400 X71.179 Y135.668 E1742.10485
G0 F15000 X71.179 Y136.233
G1 F5400 X96.338 Y161.392 E1743.76161
G0 F15000 X95.773 Y161.392
G1 F5400 X71.179 Y136.799 E1745.38114
G0 F15000 X71.179 Y137.365
G1 F5400 X95.207 Y161.392 E1746.96339
G0 F15000 X94.641 Y161.392
G1 F5400 X71.179 Y137.93 E1748.5084
G0 F15000 X71.179 Y138.496
G1 F5400 X94.076 Y161.392 E1750.01618
G0 F15000 X93.51 Y161.392
G1 F5400 X71.179 Y139.062 E1751.48668
G0 F15000 X71.179 Y139.627
G1 F5400 X92.944 Y161.392 E1752.91994
G0 F15000 X92.379 Y161.392
G1 F5400 X71.179 Y140.193 E1754.31596
G0 F15000 X71.179 Y140.759
G1 F5400 X91.813 Y161.392 E1755.67472
G0 F15000 X91.247 Y161.392
G1 F5400 X71.179 Y141.324 E1756.99623
G0 F15000 X71.179 Y141.89
G1 F5400 X90.681 Y161.392 E1758.28047
G0 F15000 X90.116 Y161.392
G1 F5400 X71.179 Y142.456 E1759.52747
G0 F15000 X71.179 Y143.022
G1 F5400 X89.55 Y161.392 E1760.7372
G0 F15000 X88.984 Y161.392
G1 F5400 X71.179 Y143.587 E1761.90969
G0 F15000 X71.179 Y144.153
G1 F5400 X88.419 Y161.392 E1763.04494
G0 F15000 X87.853 Y161.392
G1 F5400 X71.179 Y144.719 E1764.14292
G0 F15000 X71.179 Y145.284
G1 F5400 X87.287 Y161.392 E1765.20366
G0 F15000 X86.722 Y161.392
G1 F5400 X71.179 Y145.85 E1766.22716
G0 F15000 X71.179 Y146.416
G1 F5400 X86.156 Y161.392 E1767.21338
G0 F15000 X85.59 Y161.392
G1 F5400 X71.179 Y146.981 E1768.16237
G0 F15000 X71.179 Y147.547
G1 F5400 X85.025 Y161.392 E1769.07412
G0 F15000 X84.459 Y161.392
G1 F5400 X71.179 Y148.113 E1769.9486
G0 F15000 X71.179 Y148.678
G1 F5400 X83.893 Y161.392 E1770.78584
G0 F15000 X83.328 Y161.392
G1 F5400 X71.179 Y149.244 E1771.58584
G0 F15000 X71.179 Y149.81
G1 F5400 X82.762 Y161.392 E1772.34857
G0 F15000 X82.196 Y161.392
G1 F5400 X71.179 Y150.375 E1773.07405
G0 F15000 X71.179 Y150.941
G1 F5400 X81.631 Y161.392 E1773.7623
G0 F15000 X81.065 Y161.392
G1 F5400 X71.179 Y151.507 E1774.41328
G0 F15000 X71.179 Y152.073
G1 F5400 X80.499 Y161.392 E1775.02698
G0 F15000 X79.933 Y161.392
G1 F5400 X71.179 Y152.638 E1775.60345
G0 F15000 X71.179 Y153.204
G1 F5400 X79.368 Y161.392 E1776.14268
G0 F15000 X78.802 Y161.392
G1 F5400 X71.179 Y153.77 E1776.64463
G0 F15000 X71.179 Y154.335
G1 F5400 X78.236 Y161.392 E1777.10935
G0 F15000 X77.671 Y161.392
G1 F5400 X71.179 Y154.901 E1777.53682
G0 F15000 X71.179 Y155.467
G1 F5400 X77.105 Y161.392 E1777.92703
G0 F15000 X76.539 Y161.392
G1 F5400 X71.179 Y156.032 E1778.27999
G0 F15000 X71.179 Y156.598
G1 F5400 X75.974 Y161.392 E1778.59572
G0 F15000 X75.408 Y161.392
G1 F5400 X71.179 Y157.164 E1778.87417
G0 F15000 X71.179 Y157.729
G1 F5400 X74.842 Y161.392 E1779.11539
G0 F15000 X74.277 Y161.392
G1 F5400 X71.179 Y158.295 E1779.31936
G0 F15000 X71.179 Y158.861
G1 F5400 X73.711 Y161.392 E1779.48607
G0 F15000 X73.145 Y161.392
G1 F5400 X71.179 Y159.426 E1779.61553
G0 F15000 X71.179 Y159.992
G1 F5400 X72.58 Y161.392 E1779.70776
G0 F15000 X72.014 Y161.392
G1 F5400 X71.179 Y160.558 E1779.76271
G0 F15000 X71.179 Y161.123
G1 F5400 X71.448 Y161.392 E1779.78042
G1 F2400 E1776.78042
G0 F15000 X71.448 Y161.852
G0 X91.353 Y161.752
G0 X91.989 Y124.805
G0 X90.916 Y124.292
G1 F2400 E1779.78042
G1 F5400 X71.179 Y104.555 E1781.08014
G0 F15000 X71.179 Y103.989
G1 F5400 X90.865 Y123.675 E1782.3765
G0 F15000 X90.865 Y123.109
G1 F5400 X71.179 Y103.424 E1783.67282
G0 F15000 X71.179 Y102.858
G1 F5400 X90.865 Y122.544 E1784.96918
G0 F15000 X90.865 Y121.978
G1 F5400 X71.179 Y102.292 E1786.26553
G0 F15000 X71.179 Y101.727
G1 F5400 X90.865 Y121.412 E1787.56186
G0 F15000 X90.865 Y120.847
G1 F5400 X71.179 Y101.161 E1788.85821
G0 F15000 X71.179 Y100.595
G1 F5400 X90.865 Y120.281 E1790.15457
G0 F15000 X90.865 Y119.715
G1 F5400 X71.179 Y100.029 E1791.45093
G0 F15000 X71.179 Y99.464
G1 F5400 X90.865 Y119.15 E1792.74728
G0 F15000 X90.865 Y118.584
G1 F5400 X71.179 Y98.898 E1794.04364
G0 F15000 X71.179 Y98.332
G1 F5400 X90.865 Y118.018 E1795.34
G0 F15000 X90.865 Y117.453
G1 F5400 X71.179 Y97.767 E1796.63635
G0 F15000 X71.179 Y97.201
G1 F5400 X90.865 Y116.887 E1797.93271
G0 F15000 X90.865 Y116.321
G1 F5400 X71.179 Y96.635 E1799.22907
G0 F15000 X71.179 Y96.07
G1 F5400 X90.865 Y115.756 E1800.52542
G0 F15000 X90.865 Y115.19
G1 F5400 X71.179 Y95.504 E1801.82178
G0 F15000 X71.179 Y94.938
G1 F5400 X90.865 Y114.624 E1803.11814
G0 F15000 X90.865 Y114.058
G1 F5400 X71.179 Y94.373 E1804.41446
G0 F15000 X71.179 Y93.807
G1 F5400 X90.865 Y113.493 E1805.71082
G0 F15000 X90.865 Y112.927
G1 F5400 X71.179 Y93.241 E1807.00718
G0 F15000 X71.179 Y92.676
G1 F5400 X90.865 Y112.361 E1808.3035
G0 F15000 X90.865 Y111.796
G1 F5400 X71.179 Y92.11 E1809.59986
G0 F15000 X71.179 Y91.544
G1 F5400 X90.865 Y111.23 E1810.89621
G0 F15000 X90.865 Y110.664
G1 F5400 X71.179 Y90.978 E1812.19257
G0 F15000 X71.179 Y90.413
G1 F5400 X90.865 Y110.099 E1813.48893
G0 F15000 X90.865 Y109.533
G1 F5400 X71.179 Y89.847 E1814.78528
G0 F15000 X71.179 Y89.281
G1 F5400 X90.865 Y108.967 E1816.08164
G0 F15000 X90.865 Y108.402
G1 F5400 X71.179 Y88.716 E1817.378
G0 F15000 X71.179 Y88.15
G1 F5400 X90.865 Y107.836 E1818.67435
G0 F15000 X90.865 Y107.27
G1 F5400 X71.179 Y87.584 E1819.97071
G0 F15000 X71.179 Y87.019
G1 F5400 X90.865 Y106.705 E1821.26707
G0 F15000 X90.865 Y106.139
G1 F5400 X71.179 Y86.453 E1822.56342
G0 F15000 X71.179 Y85.887
G1 F5400 X90.865 Y105.573 E1823.85978
G0 F15000 X90.865 Y105.007
G1 F5400 X71.179 Y85.322 E1825.1561
G0 F15000 X71.179 Y84.756
G1 F5400 X90.865 Y104.442 E1826.45246
G0 F15000 X90.865 Y103.876
G1 F5400 X71.179 Y84.19 E1827.74882
G0 F15000 X71.179 Y83.625
G1 F5400 X90.865 Y103.31 E1829.04514
G0 F15000 X90.865 Y102.745
G1 F5400 X71.179 Y83.059 E1830.3415
G0 F15000 X71.179 Y82.493
G1 F5400 X90.865 Y102.179 E1831.63785
G0 F15000 X90.865 Y101.613
G1 F5400 X71.179 Y81.928 E1832.93418
G0 F15000 X71.179 Y81.362
G1 F5400 X90.865 Y101.048 E1834.23053
G0 F15000 X90.865 Y100.482
G1 F5400 X71.179 Y80.796 E1835.52689
G0 F15000 X71.179 Y80.23
G1 F5400 X90.865 Y99.916 E1836.82325
G0 F15000 X90.865 Y99.351
G1 F5400 X71.179 Y79.665 E1838.1196
G0 F15000 X71.179 Y79.099
G1 F5400 X90.865 Y98.785 E1839.41596
G0 F15000 X90.865 Y98.219
G1 F5400 X71.179 Y78.533 E1840.71232
G0 F15000 X71.179 Y77.968
G1 F5400 X90.865 Y97.654 E1842.00867
G0 F15000 X90.865 Y97.088
G1 F5400 X71.179 Y77.402 E1843.30503
G0 F15000 X71.179 Y76.836
G1 F5400 X90.865 Y96.522 E1844.60139
G0 F15000 X90.865 Y95.957
G1 F5400 X71.179 Y76.271 E1845.89775
G0 F15000 X71.179 Y75.705
G1 F5400 X90.865 Y95.391 E1847.1941
G0 F15000 X90.865 Y94.825
G1 F5400 X71.179 Y75.139 E1848.49046
G0 F15000 X71.179 Y74.574
G1 F5400 X90.865 Y94.259 E1849.78678
G0 F15000 X90.865 Y93.694
G1 F5400 X71.179 Y74.008 E1851.08314
G0 F15000 X71.179 Y73.442
G1 F5400 X90.865 Y93.128 E1852.3795
G0 F15000 X90.865 Y92.562
G1 F5400 X71.179 Y72.877 E1853.67582
G0 F15000 X71.179 Y72.311
G1 F5400 X90.865 Y91.997 E1854.97218
G0 F15000 X90.865 Y91.431
G1 F5400 X71.179 Y71.745 E1856.26853
G0 F15000 X71.179 Y71.179
G1 F5400 X90.865 Y90.865 E1857.56489
G0 F15000 X90.865 Y90.3
G1 F5400 X71.179 Y70.614 E1858.86125
G0 F15000 X71.179 Y70.048
G1 F5400 X90.865 Y89.734 E1860.1576
G0 F15000 X90.88 Y89.183
G1 F5400 X71.179 Y69.482 E1861.45495
G0 F15000 X71.179 Y68.917
G1 F5400 X91.019 Y88.756 E1862.76141
G0 F15000 X91.289 Y88.46
G1 F5400 X71.179 Y68.351 E1864.08566
G0 F15000 X71.179 Y67.785
G1 F5400 X91.645 Y88.25 E1865.43335
G0 F15000 X92.152 Y88.192
G1 F5400 X71.179 Y67.22 E1866.81442
G0 F15000 X71.179 Y66.654
G1 F5400 X92.717 Y88.192 E1868.23273
G0 F15000 X93.283 Y88.192
G1 F5400 X71.179 Y66.088 E1869.68832
G0 F15000 X71.179 Y65.523
G1 F5400 X93.849 Y88.192 E1871.18115
G0 F15000 X94.414 Y88.192
G1 F5400 X71.179 Y64.957 E1872.71121
G0 F15000 X71.179 Y64.391
G1 F5400 X94.98 Y88.192 E1874.27855
G0 F15000 X95.546 Y88.192
G1 F5400 X73.493 Y66.139 E1875.73077
G0 F15000 X73.707 Y65.733
G0 X74.576 Y66.084
G0 X74.441 Y66.521
G1 F5400 X96.111 Y88.192 E1877.15781
G0 F15000 X96.677 Y88.192
G1 F5400 X86.534 Y78.049 E1877.82575
G0 F15000 X87.281 Y78.23
G1 F5400 X97.243 Y88.192 E1878.48176
G0 F15000 X97.808 Y88.192
G1 F5400 X87.798 Y78.181 E1879.14097
G0 F15000 X88.194 Y78.012
G1 F5400 X98.374 Y88.192 E1879.81134
G0 F15000 X98.94 Y88.192
G1 F5400 X88.528 Y77.78 E1880.49699
G0 F15000 X88.757 Y77.444
G1 F5400 X99.505 Y88.192 E1881.20476
G0 F15000 X100.071 Y88.192
G1 F5400 X88.938 Y77.058 E1881.93792
G0 F15000 X89.002 Y76.557
G1 F5400 X100.637 Y88.192 E1882.70411
G0 F15000 X101.203 Y88.192
G1 F5400 X88.796 Y75.785 E1883.52113
G0 F15000 X88.481 Y74.905
G1 F5400 X101.768 Y88.192 E1884.3961
G0 F15000 X102.334 Y88.192
G1 F5400 X88.745 Y74.603 E1885.29096
G1 F2400 E1882.29096
G0 F15000 X88.67 Y73.889
G0 X90.149 Y74.909
G0 X90.069 Y75.361
G1 F2400 E1885.29096
G1 F5400 X102.9 Y88.192 E1886.1359
G0 F15000 X103.465 Y88.192
G1 F5400 X90.599 Y75.326 E1886.98315
G0 F15000 X91.018 Y75.179
G1 F5400 X104.031 Y88.192 E1887.84008
G0 F15000 X104.597 Y88.192
G1 F5400 X91.353 Y74.948 E1888.71222
G0 F15000 X91.607 Y74.637
G1 F5400 X105.162 Y88.192 E1889.60484
G0 F15000 X105.728 Y88.192
G1 F5400 X91.814 Y74.278 E1890.5211
G0 F15000 X91.895 Y73.793
G1 F5400 X106.294 Y88.192 E1891.4693
G0 F15000 X106.859 Y88.192
G1 F5400 X91.808 Y73.14 E1892.46047
G0 F15000 X91.368 Y73.265
G0 X90.67 Y72.616
G0 X90.879 Y72.211
G1 F5400 X88.898 Y70.231 E1892.59089
G0 F15000 X89.006 Y70.904
G1 F5400 X90.166 Y72.064 E1892.66727
G0 F15000 X89.692 Y72.156
G1 F5400 X88.903 Y71.367 E1892.71923
G0 F15000 X88.707 Y71.737
G1 F5400 X89.302 Y72.331 E1892.75838
G0 F15000 X89.017 Y72.612
G1 F5400 X88.455 Y72.05 E1892.79539
G0 F15000 X87.678 Y72.071
G0 X87.195 Y72.35
G0 X86.454 Y72.312
G1 F5400 X78.857 Y64.715 E1893.29566
G0 F15000 X78.628 Y65.052
G1 F5400 X86.146 Y72.57 E1893.79074
G0 F15000 X85.918 Y72.908
G1 F5400 X85.78 Y72.769 E1893.79986
G0 F15000 X85.355 Y72.344
G1 F5400 X78.373 Y65.362 E1894.25963
G0 F15000 X78.084 Y65.639
G1 F5400 X84.514 Y72.069 E1894.68306
G0 F15000 X83.992 Y72.113
G1 F5400 X77.774 Y65.895 E1895.09253
G0 F15000 X77.425 Y66.112
G1 F5400 X83.601 Y72.287 E1895.49919
G0 F15000 X83.289 Y72.541
G1 F5400 X77.06 Y66.312 E1895.90938
G0 F15000 X76.641 Y66.459
G1 F5400 X83.011 Y72.828 E1896.32883
G0 F15000 X82.856 Y73.239
G1 F5400 X76.203 Y66.587 E1896.76691
G0 F15000 X75.692 Y66.641
G1 F5400 X82.795 Y73.744 E1897.23465
G0 F15000 X82.977 Y74.492
G1 F5400 X75.122 Y66.636 E1897.75195
G1 F2400 E1894.75195
G0 F15000 X75.166 Y66.179
G0 X73.769 Y65.475
G0 X72.368 Y64.39
G0 X71.961 Y64.607
G1 F2400 E1897.75195
G1 F5400 X71.244 Y63.89 E1897.79916
G1 F2400 E1894.79916
G0 F15000 X70.72 Y63.89
G0 X70.82 Y61.968
G0 X71.875 Y62.069
G0 X71.416 Y61.799
G1 F2400 E1897.79916
G1 F5400 X71.272 Y61.655 E1897.80865
G0 F15000 X71.601 Y61.419
G1 F5400 X71.18 Y60.998 E1897.83637
G0 F15000 X71.18 Y60.432
G1 F5400 X71.787 Y61.039 E1897.87634
G0 F15000 X71.984 Y60.67
G1 F5400 X71.18 Y59.866 E1897.92929
G0 F15000 X71.18 Y59.301
G1 F5400 X72.201 Y60.322 E1897.99652
G0 F15000 X72.457 Y60.011
G1 F5400 X71.18 Y58.735 E1898.08058
G0 F15000 X71.615 Y58.604
G1 F5400 X72.733 Y59.722 E1898.1542
G0 F15000 X73.043 Y59.466
G1 F5400 X72.181 Y58.604 E1898.21097
G0 F15000 X72.747 Y58.605
G1 F5400 X73.379 Y59.237 E1898.25259
G0 F15000 X73.75 Y59.042
G1 F5400 X73.313 Y58.605 E1898.28136
G0 F15000 X73.879 Y58.605
G1 F5400 X74.145 Y58.872 E1898.29891
G0 F15000 X74.49 Y58.651
G1 F5400 X74.552 Y58.713 E1898.303
G1 F2400 E1895.303
G0 F15000 X74.699 Y59.203
G0 X76.147 Y59.101
G0 X76.147 Y58.244
G0 X76.722 Y58.621
G1 F2400 E1898.303
G1 F5400 X77.165 Y59.063 E1898.33213
G0 F15000 X77.271 Y58.604
G1 F5400 X87.914 Y69.246 E1899.03296
G0 F15000 X87.239 Y69.137
G1 F5400 X79.045 Y60.943 E1899.57255
G0 F15000 X79.354 Y61.818
G1 F5400 X86.771 Y69.235 E1900.06097
G0 F15000 X86.419 Y69.448
G1 F5400 X79.426 Y62.456 E1900.52144
G0 F15000 X79.412 Y63.007
G1 F5400 X86.105 Y69.7 E1900.96219
G0 F15000 X85.872 Y70.033
G1 F5400 X79.347 Y63.507 E1901.3919
G0 F15000 X79.214 Y63.94
G1 F5400 X85.742 Y70.469 E1901.82181
G0 F15000 X85.712 Y71.004
G1 F5400 X79.052 Y64.345 E1902.26035
G1 F2400 E1899.26035
G0 F15000 X78.648 Y64.134
G0 X78.734 Y62.66
G0 X78.456 Y60.647
G0 X78.456 Y58.244
G0 X78.968 Y58.604
G1 F2400 E1902.26035
G1 F5400 X108.556 Y88.192 E1904.20877
G0 F15000 X107.991 Y88.192
G1 F5400 X78.403 Y58.604 E1906.15719
G0 F15000 X77.837 Y58.604
G1 F5400 X107.425 Y88.192 E1908.10561
G1 F2400 E1905.10561
G0 F15000 X107.425 Y88.652
G0 X109.122 Y88.652
G0 X109.122 Y88.192
G1 F2400 E1908.10561
G1 F5400 X79.534 Y58.604 E1910.05403
G0 F15000 X80.1 Y58.604
G1 F5400 X109.688 Y88.192 E1912.00246
G0 F15000 X110.254 Y88.192
G1 F5400 X99.356 Y77.294 E1912.72011
G0 F15000 X100.1 Y77.473
G1 F5400 X110.819 Y88.192 E1913.42597
G0 F15000 X111.385 Y88.192
G1 F5400 X100.696 Y77.503 E1914.12986
G0 F15000 X101.205 Y77.446
G1 F5400 X111.951 Y88.192 E1914.8375
G0 F15000 X112.516 Y88.192
G1 F5400 X101.646 Y77.321 E1915.55334
G0 F15000 X102.064 Y77.174
G1 F5400 X113.082 Y88.192 E1916.2789
G0 F15000 X113.648 Y88.192
G1 F5400 X102.434 Y76.978 E1917.01736
G0 F15000 X102.769 Y76.748
G1 F5400 X114.213 Y88.192 E1917.77097
G0 F15000 X114.779 Y88.192
G1 F5400 X103.081 Y76.494 E1918.5413
G0 F15000 X103.344 Y76.191
G1 F5400 X115.345 Y88.192 E1919.33159
G0 F15000 X115.91 Y88.192
G1 F5400 X103.596 Y75.878 E1920.14248
G0 F15000 X103.791 Y75.506
G1 F5400 X116.476 Y88.192 E1920.97785
G0 F15000 X117.042 Y88.192
G1 F5400 X103.973 Y75.123 E1921.83846
G0 F15000 X104.109 Y74.694
G1 F5400 X117.607 Y88.192 E1922.72733
G0 F15000 X118.173 Y88.192
G1 F5400 X104.187 Y74.205 E1923.64836
G0 F15000 X104.203 Y73.656
G1 F5400 X118.739 Y88.192 E1924.60558
G0 F15000 X119.304 Y88.192
G1 F5400 X111.11 Y79.997 E1925.1452
G0 F15000 X111.327 Y79.592
G0 X112.369 Y80.118
G0 X112.235 Y80.556
G1 F5400 X119.87 Y88.192 E1925.64802
G0 F15000 X120.436 Y88.192
G1 F5400 X113.047 Y80.803 E1926.13459
G0 F15000 X113.754 Y80.944
G1 F5400 X121.002 Y88.192 E1926.61189
G0 F15000 X121.567 Y88.192
G1 F5400 X114.379 Y81.003 E1927.08526
G0 F15000 X114.968 Y81.027
G1 F5400 X122.133 Y88.192 E1927.55709
G0 F15000 X122.699 Y88.192
G1 F5400 X115.483 Y80.976 E1928.03228
G0 F15000 X115.998 Y80.926
G1 F5400 X123.264 Y88.192 E1928.51075
G0 F15000 X123.83 Y88.192
G1 F5400 X116.462 Y80.824 E1928.99595
G0 F15000 X116.897 Y80.694
G1 F5400 X124.396 Y88.192 E1929.48974
G0 F15000 X124.961 Y88.192
G1 F5400 X117.333 Y80.564 E1929.99206
G0 F15000 X117.733 Y80.398
G1 F5400 X125.527 Y88.192 E1930.5053
G0 F15000 X126.093 Y88.192
G1 F5400 X118.102 Y80.201 E1931.03152
G0 F15000 X118.47 Y80.003
G1 F5400 X126.658 Y88.192 E1931.57075
G0 F15000 X127.224 Y88.192
G1 F5400 X118.829 Y79.796 E1932.12361
G0 F15000 X119.138 Y79.54
G1 F5400 X127.79 Y88.192 E1932.69336
G1 F2400 E1929.69336
G0 F15000 X127.793 Y88.648
G0 X126.072 Y88.551
G0 X126.673 Y77.65
G0 X125.634 Y76.419
G1 F2400 E1932.69336
G1 F5400 X121.834 Y72.62 E1932.94356
G0 F15000 X121.628 Y71.848
G1 F5400 X125.383 Y75.603 E1933.19083
G0 F15000 X125.243 Y74.897
G1 F5400 X121.332 Y70.986 E1933.44838
G1 F2400 E1930.44838
G0 F15000 X120.926 Y71.202
G0 X120.13 Y69.865
G0 X120.485 Y69.574
G1 F2400 E1933.44838
G1 F5400 X125.178 Y74.266 E1933.75739
G0 F15000 X125.159 Y73.681
G1 F5400 X110.081 Y58.604 E1934.75027
G0 F15000 X109.515 Y58.604
G1 F5400 X119.1 Y68.188 E1935.38142
G1 F2400 E1932.38142
G0 F15000 X118.807 Y68.544
G0 X117.456 Y67.736
G0 X117.675 Y67.329
G1 F2400 E1935.38142
G1 F5400 X108.95 Y58.604 E1935.95598
G0 F15000 X108.384 Y58.604
G1 F5400 X116.816 Y67.036 E1936.51124
G0 F15000 X116.045 Y66.831
G1 F5400 X107.818 Y58.604 E1937.053
G0 F15000 X107.253 Y58.604
G1 F5400 X115.419 Y66.77 E1937.59075
G0 F15000 X114.792 Y66.709
G1 F5400 X106.687 Y58.604 E1938.12448
G0 F15000 X106.121 Y58.604
G1 F5400 X114.277 Y66.759 E1938.66153
G0 F15000 X113.762 Y66.81
G1 F5400 X105.555 Y58.604 E1939.20194
G0 F15000 X104.99 Y58.604
G1 F5400 X113.274 Y66.887 E1939.74743
G0 F15000 X112.839 Y67.019
G1 F5400 X104.424 Y58.604 E1940.30157
G0 F15000 X103.858 Y58.604
G1 F5400 X112.405 Y67.15 E1940.86437
G0 F15000 X111.983 Y67.294
G1 F5400 X103.293 Y58.604 E1941.43662
G0 F15000 X102.727 Y58.604
G1 F5400 X111.615 Y67.491 E1942.02188
G0 F15000 X111.247 Y67.689
G1 F5400 X102.161 Y58.604 E1942.62017
G0 F15000 X101.596 Y58.604
G1 F5400 X110.879 Y67.886 E1943.23144
G0 F15000 X110.558 Y68.132
G1 F5400 X101.03 Y58.604 E1943.85888
G0 F15000 X100.464 Y58.604
G1 F5400 X110.247 Y68.386 E1944.50307
G0 F15000 X109.937 Y68.642
G1 F5400 X99.899 Y58.604 E1945.16409
G0 F15000 X99.333 Y58.604
G1 F5400 X109.645 Y68.916 E1945.84315
G0 F15000 X109.39 Y69.226
G1 F5400 X98.767 Y58.604 E1946.54266
G0 F15000 X98.202 Y58.604
G1 F5400 X109.136 Y69.538 E1947.26269
G0 F15000 X108.881 Y69.849
G1 F5400 X97.636 Y58.604 E1948.00319
G0 F15000 X97.07 Y58.604
G1 F5400 X108.674 Y70.207 E1948.7673
G0 F15000 X108.477 Y70.576
G1 F5400 X96.505 Y58.604 E1949.55568
G0 F15000 X95.939 Y58.604
G1 F5400 X108.28 Y70.945 E1950.36835
G0 F15000 X108.115 Y71.345
G1 F5400 X95.373 Y58.604 E1951.2074
G0 F15000 X94.807 Y58.604
G1 F5400 X107.982 Y71.778 E1952.07496
G0 F15000 X107.849 Y72.211
G1 F5400 X94.242 Y58.604 E1952.97101
G0 F15000 X93.676 Y58.604
G1 F5400 X107.746 Y72.674 E1953.89754
G0 F15000 X107.695 Y73.188
G1 F5400 X93.11 Y58.604 E1954.85796
G0 F15000 X92.545 Y58.604
G1 F5400 X107.644 Y73.702 E1955.85222
G0 F15000 X107.667 Y74.291
G1 F5400 X91.979 Y58.604 E1956.88527
G0 F15000 X91.413 Y58.604
G1 F5400 X107.729 Y74.919 E1957.95967
G0 F15000 X107.878 Y75.634
G1 F5400 X90.848 Y58.604 E1959.08113
G0 F15000 X90.282 Y58.604
G1 F5400 X102.354 Y70.676 E1959.87609
G0 F15000 X102.142 Y71.081
G0 X101.283 Y70.741
G0 X101.415 Y70.302
G1 F5400 X89.716 Y58.604 E1960.64645
G0 F15000 X89.151 Y58.604
G1 F5400 X100.75 Y70.203 E1961.41027
G0 F15000 X100.199 Y70.218
G1 F5400 X88.585 Y58.604 E1962.17507
G0 F15000 X88.019 Y58.604
G1 F5400 X99.712 Y70.296 E1962.94504
G0 F15000 X99.276 Y70.426
G1 F5400 X87.454 Y58.604 E1963.72354
G0 F15000 X86.888 Y58.604
G1 F5400 X98.887 Y70.603 E1964.51369
G0 F15000 X98.521 Y70.803
G1 F5400 X86.322 Y58.604 E1965.31702
G0 F15000 X85.756 Y58.604
G1 F5400 X98.211 Y71.059 E1966.1372
G0 F15000 X97.912 Y71.325
G1 F5400 X85.191 Y58.604 E1966.9749
G0 F15000 X84.625 Y58.604
G1 F5400 X97.655 Y71.633 E1967.83292
G0 F15000 X97.424 Y71.969
G1 F5400 X84.059 Y58.604 E1968.71302
G0 F15000 X83.494 Y58.604
G1 F5400 X97.224 Y72.333 E1969.61713
G0 F15000 X97.078 Y72.754
G1 F5400 X82.928 Y58.604 E1970.54894
G0 F15000 X82.362 Y58.604
G1 F5400 X96.957 Y73.198 E1971.51001
G0 F15000 X96.902 Y73.709
G1 F5400 X81.797 Y58.604 E1972.5047
G0 F15000 X81.231 Y58.604
G1 F5400 X96.932 Y74.304 E1973.5386
G0 F15000 X97.106 Y75.045
G1 F5400 X80.665 Y58.604 E1974.62127
G1 F2400 E1971.62127
G0 F15000 X80.665 Y58.144
G0 X86.032 Y58.244
G0 X86.745 Y69.668
G0 X86.39 Y70.795
G0 X86.651 Y71.849
G0 X87.028 Y72.023
G0 X87.312 Y72.242
G0 X86.032 Y73.871
G0 X85.86 Y74.546
G1 F2400 E1974.62127
G1 F5400 X85.961 Y74.647 E1974.62792
G0 F15000 X85.619 Y74.871
G1 F5400 X86.179 Y75.431 E1974.6648
G0 F15000 X85.928 Y75.745
G1 F5400 X85.303 Y75.121 E1974.70592
G0 F15000 X84.913 Y75.296
G1 F5400 X85.776 Y76.16 E1974.76279
G0 F15000 X85.706 Y76.655
G1 F5400 X84.425 Y75.374 E1974.84714
G0 F15000 X83.648 Y75.163
G1 F5400 X85.947 Y77.461 E1974.9985
G1 F2400 E1971.9985
G0 F15000 X86.33 Y77.213
G0 X86.39 Y76.595
G0 X86.522 Y76.158
G0 X87.08 Y75.358
G0 X86.494 Y75.18
G1 F2400 E1974.9985
G1 F5400 X86.375 Y75.062 E1975.00631
G1 F2400 E1972.00631
G0 F15000 X87.2 Y75.027
G0 X88.799 Y73.848
G0 X89.726 Y74.53
G0 X90.222 Y74.681
G0 X90.61 Y74.602
G0 X91.531 Y73.683
G0 X97.267 Y73.844
G0 X103.715 Y72.037
G1 F2400 E1975.00631
G1 F5400 X108.129 Y76.451 E1975.29698
G0 F15000 X108.569 Y76.317
G0 X109.097 Y77.368
G0 X108.694 Y77.581
G1 F5400 X104.107 Y72.995 E1975.59901
G1 F2400 E1972.59901
G0 F15000 X103.67 Y73.132
G0 X103.295 Y72.045
G0 X103.295 Y58.244
G0 X110.647 Y58.604
G1 F2400 E1975.59901
G1 F5400 X125.212 Y73.169 E1976.55814
G0 F15000 X125.266 Y72.657
G1 F5400 X111.212 Y58.604 E1977.48358
G0 F15000 X111.778 Y58.604
G1 F5400 X125.369 Y72.195 E1978.37857
G0 F15000 X125.501 Y71.761
G1 F5400 X112.344 Y58.604 E1979.24498
G0 F15000 X112.909 Y58.604
G1 F5400 X125.632 Y71.327 E1980.08282
G0 F15000 X125.8 Y70.928
G1 F5400 X113.475 Y58.604 E1980.8944
G0 F15000 X114.041 Y58.604
G1 F5400 X125.997 Y70.56 E1981.68173
G0 F15000 X126.194 Y70.191
G1 F5400 X114.606 Y58.604 E1982.44478
G0 F15000 X115.172 Y58.604
G1 F5400 X126.402 Y69.833 E1983.18427
G0 F15000 X126.658 Y69.523
G1 F5400 X115.738 Y58.604 E1983.90333
G0 F15000 X116.304 Y58.604
G1 F5400 X126.913 Y69.213 E1984.60195
G0 F15000 X127.169 Y68.903
G1 F5400 X116.869 Y58.604 E1985.28019
G0 F15000 X117.435 Y58.604
G1 F5400 X127.462 Y68.631 E1985.94049
G0 F15000 X127.773 Y68.376
G1 F5400 X118.001 Y58.604 E1986.58399
G0 F15000 X118.566 Y58.604
G1 F5400 X128.084 Y68.121 E1987.21074
G0 F15000 X128.406 Y67.878
G1 F5400 X119.132 Y58.604 E1987.82144
G0 F15000 X119.698 Y58.604
G1 F5400 X128.775 Y67.681 E1988.41918
G0 F15000 X129.142 Y67.483
G1 F5400 X120.263 Y58.604 E1989.00388
G0 F15000 X120.829 Y58.604
G1 F5400 X129.511 Y67.285 E1989.57557
G0 F15000 X129.936 Y67.145
G1 F5400 X121.395 Y58.604 E1990.13801
G0 F15000 X121.96 Y58.604
G1 F5400 X130.37 Y67.013 E1990.69179
G0 F15000 X130.804 Y66.882
G1 F5400 X122.526 Y58.604 E1991.23691
G0 F15000 X123.092 Y58.604
G1 F5400 X131.296 Y66.808 E1991.77716
G0 F15000 X131.811 Y66.757
G1 F5400 X123.657 Y58.604 E1992.31408
G0 F15000 X124.223 Y58.604
G1 F5400 X132.331 Y66.711 E1992.84797
G0 F15000 X132.957 Y66.772
G1 F5400 X124.789 Y58.604 E1993.38585
G0 F15000 X125.354 Y58.604
G1 F5400 X133.584 Y66.834 E1993.92781
G0 F15000 X134.364 Y67.047
G1 F5400 X125.92 Y58.604 E1994.48383
G0 F15000 X126.486 Y58.604
G1 F5400 X135.24 Y67.358 E1995.06029
G1 F2400 E1992.06029
G0 F15000 X135.022 Y67.765
G0 X136.081 Y68.24
G0 X141.585 Y64.664
G0 X140.806 Y63.873
G1 F2400 E1995.06029
G1 F5400 X135.537 Y58.604 E1995.40726
G0 F15000 X136.102 Y58.604
G1 F5400 X140.642 Y63.143 E1995.7062
G0 F15000 X140.603 Y62.538
G1 F5400 X136.668 Y58.604 E1995.96529
G0 F15000 X137.234 Y58.604
G1 F5400 X140.657 Y62.027 E1996.1907
G0 F15000 X140.765 Y61.569
G1 F5400 X137.8 Y58.604 E1996.38595
G0 F15000 X138.365 Y58.604
G1 F5400 X140.897 Y61.135 E1996.55266
G0 F15000 X141.093 Y60.765
G1 F5400 X138.931 Y58.604 E1996.695
G0 F15000 X139.497 Y58.604
G1 F5400 X141.296 Y60.403 E1996.81346
G0 F15000 X141.551 Y60.093
G1 F5400 X140.062 Y58.604 E1996.91152
G0 F15000 X140.628 Y58.604
G1 F5400 X141.815 Y59.791 E1996.98968
G0 F15000 X142.125 Y59.535
G1 F5400 X141.194 Y58.604 E1997.05099
G0 F15000 X141.759 Y58.604
G1 F5400 X142.447 Y59.291 E1997.09626
G0 F15000 X142.816 Y59.094
G1 F5400 X142.325 Y58.604 E1997.12856
G0 F15000 X142.891 Y58.604
G1 F5400 X143.2 Y58.913 E1997.14891
G0 F15000 X143.492 Y58.64
G1 F5400 X143.608 Y58.756 E1997.15655
G1 F2400 E1994.15655
G0 F15000 X143.749 Y59.239
G0 X144.6 Y59.04
G0 X144.6 Y58.244
G0 X145.746 Y58.63
G1 F2400 E1997.15655
G1 F5400 X146.048 Y58.932 E1997.17644
G1 F2400 E1994.17644
G0 F15000 X145.912 Y59.374
G0 X144.603 Y59.371
G0 X143.962 Y59.435
G0 X143.343 Y59.624
G0 X142.775 Y59.927
G0 X142.276 Y60.337
G0 X141.867 Y60.835
G0 X141.564 Y61.405
G0 X141.376 Y62.021
G0 X141.312 Y62.663
G0 X141.348 Y63.026
G0 X141.736 Y64.721
G0 X141.38 Y65.012
G1 F2400 E1997.17644
G1 F5400 X134.971 Y58.604 E1997.59845
G1 F2400 E1994.59845
;MESH:NONMESH
G0 F300 Z2.8
G0 F15000 X134.971 Y58.144
G0 X75.45 Y58.244
G0 X75.44 Y59.04
G0 X75.44 Y66.315
;TIME_ELAPSED:3706.800343
;LAYER:9
;TYPE:WALL-INNER
;MESH:lid.stl
G1 F2400 E1997.59845
G1 F5400 X74.733 Y66.249 E1997.63151
G1 X74.037 Y66.036 E1997.6654
G1 X73.41 Y65.699 E1997.69855
G1 X72.855 Y65.245 E1997.73194
G1 X72.402 Y64.692 E1997.76522
G1 X72.068 Y64.063 E1997.79839
G1 X71.852 Y63.356 E1997.83281
G1 X71.788 Y62.66 E1997.86535
G1 X71.851 Y61.951 E1997.8985
G1 X72.069 Y61.255 E1997.93246
G1 X72.402 Y60.628 E1997.96552
G1 X72.857 Y60.073 E1997.99894
G1 X73.41 Y59.621 E1998.03219
G1 X74.04 Y59.283 E1998.06548
G1 X74.732 Y59.072 E1998.09917
G1 X75.44 Y59.005 E1998.13229
G1 X76.149 Y59.072 E1998.16545
G1 X76.84 Y59.281 E1998.19906
G1 X77.477 Y59.623 E1998.23273
G1 X78.024 Y60.075 E1998.26577
G1 X78.483 Y60.634 E1998.29945
G1 X78.818 Y61.257 E1998.33239
G1 X79.028 Y61.95 E1998.3661
G1 X79.095 Y62.66 E1998.39931
G1 X79.027 Y63.374 E1998.43271
G1 X78.809 Y64.076 E1998.46694
G1 X78.479 Y64.687 E1998.49927
G1 X78.022 Y65.244 E1998.53282
G1 X77.484 Y65.689 E1998.56533
G1 X76.841 Y66.034 E1998.59931
G1 X76.159 Y66.239 E1998.63247
G1 X75.44 Y66.315 E1998.66614
G1 F2400 E1995.66614
G0 F15000 X76.911 Y66.2
G0 X83.367 Y72.984
G0 X84.256 Y74.822
G1 F2400 E1998.66614
G1 F5400 X83.826 Y74.642 E1998.68784
G1 X83.515 Y74.334 E1998.70822
G1 X83.356 Y73.93 E1998.72844
G1 X83.358 Y73.493 E1998.74879
G1 X83.513 Y73.108 E1998.76812
G1 X83.83 Y72.787 E1998.78912
G1 X84.252 Y72.635 E1998.81001
G1 X84.602 Y72.631 E1998.82631
G1 X84.77 Y72.675 E1998.83439
G1 X85.187 Y72.896 E1998.85637
G1 F4909.1 X85.449 Y73.252 E1998.87901
G1 F4169.9 X85.617 Y73.645 E1998.90478
G1 F4161.8 X85.614 Y73.863 E1998.91795
G1 F4909.1 X85.397 Y74.254 E1998.94086
G1 F5400 X85.216 Y74.507 E1998.95534
G1 X84.91 Y74.712 E1998.97249
G1 X84.758 Y74.767 E1998.98002
G1 X84.256 Y74.822 E1999.00354
G1 F2400 E1996.00354
G0 F15000 X85.545 Y74.358
G0 X86.109 Y74.11
G0 X87.29 Y75.051
G0 X87.29 Y74.888
G1 F2400 E1999.00354
G1 F4444.4 X87.075 Y74.781 E1999.01712
G1 F5192.3 X86.702 Y74.62 E1999.0368
G1 F5346.5 X86.426 Y74.343 E1999.05519
G1 F5217.4 X86.286 Y74.043 E1999.07114
G1 F4417.2 X86.172 Y73.836 E1999.08459
G1 F4153.8 X86.173 Y73.594 E1999.09924
G1 F4705.9 X86.556 Y72.914 E1999.14094
G1 F5142.9 X86.887 Y72.701 E1999.16019
G1 F4500 X87.263 Y72.519 E1999.18353
G1 F3871 X87.353 Y72.514 E1999.18939
G1 F4320 X87.536 Y72.597 E1999.20108
G1 F5000 X87.967 Y72.766 E1999.22436
G1 F5268.3 X88.25 Y73.044 E1999.2433
G1 F4537.8 X88.524 Y73.596 E1999.27745
G1 F3871 X88.527 Y73.841 E1999.29336
G1 F4481.3 X88.374 Y74.077 E1999.30914
G1 F5400 X88.152 Y74.476 E1999.3304
G1 F5155.1 X87.732 Y74.776 E1999.35558
G1 F4354.8 X87.486 Y74.883 E1999.37107
G1 F3941.6 X87.29 Y74.888 E1999.38358
G1 F2400 E1996.38358
G0 F15000 X87.29 Y75.051
G0 X87.208 Y75.666
G0 X86.553 Y76.055
G0 X86.39 Y76.595
G0 X86.531 Y77.059
G0 X87.174 Y77.698
G1 F2400 E1999.38358
G1 F5400 X86.76 Y77.525 E1999.40447
G1 X86.408 Y77.192 E1999.42703
G1 X86.263 Y76.687 E1999.4515
G1 X86.265 Y76.485 E1999.4609
G1 X86.387 Y76.077 E1999.48073
G1 X86.489 Y75.915 E1999.48965
G1 F4965.5 X86.848 Y75.614 E1999.51337
G1 F4277.2 X87.293 Y75.424 E1999.54182
G1 F3941.6 X87.489 Y75.427 E1999.55432
G1 F4518.8 X87.809 Y75.601 E1999.57459
G1 F5400 X88.067 Y75.757 E1999.58863
G1 X88.274 Y75.977 E1999.60269
G1 X88.444 Y76.358 E1999.62212
G1 X88.446 Y76.745 E1999.64014
G1 X88.404 Y76.916 E1999.64834
G1 X88.213 Y77.287 E1999.66777
G1 X88.085 Y77.419 E1999.67633
G1 X87.754 Y77.635 E1999.69474
G1 X87.174 Y77.698 E1999.7219
G1 F2400 E1996.7219
G0 F15000 X87.706 Y77.491
G0 X88.054 Y77.258
G0 X88.613 Y76.336
G0 X87.503 Y75.155
G0 X88.682 Y73.523
G0 X90.22 Y74.816
G1 F2400 E1999.7219
G1 F5400 X89.816 Y74.75 E1999.74096
G1 X89.495 Y74.527 E1999.75916
G1 F5070.4 X89.336 Y74.343 E1999.77122
G1 F4500 X89.091 Y73.9 E1999.79951
G1 F4075.5 X89.076 Y73.602 E1999.81792
G1 F4537.8 X89.211 Y73.355 E1999.83352
G1 F5400 X89.34 Y73.085 E1999.84745
G1 X89.607 Y72.809 E1999.86533
G1 X89.993 Y72.638 E1999.88499
G1 X90.466 Y72.624 E1999.90702
G1 X90.919 Y72.857 E1999.93074
G1 X91.049 Y72.969 E1999.93873
G1 X91.26 Y73.275 E1999.95604
G1 X91.349 Y73.716 E1999.97699
G1 X91.265 Y74.154 E1999.99776
G1 X91.026 Y74.499 E2000.0173
G1 X90.65 Y74.755 E2000.03848
G1 X90.22 Y74.816 E2000.0587
G1 F2400 E1997.0587
G0 F15000 X89.689 Y74.477
G0 X87.254 Y72.232
G0 X87.263 Y71.979
G1 F2400 E2000.0587
G1 F4655.2 X87.024 Y71.842 E2000.07358
G1 F5294.1 X86.746 Y71.714 E2000.08812
G1 F5373.1 X86.521 Y71.503 E2000.10256
G1 F5400 X86.381 Y71.291 E2000.11439
G1 X86.263 Y70.887 E2000.13398
G1 X86.266 Y70.682 E2000.14353
G1 X86.391 Y70.268 E2000.16367
G1 X86.546 Y70.058 E2000.17582
G1 X86.89 Y69.782 E2000.19636
G1 X87.252 Y69.7 E2000.21364
G1 X87.46 Y69.7 E2000.22333
G1 X87.884 Y69.829 E2000.24396
G1 X88.014 Y69.909 E2000.25107
G1 X88.283 Y70.185 E2000.26902
G1 X88.44 Y70.556 E2000.28778
G1 X88.451 Y71.024 E2000.30957
G1 X88.199 Y71.514 E2000.33523
G1 X88.042 Y71.65 E2000.3449
G1 F4920.3 X87.72 Y71.84 E2000.36401
G1 F4337.3 X87.263 Y71.979 E2000.3917
G1 F2400 E1997.3917
G0 F15000 X87.254 Y72.232
G0 X88.8 Y73.635
G0 X89.711 Y72.923
G0 X90.056 Y72.78
G0 X90.451 Y72.781
G0 X90.906 Y73.024
G0 X91.468 Y74.076
G0 X97.515 Y75.09
G0 X100.552 Y76.956
G1 F2400 E2000.3917
G1 F5400 X99.948 Y76.896 E2000.41996
G1 X99.364 Y76.71 E2000.4485
G1 X98.828 Y76.43 E2000.47666
G1 X98.374 Y76.055 E2000.50408
G1 X97.973 Y75.571 E2000.53335
G1 X97.685 Y75.036 E2000.56164
G1 X97.511 Y74.451 E2000.59006
G1 X97.448 Y73.844 E2000.61848
G1 X97.506 Y73.274 E2000.64515
G1 X97.697 Y72.643 E2000.67585
G1 X97.976 Y72.124 E2000.70329
G1 X98.38 Y71.643 E2000.73254
G1 X98.834 Y71.269 E2000.75993
G1 X99.359 Y70.982 E2000.78779
G1 X99.95 Y70.807 E2000.81649
G1 X100.552 Y70.744 E2000.84468
G1 X101.154 Y70.807 E2000.87286
G1 X101.734 Y70.982 E2000.90107
G1 X102.295 Y71.283 E2000.93072
G1 X102.747 Y71.658 E2000.95806
G1 X103.139 Y72.132 E2000.9867
G1 X103.423 Y72.683 E2001.01557
G1 X103.601 Y73.247 E2001.04311
G1 X103.656 Y73.851 E2001.07135
G1 X103.601 Y74.454 E2001.09954
G1 X103.419 Y75.028 E2001.12758
G1 X103.135 Y75.564 E2001.15583
G1 X102.744 Y76.046 E2001.18473
G1 X102.264 Y76.437 E2001.21356
G1 X101.743 Y76.71 E2001.24094
G1 X101.154 Y76.896 E2001.26971
G1 X100.552 Y76.956 E2001.29788
G1 F2400 E1998.29788
G0 F15000 X102.371 Y76.586
G0 X109.151 Y77.64
G0 X114.796 Y80.48
G1 F2400 E2001.29788
G1 F5400 X113.514 Y80.36 E2001.35783
G1 X112.27 Y79.982 E2001.41837
G1 X111.136 Y79.376 E2001.47824
G1 X110.126 Y78.544 E2001.53918
G1 X109.321 Y77.564 E2001.59823
G1 X108.704 Y76.417 E2001.65888
G1 X108.32 Y75.167 E2001.71977
G1 X108.192 Y73.873 E2001.78031
G1 X108.329 Y72.566 E2001.84151
G1 X108.71 Y71.33 E2001.90173
G1 X109.323 Y70.193 E2001.96188
G1 X110.131 Y69.207 E2002.02124
G1 X111.129 Y68.393 E2002.08121
G1 X112.271 Y67.777 E2002.14163
G1 X113.514 Y67.4 E2002.20211
G1 X114.796 Y67.276 E2002.26208
G1 X116.08 Y67.4 E2002.32215
G1 X117.326 Y67.78 E2002.38281
G1 X118.467 Y68.393 E2002.44312
G1 X119.462 Y69.212 E2002.50313
G1 X120.285 Y70.211 E2002.5634
G1 X120.894 Y71.352 E2002.62362
G1 X121.273 Y72.593 E2002.68404
G1 X121.403 Y73.88 E2002.74428
G1 X121.273 Y75.167 E2002.80451
G1 X120.899 Y76.41 E2002.86495
G1 X120.289 Y77.55 E2002.92516
G1 X119.456 Y78.554 E2002.9859
G1 X118.46 Y79.376 E2003.04604
G1 X117.328 Y79.981 E2003.1058
G1 X116.078 Y80.357 E2003.16658
G1 X114.796 Y80.48 E2003.22655
G1 F2400 E2000.22655
G0 F15000 X117.395 Y80.15
G0 X129.727 Y80.152
G0 X132.312 Y80.48
G1 F2400 E2003.22655
G1 F5400 X131.026 Y80.36 E2003.28669
G1 X129.793 Y79.983 E2003.34673
G1 X128.649 Y79.377 E2003.40701
G1 X127.648 Y78.554 E2003.46736
G1 X126.823 Y77.549 E2003.5279
G1 X126.214 Y76.413 E2003.58792
G1 X125.835 Y75.167 E2003.64856
G1 X125.705 Y73.882 E2003.7087
G1 X125.835 Y72.593 E2003.76903
G1 X126.21 Y71.347 E2003.82962
G1 X126.823 Y70.211 E2003.88973
G1 X127.642 Y69.212 E2003.94988
G1 X128.641 Y68.393 E2004.01003
G1 X129.783 Y67.777 E2004.07045
G1 X131.026 Y67.4 E2004.13093
G1 X132.308 Y67.276 E2004.1909
G1 X133.591 Y67.4 E2004.25093
G1 X134.839 Y67.78 E2004.31167
G1 X135.975 Y68.391 E2004.37173
G1 X136.977 Y69.211 E2004.43202
G1 X137.805 Y70.218 E2004.49273
G1 X138.409 Y71.359 E2004.55284
G1 X138.788 Y72.595 E2004.61304
G1 X138.916 Y73.88 E2004.67317
G1 X138.788 Y75.152 E2004.7327
G1 X138.407 Y76.411 E2004.79395
G1 X137.799 Y77.547 E2004.85395
G1 X136.982 Y78.544 E2004.91397
G1 X135.973 Y79.372 E2004.97475
G1 X134.839 Y79.982 E2005.03471
G1 X133.598 Y80.352 E2005.09501
G1 X132.312 Y80.48 E2005.15518
G1 F2400 E2002.15518
G0 F15000 X133.567 Y80.209
G0 X134.78 Y79.841
G0 X135.896 Y79.246
G0 X136.873 Y78.442
G0 X137.676 Y77.465
G0 X138.271 Y76.349
G0 X138.639 Y75.138
G0 X138.74 Y74.12
G0 X138.579 Y71.29
G0 X143.856 Y66.426
G0 X144.6 Y66.316
G1 F2400 E2005.15518
G1 F5400 X143.891 Y66.247 E2005.18835
G1 X143.202 Y66.038 E2005.22188
G1 X142.569 Y65.699 E2005.25532
G1 X142.016 Y65.246 E2005.2886
G1 X141.558 Y64.69 E2005.32214
G1 X141.226 Y64.063 E2005.35518
G1 X141.017 Y63.374 E2005.38871
G1 X140.948 Y62.695 E2005.42049
G1 X141.011 Y61.953 E2005.45516
G1 X141.229 Y61.255 E2005.48921
G1 X141.559 Y60.633 E2005.522
G1 X142.015 Y60.075 E2005.55555
G1 X142.57 Y59.621 E2005.58894
G1 X143.195 Y59.289 E2005.6219
G1 X143.889 Y59.072 E2005.65575
G1 X144.6 Y59.005 E2005.68901
G1 X145.309 Y59.072 E2005.72217
G1 X146.002 Y59.282 E2005.75589
G1 X146.629 Y59.617 E2005.78899
G1 X147.178 Y60.069 E2005.8221
G1 X147.64 Y60.63 E2005.85594
G1 X147.978 Y61.257 E2005.88911
G1 X148.187 Y61.946 E2005.92264
G1 X148.252 Y62.66 E2005.95602
G1 X148.187 Y63.356 E2005.98857
G1 X147.977 Y64.057 E2006.02265
G1 X147.638 Y64.693 E2006.0562
G1 X147.183 Y65.246 E2006.08955
G1 X146.631 Y65.701 E2006.12286
G1 X146.009 Y66.031 E2006.15565
G1 X145.313 Y66.248 E2006.18959
G1 X144.6 Y66.316 E2006.22294
G1 F2400 E2003.22294
G0 F15000 X143.856 Y66.426
G0 X128.16 Y88.941
G0 X110 Y124.623
G1 F2400 E2006.22294
G1 F5400 X91.996 Y124.624 E2007.06129
G1 X91.754 Y124.561 E2007.07293
G1 X91.539 Y124.379 E2007.08605
G1 X91.425 Y124.068 E2007.10147
G1 X91.428 Y89.271 E2008.72176
G1 X91.516 Y89.027 E2008.73384
G1 X91.745 Y88.816 E2008.74834
G1 X91.971 Y88.75 E2008.75931
G1 X127.794 Y88.749 E2010.42737
G1 X128.08 Y88.847 E2010.44145
G1 X128.252 Y89.022 E2010.45288
G1 X128.347 Y89.306 E2010.46682
G1 X128.347 Y124.12 E2012.08791
G1 X128.277 Y124.308 E2012.09725
G1 X128.161 Y124.461 E2012.10619
G1 X127.995 Y124.572 E2012.11549
G1 X127.793 Y124.623 E2012.12519
G1 X110 Y124.623 E2012.95371
G1 F2400 E2009.95371
G0 F15000 X110 Y161.752
G0 X110 Y161.952
G1 F2400 E2012.95371
G1 F5400 X149.376 Y161.952 E2014.78722
G1 X149.376 Y58.044 E2019.62561
G1 X70.621 Y58.045 E2023.29277
G1 X70.62 Y161.952 E2028.13112
G1 X110 Y161.952 E2029.96481
G0 F15000 X110 Y162.352
;TYPE:WALL-OUTER
G1 F5400 X149.776 Y162.352 E2031.81695
G1 X149.776 Y57.644 E2036.69259
G1 X70.221 Y57.645 E2040.39701
G1 X70.22 Y162.352 E2045.27261
G1 X110 Y162.352 E2047.12493
G1 F2400 E2044.12493
G0 F15000 X110 Y162.043
G0 X110 Y161.752
G0 X110 Y124.804
G0 X110 Y124.222
G1 F2400 E2047.12493
G1 F5400 X91.996 Y124.223 E2047.96327
G1 X91.887 Y124.171 E2047.96889
G1 X91.824 Y124.077 E2047.97416
G1 X91.825 Y89.322 E2049.5925
G1 X91.874 Y89.214 E2049.59802
G1 X92.006 Y89.148 E2049.6049
G1 X127.764 Y89.148 E2051.26994
G1 X127.892 Y89.208 E2051.27652
G1 X127.948 Y89.304 E2051.2817
G1 X127.948 Y124.039 E2052.8991
G1 X127.911 Y124.142 E2052.9042
G1 X127.786 Y124.221 E2052.91108
G1 X110 Y124.222 E2053.73928
G1 F2400 E2050.73928
G0 F15000 X110 Y124.535
G0 X128.188 Y124.463
G0 X128.188 Y88.913
G0 X114.744 Y88.569
G0 X114.796 Y80.66
G0 X114.776 Y80.08
G1 F2400 E2053.73928
G1 F5400 X113.612 Y79.968 E2053.79373
G1 X112.405 Y79.601 E2053.85247
G1 X111.373 Y79.049 E2053.90697
G1 X110.41 Y78.262 E2053.96488
G1 X109.645 Y77.33 E2054.02102
G1 X109.064 Y76.239 E2054.07858
G1 X108.712 Y75.068 E2054.13552
G1 X108.596 Y73.86 E2054.19202
G1 X108.72 Y72.653 E2054.24852
G1 X109.079 Y71.485 E2054.30542
G1 X109.646 Y70.429 E2054.36123
G1 X110.414 Y69.494 E2054.41757
G1 X111.352 Y68.725 E2054.47405
G1 X112.441 Y68.144 E2054.53153
G1 X113.612 Y67.792 E2054.58846
G1 X114.816 Y67.68 E2054.64477
G1 X115.984 Y67.792 E2054.69941
G1 X117.187 Y68.159 E2054.75797
G1 X118.244 Y68.725 E2054.8138
G1 X119.178 Y69.494 E2054.87014
G1 X119.954 Y70.435 E2054.92693
G1 X120.525 Y71.506 E2054.98345
G1 X120.881 Y72.672 E2055.04021
G1 X121 Y73.898 E2055.09757
G1 X120.881 Y75.088 E2055.15326
G1 X120.517 Y76.275 E2055.21107
G1 X119.954 Y77.325 E2055.26655
G1 X119.187 Y78.257 E2055.32275
G1 X118.223 Y79.049 E2055.38085
G1 X117.191 Y79.601 E2055.43534
G1 X115.984 Y79.964 E2055.49403
G1 X114.776 Y80.08 E2055.55054
G1 F2400 E2052.55054
G0 F15000 X114.746 Y80.388
G0 X113.542 Y80.209
G0 X112.33 Y79.841
G0 X111.426 Y79.359
G0 X109.151 Y77.64
G0 X102.371 Y76.586
G0 X100.532 Y76.552
G1 F2400 E2055.55054
G1 F5400 X100.048 Y76.504 E2055.57319
G1 X99.518 Y76.341 E2055.59901
G1 X99.053 Y76.095 E2055.6235
G1 X98.633 Y75.748 E2055.64887
G1 X98.305 Y75.348 E2055.67296
G1 X98.06 Y74.889 E2055.69719
G1 X97.903 Y74.372 E2055.72235
G1 X97.852 Y73.828 E2055.74779
G1 X97.908 Y73.305 E2055.77228
G1 X98.061 Y72.809 E2055.79645
G1 X98.306 Y72.35 E2055.82068
G1 X98.652 Y71.937 E2055.84576
G1 X99.056 Y71.601 E2055.87023
G1 X99.497 Y71.363 E2055.89357
G1 X100.028 Y71.199 E2055.91944
G1 X100.572 Y71.148 E2055.94489
G1 X101.076 Y71.199 E2055.96847
G1 X101.607 Y71.363 E2055.99435
G1 X102.059 Y71.606 E2056.01825
G1 X102.474 Y71.956 E2056.04353
G1 X102.802 Y72.353 E2056.06751
G1 X103.048 Y72.822 E2056.09217
G1 X103.208 Y73.344 E2056.11759
G1 X103.256 Y73.867 E2056.14205
G1 X103.208 Y74.356 E2056.16492
G1 X103.047 Y74.882 E2056.19054
G1 X102.8 Y75.346 E2056.21502
G1 X102.444 Y75.775 E2056.24097
G1 X102.051 Y76.098 E2056.26466
G1 X101.589 Y76.341 E2056.28897
G1 X101.056 Y76.504 E2056.31492
G1 X100.532 Y76.552 E2056.33942
G1 F2400 E2053.33942
G0 F15000 X100.502 Y76.857
G0 X99.424 Y76.576
G0 X99.012 Y76.356
G0 X97.515 Y75.09
G0 X91.377 Y74.308
G0 X90.241 Y74.416
G1 F2400 E2056.33942
G1 F5400 X89.979 Y74.368 E2056.35183
G1 X89.757 Y74.224 E2056.36415
G1 X89.585 Y73.968 E2056.37851
G1 X89.552 Y73.614 E2056.39506
G1 X89.662 Y73.321 E2056.40964
G1 X89.863 Y73.13 E2056.42255
G1 X90.109 Y73.031 E2056.4349
G1 X90.388 Y73.03 E2056.44789
G1 X90.704 Y73.195 E2056.46449
G1 X90.877 Y73.422 E2056.47778
G1 X90.94 Y73.695 E2056.49082
G1 X90.895 Y73.974 E2056.50398
G1 X90.752 Y74.195 E2056.51624
G1 X90.528 Y74.356 E2056.52908
G1 X90.241 Y74.416 E2056.54274
G1 F2400 E2053.54274
G0 F15000 X90.18 Y74.725
G0 X89.069 Y74.182
G0 X88.682 Y73.523
G0 X87.178 Y74.978
G0 X87.305 Y74.417
G1 F2400 E2056.54274
G1 F5400 X86.966 Y74.312 E2056.55926
G1 X86.75 Y74.096 E2056.57349
G1 X86.652 Y73.829 E2056.58673
G1 X86.66 Y73.562 E2056.59917
G1 X86.847 Y73.209 E2056.61777
G1 X87.074 Y73.055 E2056.63054
G1 X87.365 Y72.984 E2056.64449
G1 X87.732 Y73.1 E2056.66241
G1 X87.937 Y73.301 E2056.67578
G1 X88.036 Y73.526 E2056.68723
G1 X88.049 Y73.839 E2056.70181
G1 X87.849 Y74.204 E2056.72119
G1 X87.61 Y74.365 E2056.73461
G1 X87.305 Y74.417 E2056.74902
G1 F2400 E2053.74902
G0 F15000 X87.178 Y74.978
G0 X86.553 Y76.055
G0 X86.39 Y76.595
G0 X86.547 Y77.111
G0 X86.774 Y77.339
G0 X87.269 Y77.596
G0 X87.24 Y77.288
G1 F2400 E2056.74902
G1 F5400 X86.974 Y77.179 E2056.7624
G1 X86.762 Y76.98 E2056.77594
G1 X86.648 Y76.588 E2056.79495
G1 X86.766 Y76.198 E2056.81393
G1 X87.068 Y75.952 E2056.83206
G1 X87.366 Y75.886 E2056.84628
G1 X87.731 Y75.999 E2056.86407
G1 X87.932 Y76.194 E2056.87711
G1 X88.047 Y76.471 E2056.89107
G1 X88.034 Y76.764 E2056.90473
G1 X87.863 Y77.091 E2056.92191
G1 X87.6 Y77.25 E2056.93622
G1 X87.24 Y77.288 E2056.95308
G1 F2400 E2053.95308
G0 F15000 X87.269 Y77.596
G0 X86.827 Y77.392
G0 X86.6 Y77.164
G0 X86.237 Y75.954
G0 X85.34 Y74.663
G0 X84.32 Y74.413
G1 F2400 E2056.95308
G1 F5400 X84.063 Y74.308 E2056.96601
G1 X83.857 Y74.108 E2056.97938
G1 X83.758 Y73.867 E2056.99151
G1 X83.756 Y73.576 E2057.00506
G1 X83.854 Y73.333 E2057.01726
G1 X84.062 Y73.131 E2057.03076
G1 X84.292 Y73.034 E2057.04238
G1 X84.586 Y73.028 E2057.05608
G1 X84.91 Y73.199 E2057.07314
G1 X85.089 Y73.446 E2057.08734
G1 X85.14 Y73.689 E2057.0989
G1 X85.097 Y73.968 E2057.11205
G1 X84.942 Y74.211 E2057.12547
G1 X84.703 Y74.373 E2057.13891
G1 X84.32 Y74.413 E2057.15684
G1 F2400 E2054.15684
G0 F15000 X84.351 Y74.722
G0 X84.79 Y74.615
G0 X85.12 Y74.397
G0 X85.326 Y74.086
G0 X85.401 Y73.706
G0 X85.649 Y73.225
G0 X86.164 Y73.248
G0 X87.238 Y71.483
G1 F2400 E2057.15684
G1 F5400 X86.984 Y71.384 E2057.16954
G1 X86.763 Y71.178 E2057.1836
G1 X86.647 Y70.788 E2057.20255
G1 X86.769 Y70.391 E2057.22189
G1 X87.067 Y70.156 E2057.23956
G1 X87.36 Y70.085 E2057.2536
G1 X87.719 Y70.193 E2057.27106
G1 X87.931 Y70.393 E2057.28463
G1 X88.042 Y70.644 E2057.29741
G1 X88.045 Y70.943 E2057.31133
G1 X87.868 Y71.284 E2057.32922
G1 X87.606 Y71.453 E2057.34374
G1 X87.238 Y71.483 E2057.36093
G1 F2400 E2054.36093
G0 F15000 X87.254 Y72.232
G0 X86.213 Y71.357
G0 X76.911 Y66.2
G0 X75.421 Y65.912
G1 F2400 E2057.36093
G1 F5400 X74.789 Y65.848 E2057.39051
G1 X74.177 Y65.657 E2057.42036
G1 X73.617 Y65.351 E2057.45008
G1 X73.129 Y64.947 E2057.47958
G1 X72.727 Y64.45 E2057.50934
G1 X72.433 Y63.888 E2057.53888
G1 X72.246 Y63.287 E2057.56818
G1 X72.188 Y62.641 E2057.59839
G1 X72.244 Y62.049 E2057.62607
G1 X72.447 Y61.398 E2057.65783
G1 X72.749 Y60.837 E2057.68749
G1 X73.131 Y60.37 E2057.71559
G1 X73.649 Y59.947 E2057.74673
G1 X74.213 Y59.648 E2057.77645
G1 X74.829 Y59.464 E2057.80639
G1 X75.459 Y59.408 E2057.83584
G1 X76.051 Y59.464 E2057.86353
G1 X76.707 Y59.663 E2057.89545
G1 X77.268 Y59.969 E2057.92521
G1 X77.724 Y60.345 E2057.95273
G1 X78.157 Y60.873 E2057.98452
G1 X78.452 Y61.429 E2058.01383
G1 X78.636 Y62.049 E2058.04395
G1 X78.692 Y62.679 E2058.0734
G1 X78.628 Y63.311 E2058.10298
G1 X78.44 Y63.921 E2058.1327
G1 X78.147 Y64.464 E2058.16143
G1 X77.738 Y64.962 E2058.19144
G1 X77.255 Y65.361 E2058.22061
G1 X76.686 Y65.665 E2058.25065
G1 X76.075 Y65.848 E2058.28035
G1 X75.421 Y65.912 E2058.31095
G1 F2400 E2055.31095
G0 F15000 X75.391 Y66.219
G0 X77.587 Y65.837
G0 X126.673 Y77.65
G0 X132.288 Y80.08
G1 F2400 E2058.31095
G1 F5400 X131.124 Y79.968 E2058.3654
G1 X129.939 Y79.611 E2058.42302
G1 X128.885 Y79.049 E2058.47864
G1 X127.925 Y78.265 E2058.53636
G1 X127.154 Y77.325 E2058.59297
G1 X126.583 Y76.258 E2058.64932
G1 X126.227 Y75.088 E2058.70627
G1 X126.108 Y73.898 E2058.76195
G1 X126.224 Y72.692 E2058.81837
G1 X126.583 Y71.502 E2058.87625
G1 X127.154 Y70.435 E2058.9326
G1 X127.913 Y69.508 E2058.98839
G1 X128.864 Y68.725 E2059.04575
G1 X129.953 Y68.144 E2059.10322
G1 X131.124 Y67.792 E2059.16016
G1 X132.328 Y67.68 E2059.21646
G1 X133.496 Y67.792 E2059.2711
G1 X134.699 Y68.159 E2059.32966
G1 X135.772 Y68.737 E2059.38642
G1 X136.683 Y69.487 E2059.44136
G1 X137.461 Y70.428 E2059.49822
G1 X138.034 Y71.499 E2059.55477
G1 X138.396 Y72.692 E2059.61283
G1 X138.512 Y73.9 E2059.66934
G1 X138.394 Y75.083 E2059.72469
G1 X138.029 Y76.275 E2059.78274
G1 X137.467 Y77.324 E2059.83816
G1 X136.68 Y78.275 E2059.89564
G1 X135.735 Y79.049 E2059.95251
G1 X134.703 Y79.601 E2060.00701
G1 X133.496 Y79.964 E2060.0657
G1 X132.288 Y80.08 E2060.12221
G1 F2400 E2057.12221
G0 F15000 X132.258 Y80.388
G0 X133.567 Y80.209
G0 X134.78 Y79.841
G0 X135.896 Y79.246
G0 X136.873 Y78.442
G0 X137.676 Y77.465
G0 X138.271 Y76.349
G0 X138.639 Y75.138
G0 X138.74 Y74.12
G0 X138.579 Y71.29
G0 X143.856 Y66.426
G0 X144.578 Y65.912
G1 F2400 E2060.12221
G1 F5400 X143.953 Y65.848 E2060.15146
G1 X143.354 Y65.665 E2060.18063
G1 X142.805 Y65.372 E2060.20961
G1 X142.289 Y64.948 E2060.2407
G1 X141.904 Y64.481 E2060.26889
G1 X141.599 Y63.909 E2060.29907
G1 X141.409 Y63.28 E2060.32967
G1 X141.348 Y62.641 E2060.35956
G1 X141.404 Y62.049 E2060.38725
G1 X141.607 Y61.398 E2060.419
G1 X141.909 Y60.837 E2060.44867
G1 X142.313 Y60.349 E2060.47816
G1 X142.81 Y59.947 E2060.50793
G1 X143.372 Y59.653 E2060.53746
G1 X143.989 Y59.464 E2060.56751
G1 X144.619 Y59.408 E2060.59696
G1 X145.211 Y59.464 E2060.62465
G1 X145.867 Y59.663 E2060.65657
G1 X146.424 Y59.965 E2060.68608
G1 X146.884 Y60.345 E2060.71386
G1 X147.317 Y60.873 E2060.74565
G1 X147.612 Y61.429 E2060.77496
G1 X147.788 Y62.009 E2060.80319
G1 X147.852 Y62.66 E2060.83365
G1 X147.788 Y63.311 E2060.8641
G1 X147.612 Y63.883 E2060.89197
G1 X147.295 Y64.479 E2060.92341
G1 X146.884 Y64.975 E2060.9534
G1 X146.428 Y65.351 E2060.98092
G1 X145.832 Y65.667 E2061.01233
G1 X145.215 Y65.856 E2061.04238
G1 X144.578 Y65.912 E2061.07216
G1 F2400 E2058.07216
G0 F15000 X144.548 Y66.219
G0 X143.856 Y66.426
G0 X143.856 Y161.752
G0 X110 Y161.592
;TYPE:SKIN
G1 F2400 E2061.07216
G1 F5400 X70.98 Y161.592 E2062.88909
G1 X70.981 Y64.286 E2067.42007
G1 F5023.3 X71.01 Y63.463 E2067.46129
G1 F4886.9 X70.992 Y62.656 E2067.50282
G1 F4909.1 X71.008 Y61.877 E2067.54273
G1 F5046.7 X70.98 Y61.017 E2067.5856
G1 F5400 X70.98 Y58.404 E2067.70727
G1 X73.844 Y58.404 E2067.84063
G1 F6000 X75.432 Y58.364 E2067.9072
G1 X77.042 Y58.404 E2067.9747
G1 F5400 X142.987 Y58.404 E2071.04537
G1 F6000 X144.561 Y58.364 E2071.11136
G1 X146.205 Y58.404 E2071.18027
G1 F5400 X149.016 Y58.404 E2071.31116
G1 X149.016 Y61.029 E2071.4334
G1 F5167.5 X148.998 Y61.872 E2071.47442
G1 F5142.9 X149.015 Y62.619 E2071.51096
G1 F5130.6 X148.997 Y63.463 E2071.55233
G1 F5142.9 X149.016 Y64.261 E2071.59136
G1 F5400 X149.016 Y161.592 E2076.1235
G1 X110 Y161.592 E2077.94024
G1 F2400 E2074.94024
G0 F15000 X110 Y161.852
G0 X110 Y124.804
G0 X110 Y124.983
G1 F2400 E2077.94024
G1 F5400 X127.967 Y124.984 E2078.77686
G1 X128.304 Y124.804 E2078.79465
G1 X128.481 Y124.639 E2078.80592
G1 X128.641 Y124.371 E2078.82045
G1 X128.702 Y124.111 E2078.83289
G1 X128.703 Y89.268 E2080.45533
G1 X128.626 Y88.959 E2080.47015
G1 X128.449 Y88.695 E2080.48495
G1 X128.259 Y88.537 E2080.49646
G1 X127.832 Y88.39 E2080.51749
G1 X91.846 Y88.389 E2082.19315
G1 X91.473 Y88.554 E2082.21214
G1 X91.206 Y88.84 E2082.23036
G1 X91.064 Y89.164 E2082.24683
G1 X91.064 Y124.089 E2083.87309
G1 X91.204 Y124.525 E2083.89441
G1 X91.396 Y124.752 E2083.90825
G1 X91.609 Y124.888 E2083.92002
G1 X91.963 Y124.983 E2083.93709
G1 X110 Y124.983 E2084.77697
G1 F2400 E2081.77697
G0 F15000 X110 Y124.724
G0 X91.588 Y124.463
G0 X91.244 Y89.204
G0 X76.193 Y66.42
G0 X75.424 Y66.676
G1 F2400 E2084.77697
G1 F5400 X76.23 Y66.592 E2084.8147
G1 X76.984 Y66.364 E2084.85138
G1 X77.703 Y65.972 E2084.88951
G1 X78.263 Y65.516 E2084.92314
G1 X78.772 Y64.891 E2084.96067
G1 X79.142 Y64.213 E2084.99664
G1 X79.372 Y63.467 E2085.03299
G1 X79.456 Y62.644 E2085.07151
G1 X79.384 Y61.896 E2085.1065
G1 X79.156 Y61.133 E2085.14358
G1 X78.789 Y60.445 E2085.17989
G1 X78.296 Y59.833 E2085.21648
G1 X77.691 Y59.333 E2085.25303
G1 X76.963 Y58.94 E2085.29155
G1 F5669.3 X76.233 Y58.739 E2085.32513
G1 F6334.3 X75.417 Y58.684 E2085.3576
G1 F6352.9 X74.66 Y58.739 E2085.38764
G1 F5684.2 X73.922 Y58.94 E2085.42148
G1 F5400 X73.217 Y59.311 E2085.45857
G1 X72.588 Y59.829 E2085.49651
G1 X72.091 Y60.445 E2085.53337
G1 X71.743 Y61.097 E2085.56778
G1 F5046.7 X71.464 Y61.896 E2085.60995
G1 F4898 X71.416 Y62.637 E2085.64807
G1 F4886.9 X71.465 Y63.424 E2085.68864
G1 F5023.3 X71.739 Y64.21 E2085.73031
G1 F5400 X72.112 Y64.907 E2085.76712
G1 X72.613 Y65.516 E2085.80384
G1 X73.189 Y65.984 E2085.8384
G1 X73.913 Y66.376 E2085.87673
G1 X74.672 Y66.604 E2085.91364
G1 X75.424 Y66.676 E2085.94881
G1 F2400 E2082.94881
G0 F15000 X75.44 Y66.416
G0 X76.911 Y66.2
G0 X86.416 Y75.733
G0 X87.272 Y78.04
G1 F2400 E2085.94881
G1 F5400 X87.763 Y77.99 E2085.97179
G1 X87.993 Y77.912 E2085.9831
G1 X88.375 Y77.652 E2086.00462
G1 X88.554 Y77.407 E2086.01875
G1 X88.717 Y77.094 E2086.03518
G1 X88.804 Y76.77 E2086.0508
G1 X88.801 Y76.279 E2086.07367
G1 X88.573 Y75.77 E2086.09964
G1 X88.256 Y75.434 E2086.12115
G1 X87.958 Y75.275 E2086.13687
G1 X87.799 Y75.151 E2086.14626
G1 X88.052 Y74.987 E2086.1603
G1 X88.432 Y74.705 E2086.18234
G1 X88.683 Y74.265 E2086.20592
G1 X88.805 Y74.135 E2086.21423
G1 X89.163 Y74.73 E2086.24656
G1 X89.673 Y75.09 E2086.27563
G1 X90.286 Y75.188 E2086.30453
G1 X90.819 Y75.068 E2086.32997
G1 X91.277 Y74.755 E2086.3558
G1 X91.521 Y74.411 E2086.37544
G1 X91.646 Y74.099 E2086.39109
G1 X91.708 Y73.707 E2086.40957
G1 X91.619 Y73.193 E2086.43386
G1 X91.389 Y72.821 E2086.45423
G1 X91.106 Y72.553 E2086.47238
G1 X90.584 Y72.281 E2086.49979
G1 X89.948 Y72.261 E2086.52942
G1 X89.396 Y72.512 E2086.55765
G1 X89.037 Y72.883 E2086.58169
G1 X88.819 Y73.328 E2086.60477
G1 X88.715 Y73.184 E2086.61304
G1 X88.537 Y72.82 E2086.6319
G1 X88.176 Y72.464 E2086.65551
G1 X87.692 Y72.248 E2086.68019
G1 X88.052 Y72.072 E2086.69885
G1 X88.366 Y71.85 E2086.71676
G1 X88.546 Y71.62 E2086.73036
G1 X88.811 Y71.109 E2086.75716
G1 X88.791 Y70.531 E2086.78409
G1 X88.649 Y70.125 E2086.80412
G1 X88.53 Y69.924 E2086.815
G1 X88.245 Y69.63 E2086.83406
G1 X87.941 Y69.466 E2086.85015
G1 X87.52 Y69.34 E2086.87061
G1 X87.196 Y69.341 E2086.8857
G1 X86.737 Y69.45 E2086.90766
G1 X86.257 Y69.827 E2086.93608
G1 X86.056 Y70.107 E2086.95213
G1 X85.908 Y70.639 E2086.97785
G1 X85.91 Y70.978 E2086.99363
G1 X86.036 Y71.399 E2087.01409
G1 X86.177 Y71.656 E2087.02774
G1 X86.504 Y71.998 E2087.04978
G1 X86.844 Y72.159 E2087.06729
G1 X86.93 Y72.239 E2087.07276
G1 X86.288 Y72.655 E2087.10838
G1 X86.01 Y73.152 E2087.1349
G1 X85.893 Y73.315 E2087.14424
G1 X85.693 Y72.976 E2087.16257
G1 X85.41 Y72.599 E2087.18452
G1 X84.923 Y72.349 E2087.21001
G1 X84.642 Y72.269 E2087.22362
G1 X84.146 Y72.265 E2087.24671
G1 X83.616 Y72.497 E2087.27365
G1 X83.214 Y72.878 E2087.29944
G1 X82.992 Y73.44 E2087.32758
G1 X83.001 Y73.993 E2087.35333
G1 X83.205 Y74.533 E2087.38021
G1 X83.618 Y74.94 E2087.40721
G1 X84.011 Y75.106 E2087.42708
G1 X84.301 Y75.18 E2087.44101
G1 X84.985 Y75.101 E2087.47308
G1 X85.475 Y74.757 E2087.50095
G1 X85.702 Y74.44 E2087.51911
G1 X85.911 Y74.119 E2087.53694
G1 X86.128 Y74.552 E2087.5595
G1 X86.485 Y74.909 E2087.58301
G1 X86.961 Y75.146 E2087.60777
G1 X86.559 Y75.38 E2087.62943
G1 X86.294 Y75.594 E2087.64529
G1 X86.078 Y75.866 E2087.66146
G1 X85.885 Y76.459 E2087.6905
G1 X85.914 Y76.796 E2087.70625
G1 X86.048 Y77.228 E2087.72731
G1 X86.222 Y77.509 E2087.7427
G1 X86.539 Y77.811 E2087.76309
G1 X86.948 Y77.992 E2087.78391
G1 X87.272 Y78.04 E2087.79916
G1 F2400 E2084.79916
G0 F15000 X87.258 Y77.785
G0 X88.403 Y77.313
G0 X98.73 Y76.583
G0 X100.532 Y77.316
G1 F2400 E2087.79916
G1 F5400 X101.227 Y77.242 E2087.83171
G1 X101.867 Y77.048 E2087.86285
G1 X102.474 Y76.731 E2087.89474
G1 X102.979 Y76.32 E2087.92505
G1 X103.424 Y75.774 E2087.95785
G1 X103.753 Y75.155 E2087.99049
G1 X103.947 Y74.545 E2088.0203
G1 X104.02 Y73.864 E2088.05219
G1 X103.947 Y73.151 E2088.08557
G1 X103.763 Y72.567 E2088.11408
G1 X103.444 Y71.941 E2088.14679
G1 X102.988 Y71.389 E2088.18013
G1 X102.48 Y70.969 E2088.21082
G1 X101.867 Y70.646 E2088.24309
G1 X101.207 Y70.453 E2088.27511
G1 X100.552 Y70.38 E2088.3058
G1 X99.881 Y70.454 E2088.33723
G1 X99.219 Y70.651 E2088.36939
G1 X98.616 Y70.981 E2088.4014
G1 X98.108 Y71.404 E2088.43218
G1 X97.668 Y71.932 E2088.46418
G1 X97.352 Y72.524 E2088.49543
G1 X97.154 Y73.173 E2088.52703
G1 X97.084 Y73.858 E2088.55909
G1 X97.161 Y74.531 E2088.59063
G1 X97.344 Y75.146 E2088.62051
G1 X97.677 Y75.775 E2088.65365
G1 X98.135 Y76.327 E2088.68705
G1 X98.625 Y76.731 E2088.71662
G1 X99.212 Y77.034 E2088.74738
G1 X99.846 Y77.243 E2088.77846
G1 X100.532 Y77.316 E2088.81059
G1 F2400 E2085.81059
G0 F15000 X100.557 Y77.058
G0 X102.371 Y76.586
G0 X109.151 Y77.64
G0 X114.777 Y80.84
G1 F2400 E2088.81059
G1 F5400 X116.147 Y80.71 E2088.87467
G1 X117.483 Y80.305 E2088.93967
G1 X118.643 Y79.685 E2089.00092
G1 X119.703 Y78.813 E2089.06483
G1 X120.601 Y77.727 E2089.13045
G1 X121.22 Y76.57 E2089.19155
G1 X121.635 Y75.206 E2089.25794
G1 X121.764 Y73.9 E2089.31905
G1 X121.62 Y72.497 E2089.38472
G1 X121.225 Y71.206 E2089.44758
G1 X120.575 Y69.996 E2089.51154
G1 X119.701 Y68.946 E2089.57516
G1 X118.68 Y68.101 E2089.63687
G1 X117.479 Y67.451 E2089.70046
G1 X116.132 Y67.04 E2089.76603
G1 X114.812 Y66.912 E2089.82779
G1 X113.461 Y67.042 E2089.89099
G1 X112.113 Y67.451 E2089.95658
G1 X110.945 Y68.079 E2090.01833
G1 X109.87 Y68.954 E2090.08287
G1 X109.001 Y70.016 E2090.14677
G1 X108.371 Y71.193 E2090.20893
G1 X107.96 Y72.544 E2090.27469
G1 X107.828 Y73.892 E2090.33776
G1 X107.956 Y75.2 E2090.39895
G1 X108.364 Y76.536 E2090.464
G1 X109 Y77.738 E2090.52732
G1 X109.884 Y78.811 E2090.59206
G1 X110.908 Y79.659 E2090.65396
G1 X112.109 Y80.305 E2090.71747
G1 X113.461 Y80.716 E2090.78326
G1 X114.777 Y80.84 E2090.84481
G1 F2400 E2087.84481
G0 F15000 X114.801 Y80.581
G0 X117.395 Y80.15
G0 X129.727 Y80.152
G0 X132.296 Y80.84
G1 F2400 E2090.84481
G1 F5400 X133.649 Y80.708 E2090.90811
G1 X134.995 Y80.301 E2090.97359
G1 X136.151 Y79.685 E2091.03459
G1 X137.216 Y78.811 E2091.09874
G1 X138.099 Y77.744 E2091.16323
G1 X138.729 Y76.567 E2091.22539
G1 X139.142 Y75.211 E2091.2914
G1 X139.276 Y73.876 E2091.35387
G1 X139.141 Y72.523 E2091.41719
G1 X138.74 Y71.212 E2091.48102
G1 X138.102 Y70.01 E2091.54439
G1 X137.247 Y68.972 E2091.60701
G1 X136.196 Y68.097 E2091.67069
G1 X135.006 Y67.463 E2091.73347
G1 X133.648 Y67.04 E2091.7997
G1 X132.324 Y66.912 E2091.86164
G1 X130.973 Y67.042 E2091.92484
G1 X129.625 Y67.451 E2091.99044
G1 X128.457 Y68.079 E2092.05219
G1 X127.373 Y68.968 E2092.11747
G1 X126.533 Y69.988 E2092.17899
G1 X125.887 Y71.189 E2092.24249
G1 X125.484 Y72.497 E2092.30622
G1 X125.34 Y73.902 E2092.37199
G1 X125.479 Y75.236 E2092.43444
G1 X125.883 Y76.554 E2092.49863
G1 X126.522 Y77.749 E2092.56173
G1 X127.397 Y78.813 E2092.62588
G1 X128.428 Y79.663 E2092.6881
G1 X129.659 Y80.319 E2092.75305
G1 X130.943 Y80.707 E2092.81551
G1 X132.296 Y80.84 E2092.87881
G1 F2400 E2089.87881
G0 F15000 X132.321 Y80.581
G0 X134.78 Y79.841
G0 X135.896 Y79.246
G0 X136.873 Y78.442
G0 X137.676 Y77.465
G0 X138.271 Y76.349
G0 X138.639 Y75.138
G0 X138.763 Y73.881
G0 X138.639 Y72.625
G0 X138.256 Y71.394
G0 X143.856 Y66.426
G0 X144.58 Y66.676
G1 F2400 E2092.87881
G1 F5400 X145.364 Y66.604 E2092.91547
G1 X146.124 Y66.371 E2092.95249
G1 X146.856 Y65.983 E2092.99107
G1 X147.424 Y65.515 E2093.02534
G1 X147.927 Y64.908 E2093.06204
G1 X148.309 Y64.199 E2093.09954
G1 F5142.9 X148.561 Y63.426 E2093.1393
G1 F5130.6 X148.613 Y62.675 E2093.17619
G1 F5142.9 X148.562 Y61.892 E2093.21455
G1 F5167.5 X148.316 Y61.133 E2093.25338
G1 F5400 X147.949 Y60.444 E2093.28973
G1 X147.424 Y59.805 E2093.32824
G1 X146.848 Y59.329 E2093.36303
G1 X146.126 Y58.94 E2093.40122
G1 F5669.3 X145.393 Y58.739 E2093.43493
G1 F6334.3 X144.607 Y58.684 E2093.46621
G1 F6315.8 X143.785 Y58.743 E2093.49902
G1 F5654.5 X143.071 Y58.949 E2093.53206
G1 F5400 X142.357 Y59.328 E2093.5697
G1 X141.769 Y59.809 E2093.60508
G1 X141.251 Y60.442 E2093.64316
G1 X140.889 Y61.135 E2093.67957
G1 X140.652 Y61.893 E2093.71655
G1 X140.584 Y62.674 E2093.75305
G1 X140.662 Y63.416 E2093.78779
G1 X140.888 Y64.178 E2093.8248
G1 X141.242 Y64.869 E2093.86096
G1 X141.749 Y65.492 E2093.89836
G1 X142.353 Y65.985 E2093.93466
G1 X143.054 Y66.367 E2093.97184
G1 X143.805 Y66.596 E2094.0084
G1 X144.58 Y66.676 E2094.04467
G1 F2400 E2091.04467
G0 F15000 X144.605 Y66.418
G0 X142.46 Y65.84
G0 X70.801 Y65.838
G0 X71.18 Y58.927
G1 F2400 E2094.04467
G1 F5400 X71.504 Y58.604 E2094.06598
G0 F15000 X72.07 Y58.604
G1 F5400 X71.18 Y59.493 E2094.12455
G0 F15000 X71.18 Y60.059
G1 F5400 X72.635 Y58.604 E2094.22037
G0 F15000 X73.201 Y58.604
G1 F5400 X71.18 Y60.625 E2094.35345
G0 F15000 X71.189 Y61.182
G1 F5400 X71.793 Y60.577 E2094.39326
G0 F15000 X72.201 Y60.793
G0 X71.812 Y61.739
G0 X71.344 Y61.592
G1 F5400 X71.218 Y61.718 E2094.40156
G1 F2400 E2091.40156
G0 F15000 X70.721 Y61.717
G0 X70.801 Y63.679
G0 X71.664 Y63.418
G0 X71.376 Y63.823
G1 F2400 E2094.40156
G1 F5400 X71.202 Y63.997 E2094.41302
G0 F15000 X71.534 Y64.231
G1 F5400 X71.182 Y64.583 E2094.4362
G0 F15000 X71.723 Y64.608
G1 F5400 X71.181 Y65.149 E2094.47185
G0 F15000 X71.181 Y65.715
G1 F5400 X71.918 Y64.977 E2094.52042
G0 F15000 X72.168 Y65.294
G1 F5400 X71.181 Y66.281 E2094.58542
G0 F15000 X71.181 Y66.846
G1 F5400 X72.422 Y65.605 E2094.66714
G0 F15000 X72.727 Y65.866
G1 F5400 X71.181 Y67.412 E2094.76894
G0 F15000 X71.181 Y67.978
G1 F5400 X73.039 Y66.119 E2094.89133
G0 F15000 X73.4 Y66.324
G1 F5400 X71.181 Y68.543 E2095.03745
G0 F15000 X71.181 Y69.109
G1 F5400 X73.764 Y66.526 E2095.20755
G0 F15000 X74.188 Y66.668
G1 F5400 X71.181 Y69.675 E2095.40557
G0 F15000 X71.181 Y70.24
G1 F5400 X74.622 Y66.8 E2095.63213
G0 F15000 X75.137 Y66.85
G1 F5400 X71.181 Y70.806 E2095.89264
G0 F15000 X71.181 Y71.372
G1 F5400 X75.702 Y66.851 E2096.19035
G0 F15000 X76.356 Y66.762
G1 F5400 X71.181 Y71.938 E2096.53117
G0 F15000 X71.181 Y72.503
G1 F5400 X77.224 Y66.46 E2096.92911
G1 F2400 E2093.92911
G0 F15000 X77.008 Y66.056
G0 X78.848 Y64.219
G0 X79.248 Y64.437
G1 F2400 E2096.92911
G1 F5400 X85.081 Y58.604 E2097.31322
G0 F15000 X85.646 Y58.604
G1 F5400 X71.181 Y73.069 E2098.26577
G0 F15000 X71.181 Y73.635
G1 F5400 X86.212 Y58.604 E2099.25559
G0 F15000 X86.778 Y58.604
G1 F5400 X71.181 Y74.2 E2100.28264
G0 F15000 X71.181 Y74.766
G1 F5400 X87.343 Y58.604 E2101.34694
G0 F15000 X87.909 Y58.604
G1 F5400 X71.181 Y75.332 E2102.4485
G0 F15000 X71.181 Y75.897
G1 F5400 X88.475 Y58.604 E2103.58731
G0 F15000 X89.04 Y58.604
G1 F5400 X71.181 Y76.463 E2104.76336
G0 F15000 X71.181 Y77.029
G1 F5400 X89.606 Y58.604 E2105.97667
G0 F15000 X90.172 Y58.604
G1 F5400 X71.181 Y77.594 E2107.22723
G0 F15000 X71.181 Y78.16
G1 F5400 X90.737 Y58.604 E2108.51503
G0 F15000 X91.303 Y58.604
G1 F5400 X71.181 Y78.726 E2109.8401
G0 F15000 X71.181 Y79.291
G1 F5400 X91.869 Y58.604 E2111.2024
G0 F15000 X92.434 Y58.604
G1 F5400 X71.181 Y79.857 E2112.60195
G0 F15000 X71.181 Y80.423
G1 F5400 X93 Y58.604 E2114.03877
G0 F15000 X93.566 Y58.604
G1 F5400 X71.181 Y80.988 E2115.51283
G0 F15000 X71.181 Y81.554
G1 F5400 X94.131 Y58.604 E2117.02412
G0 F15000 X94.697 Y58.604
G1 F5400 X71.181 Y82.12 E2118.57269
G0 F15000 X71.181 Y82.686
G1 F5400 X95.263 Y58.604 E2120.15853
G0 F15000 X95.829 Y58.604
G1 F5400 X71.181 Y83.251 E2121.78161
G0 F15000 X71.181 Y83.817
G1 F5400 X96.394 Y58.604 E2123.44193
G0 F15000 X96.96 Y58.604
G1 F5400 X71.181 Y84.383 E2125.13952
G0 F15000 X71.181 Y84.948
G1 F5400 X82.833 Y73.297 E2125.90679
G0 F15000 X82.799 Y73.895
G1 F5400 X71.181 Y85.514 E2126.67189
G0 F15000 X71.181 Y86.08
G1 F5400 X82.917 Y74.343 E2127.44476
G0 F15000 X83.108 Y74.718
G1 F5400 X71.181 Y86.645 E2128.23017
G0 F15000 X71.181 Y87.211
G1 F5400 X83.394 Y74.998 E2129.03442
G0 F15000 X83.747 Y75.211
G1 F5400 X71.181 Y87.777 E2129.86191
G0 F15000 X71.181 Y88.342
G1 F5400 X84.171 Y75.352 E2130.71733
G0 F15000 X84.763 Y75.326
G1 F5400 X71.181 Y88.908 E2131.61172
G0 F15000 X71.181 Y89.474
G1 F5400 X85.982 Y74.673 E2132.5864
G0 F15000 X86.257 Y74.963
G1 F5400 X71.181 Y90.039 E2133.57918
G0 F15000 X71.181 Y90.605
G1 F5400 X85.842 Y75.944 E2134.54463
G0 F15000 X85.702 Y76.65
G1 F5400 X71.181 Y91.171 E2135.50086
G0 F15000 X71.181 Y91.736
G1 F5400 X85.802 Y77.116 E2136.46364
G0 F15000 X85.981 Y77.502
G1 F5400 X71.181 Y92.302 E2137.43825
G0 F15000 X71.181 Y92.868
G1 F5400 X86.242 Y77.806 E2138.43008
G0 F15000 X86.572 Y78.042
G1 F5400 X71.181 Y93.434 E2139.44363
G0 F15000 X71.181 Y93.999
G1 F5400 X86.982 Y78.198 E2140.48415
G0 F15000 X87.535 Y78.211
G1 F5400 X71.181 Y94.565 E2141.56109
G0 F15000 X71.181 Y95.131
G1 F5400 X88.49 Y77.821 E2142.70095
G1 X88.515 Y77.797
G1 X91.408 Y74.904 E2142.89146
G1 X91.425 Y74.887
G1 X107.708 Y58.604 E2143.96373
G0 F15000 X108.274 Y58.604
G1 F5400 X71.181 Y95.696 E2146.40633
G0 F15000 X71.181 Y96.262
G1 F5400 X108.839 Y58.604 E2148.88617
G0 F15000 X109.405 Y58.604
G1 F5400 X71.181 Y96.828 E2151.40329
G0 F15000 X71.181 Y97.393
G1 F5400 X109.971 Y58.604 E2153.95764
G0 F15000 X110.536 Y58.604
G1 F5400 X71.181 Y97.959 E2156.54924
G0 F15000 X71.181 Y98.525
G1 F5400 X97.132 Y72.573 E2158.25819
G0 F15000 X96.937 Y73.335
G1 F5400 X71.181 Y99.09 E2159.95423
G0 F15000 X71.181 Y99.656
G1 F5400 X96.893 Y73.944 E2161.64741
G0 F15000 X96.951 Y74.451
G1 F5400 X71.181 Y100.222 E2163.34444
G0 F15000 X71.181 Y100.787
G1 F5400 X97.066 Y74.902 E2165.04902
G0 F15000 X97.21 Y75.324
G1 F5400 X71.181 Y101.353 E2166.76307
G0 F15000 X71.181 Y101.919
G1 F5400 X97.408 Y75.692 E2168.49016
G0 F15000 X97.632 Y76.033
G1 F5400 X71.181 Y102.485 E2170.23204
G0 F15000 X71.181 Y103.05
G1 F5400 X97.889 Y76.342 E2171.99081
G0 F15000 X98.178 Y76.619
G1 F5400 X71.181 Y103.616 E2173.7686
G0 F15000 X71.181 Y104.182
G1 F5400 X98.488 Y76.875 E2175.56682
G0 F15000 X98.856 Y77.072
G1 F5400 X71.181 Y104.747 E2177.38926
G0 F15000 X71.181 Y105.313
G1 F5400 X99.238 Y77.256 E2179.23686
G0 F15000 X99.667 Y77.393
G1 F5400 X71.181 Y105.879 E2181.11272
G0 F15000 X71.181 Y106.444
G1 F5400 X100.148 Y77.477 E2183.02024
G0 F15000 X100.687 Y77.504
G1 F5400 X71.181 Y107.01 E2184.96326
G0 F15000 X71.181 Y107.576
G1 F5400 X101.343 Y77.414 E2186.94948
G0 F15000 X102.245 Y77.077
G1 F5400 X71.181 Y108.141 E2188.9951
G0 F15000 X71.181 Y108.707
G1 F5400 X90.943 Y88.945 E2190.29646
G0 F15000 X90.865 Y89.588
G1 F5400 X71.181 Y109.273 E2191.59272
G0 F15000 X71.181 Y109.838
G1 F5400 X90.865 Y90.154 E2192.88894
G0 F15000 X90.865 Y90.72
G1 F5400 X71.181 Y110.404 E2194.18517
G0 F15000 X71.181 Y110.97
G1 F5400 X90.865 Y91.285 E2195.48143
G0 F15000 X90.865 Y91.851
G1 F5400 X71.181 Y111.535 E2196.77765
G0 F15000 X71.181 Y112.101
G1 F5400 X90.865 Y92.417 E2198.07388
G0 F15000 X90.865 Y92.982
G1 F5400 X71.181 Y112.667 E2199.37013
G0 F15000 X71.18 Y113.233
G1 F5400 X90.865 Y93.548 E2200.66643
G0 F15000 X90.865 Y94.114
G1 F5400 X71.18 Y113.799 E2201.96272
G0 F15000 X71.18 Y114.365
G1 F5400 X90.865 Y94.679 E2203.25904
G0 F15000 X90.865 Y95.245
G1 F5400 X71.18 Y114.93 E2204.55533
G0 F15000 X71.18 Y115.496
G1 F5400 X90.865 Y95.811 E2205.85162
G0 F15000 X90.865 Y96.377
G1 F5400 X71.18 Y116.062 E2207.14791
G0 F15000 X71.18 Y116.627
G1 F5400 X90.865 Y96.942 E2208.4442
G0 F15000 X90.865 Y97.508
G1 F5400 X71.18 Y117.193 E2209.74049
G0 F15000 X71.18 Y117.759
G1 F5400 X90.865 Y98.074 E2211.03679
G0 F15000 X90.865 Y98.639
G1 F5400 X71.18 Y118.324 E2212.33308
G0 F15000 X71.18 Y118.89
G1 F5400 X90.865 Y99.205 E2213.62937
G0 F15000 X90.865 Y99.771
G1 F5400 X71.18 Y119.456 E2214.92566
G0 F15000 X71.18 Y120.021
G1 F5400 X90.865 Y100.336 E2216.22195
G0 F15000 X90.865 Y100.902
G1 F5400 X71.18 Y120.587 E2217.51824
G0 F15000 X71.18 Y121.153
G1 F5400 X90.865 Y101.468 E2218.81453
G0 F15000 X90.865 Y102.033
G1 F5400 X71.18 Y121.719 E2220.11085
G0 F15000 X71.18 Y122.284
G1 F5400 X90.865 Y102.599 E2221.40715
G0 F15000 X90.865 Y103.165
G1 F5400 X71.18 Y122.85 E2222.70344
G0 F15000 X71.18 Y123.416
G1 F5400 X90.865 Y103.73 E2223.99976
G0 F15000 X90.865 Y104.296
G1 F5400 X71.18 Y123.981 E2225.29605
G0 F15000 X71.18 Y124.547
G1 F5400 X90.865 Y104.862 E2226.59234
G0 F15000 X90.865 Y105.427
G1 F5400 X71.18 Y125.113 E2227.88867
G0 F15000 X71.18 Y125.678
G1 F5400 X90.865 Y105.993 E2229.18496
G0 F15000 X90.865 Y106.559
G1 F5400 X71.18 Y126.244 E2230.48125
G0 F15000 X71.18 Y126.81
G1 F5400 X90.865 Y107.125 E2231.77754
G0 F15000 X90.865 Y107.69
G1 F5400 X71.18 Y127.375 E2233.07383
G0 F15000 X71.18 Y127.941
G1 F5400 X90.865 Y108.256 E2234.37012
G0 F15000 X90.865 Y108.822
G1 F5400 X71.18 Y128.507 E2235.66641
G0 F15000 X71.18 Y129.072
G1 F5400 X90.865 Y109.387 E2236.9627
G0 F15000 X90.865 Y109.953
G1 F5400 X71.18 Y129.638 E2238.25899
G0 F15000 X71.18 Y130.204
G1 F5400 X90.865 Y110.519 E2239.55528
G0 F15000 X90.865 Y111.084
G1 F5400 X71.18 Y130.769 E2240.85157
G0 F15000 X71.18 Y131.335
G1 F5400 X90.865 Y111.65 E2242.14787
G0 F15000 X90.865 Y112.216
G1 F5400 X71.18 Y131.901 E2243.44416
G0 F15000 X71.18 Y132.467
G1 F5400 X90.865 Y112.781 E2244.74048
G0 F15000 X90.865 Y113.347
G1 F5400 X71.18 Y133.032 E2246.03677
G0 F15000 X71.18 Y133.598
G1 F5400 X90.865 Y113.913 E2247.33306
G0 F15000 X90.865 Y114.478
G1 F5400 X71.18 Y134.164 E2248.62939
G0 F15000 X71.18 Y134.729
G1 F5400 X90.865 Y115.044 E2249.92568
G0 F15000 X90.865 Y115.61
G1 F5400 X71.18 Y135.295 E2251.22197
G0 F15000 X71.18 Y135.861
G1 F5400 X90.865 Y116.176 E2252.51826
G0 F15000 X90.865 Y116.741
G1 F5400 X71.18 Y136.426 E2253.81455
G0 F15000 X71.18 Y136.992
G1 F5400 X90.865 Y117.307 E2255.11084
G0 F15000 X90.865 Y117.873
G1 F5400 X71.18 Y137.558 E2256.40713
G0 F15000 X71.18 Y138.123
G1 F5400 X90.865 Y118.438 E2257.70342
G0 F15000 X90.865 Y119.004
G1 F5400 X71.18 Y138.689 E2258.99971
G0 F15000 X71.18 Y139.255
G1 F5400 X90.865 Y119.57 E2260.296
G0 F15000 X90.865 Y120.135
G1 F5400 X71.18 Y139.82 E2261.59229
G0 F15000 X71.18 Y140.386
G1 F5400 X90.865 Y120.701 E2262.88858
G0 F15000 X90.865 Y121.267
G1 F5400 X71.18 Y140.952 E2264.18488
G0 F15000 X71.18 Y141.518
G1 F5400 X90.865 Y121.832 E2265.4812
G0 F15000 X90.865 Y122.398
G1 F5400 X71.18 Y142.083 E2266.77749
G0 F15000 X71.18 Y142.649
G1 F5400 X90.865 Y122.964 E2268.07378
G0 F15000 X90.865 Y123.529
G1 F5400 X71.18 Y143.215 E2269.37011
G0 F15000 X71.18 Y143.78
G1 F5400 X90.865 Y124.095 E2270.6664
G0 F15000 X90.993 Y124.533
G1 F5400 X71.18 Y144.346 E2271.97112
G0 F15000 X71.18 Y144.912
G1 F5400 X91.228 Y124.864 E2273.29131
G0 F15000 X91.575 Y125.082
G1 F5400 X71.18 Y145.477 E2274.63436
G0 F15000 X71.18 Y146.043
G1 F5400 X92.041 Y125.183 E2276.00806
G0 F15000 X92.606 Y125.183
G1 F5400 X71.18 Y146.609 E2277.41899
G0 F15000 X71.18 Y147.174
G1 F5400 X93.172 Y125.183 E2278.86717
G0 F15000 X93.738 Y125.183
G1 F5400 X71.18 Y147.74 E2280.35262
G0 F15000 X71.18 Y148.306
G1 F5400 X94.303 Y125.183 E2281.87531
G0 F15000 X94.869 Y125.183
G1 F5400 X71.18 Y148.871 E2283.43524
G0 F15000 X71.18 Y149.437
G1 F5400 X95.435 Y125.183 E2285.03244
G0 F15000 X96 Y125.183
G1 F5400 X71.18 Y150.003 E2286.66688
G0 F15000 X71.18 Y150.568
G1 F5400 X96.566 Y125.183 E2288.33856
G0 F15000 X97.132 Y125.183
G1 F5400 X71.18 Y151.134 E2290.04751
G0 F15000 X71.18 Y151.7
G1 F5400 X97.697 Y125.183 E2291.7937
G0 F15000 X98.263 Y125.183
G1 F5400 X71.18 Y152.266 E2293.57716
G0 F15000 X71.18 Y152.831
G1 F5400 X98.829 Y125.183 E2295.39786
G0 F15000 X99.394 Y125.183
G1 F5400 X71.18 Y153.397 E2297.2558
G0 F15000 X71.18 Y153.963
G1 F5400 X99.96 Y125.183 E2299.15101
G0 F15000 X100.526 Y125.183
G1 F5400 X71.18 Y154.528 E2301.08346
G0 F15000 X71.18 Y155.094
G1 F5400 X101.092 Y125.183 E2303.05319
G0 F15000 X101.657 Y125.183
G1 F5400 X71.18 Y155.66 E2305.06015
G0 F15000 X71.18 Y156.225
G1 F5400 X102.223 Y125.183 E2307.10435
G0 F15000 X102.789 Y125.183
G1 F5400 X71.18 Y156.791 E2309.18583
G0 F15000 X71.18 Y157.357
G1 F5400 X103.354 Y125.183 E2311.30454
G0 F15000 X103.92 Y125.183
G1 F5400 X71.18 Y157.922 E2313.46049
G0 F15000 X71.18 Y158.488
G1 F5400 X104.486 Y125.183 E2315.65371
G0 F15000 X105.051 Y125.183
G1 F5400 X71.18 Y159.054 E2317.88418
G0 F15000 X71.18 Y159.619
G1 F5400 X105.617 Y125.183 E2320.15188
G0 F15000 X106.183 Y125.183
G1 F5400 X71.18 Y160.185 E2322.45685
G0 F15000 X71.18 Y160.751
G1 F5400 X106.748 Y125.183 E2324.79907
G0 F15000 X107.314 Y125.183
G1 F5400 X71.18 Y161.317 E2327.17855
G0 F15000 X71.67 Y161.392
G1 F5400 X107.88 Y125.183 E2329.56301
G0 F15000 X108.445 Y125.183
G1 F5400 X72.236 Y161.392 E2331.94744
G0 F15000 X72.802 Y161.392
G1 F5400 X109.011 Y125.183 E2334.33186
G0 F15000 X109.577 Y125.183
G1 F5400 X73.367 Y161.392 E2336.71632
G0 F15000 X73.933 Y161.392
G1 F5400 X110.142 Y125.183 E2339.10074
G0 F15000 X110.707 Y125.183
G1 F5400 X74.499 Y161.392 E2341.48513
G0 F15000 X75.064 Y161.392
G1 F5400 X111.273 Y125.183 E2343.86956
G0 F15000 X111.839 Y125.183
G1 F5400 X75.63 Y161.392 E2346.25398
G0 F15000 X76.196 Y161.392
G1 F5400 X112.405 Y125.183 E2348.63841
G0 F15000 X112.97 Y125.183
G1 F5400 X76.761 Y161.392 E2351.02283
G0 F15000 X77.327 Y161.392
G1 F5400 X113.536 Y125.183 E2353.40726
G0 F15000 X114.102 Y125.183
G1 F5400 X77.893 Y161.392 E2355.79168
G0 F15000 X78.458 Y161.392
G1 F5400 X114.667 Y125.183 E2358.1761
G0 F15000 X115.233 Y125.183
G1 F5400 X79.024 Y161.392 E2360.56053
G0 F15000 X79.59 Y161.392
G1 F5400 X115.799 Y125.183 E2362.94495
G0 F15000 X116.364 Y125.183
G1 F5400 X80.156 Y161.392 E2365.32935
G0 F15000 X80.721 Y161.392
G1 F5400 X116.93 Y125.183 E2367.71377
G0 F15000 X117.496 Y125.183
G1 F5400 X81.287 Y161.392 E2370.09819
G0 F15000 X81.853 Y161.392
G1 F5400 X118.061 Y125.183 E2372.48259
G0 F15000 X118.627 Y125.183
G1 F5400 X82.418 Y161.392 E2374.86701
G0 F15000 X82.984 Y161.392
G1 F5400 X119.193 Y125.183 E2377.25143
G0 F15000 X119.758 Y125.183
G1 F5400 X83.55 Y161.392 E2379.63583
G0 F15000 X84.115 Y161.392
G1 F5400 X120.324 Y125.183 E2382.02025
G0 F15000 X120.89 Y125.183
G1 F5400 X84.681 Y161.392 E2384.40468
G0 F15000 X85.247 Y161.392
G1 F5400 X121.455 Y125.183 E2386.78907
G0 F15000 X122.021 Y125.183
G1 F5400 X85.812 Y161.392 E2389.17349
G0 F15000 X86.378 Y161.392
G1 F5400 X122.587 Y125.183 E2391.55792
G0 F15000 X123.153 Y125.183
G1 F5400 X86.944 Y161.392 E2393.94234
G0 F15000 X87.509 Y161.392
G1 F5400 X123.718 Y125.183 E2396.32676
G0 F15000 X124.284 Y125.183
G1 F5400 X88.075 Y161.392 E2398.71119
G0 F15000 X88.641 Y161.392
G1 F5400 X124.85 Y125.183 E2401.09561
G0 F15000 X125.415 Y125.183
G1 F5400 X89.206 Y161.392 E2403.48004
G0 F15000 X89.772 Y161.392
G1 F5400 X125.981 Y125.183 E2405.86446
G0 F15000 X126.547 Y125.183
G1 F5400 X90.338 Y161.392 E2408.24889
G0 F15000 X90.904 Y161.392
G1 F5400 X127.112 Y125.183 E2410.63328
G0 F15000 X127.678 Y125.183
G1 F5400 X91.469 Y161.392 E2413.0177
G0 F15000 X92.035 Y161.392
G1 F5400 X148.816 Y104.611 E2416.75683
G0 F15000 X148.816 Y104.046
G1 F5400 X128.904 Y123.957 E2418.06804
G0 F15000 X128.904 Y123.392
G1 F5400 X148.816 Y103.48 E2419.37927
G0 F15000 X148.816 Y102.914
G1 F5400 X128.904 Y122.826 E2420.69051
G0 F15000 X128.904 Y122.26
G1 F5400 X148.816 Y102.349 E2422.00172
G0 F15000 X148.816 Y101.783
G1 F5400 X128.904 Y121.694 E2423.31293
G0 F15000 X128.904 Y121.129
G1 F5400 X148.816 Y101.217 E2424.62417
G0 F15000 X148.816 Y100.652
G1 F5400 X128.904 Y120.563 E2425.93537
G0 F15000 X128.904 Y119.997
G1 F5400 X148.816 Y100.086 E2427.24658
G0 F15000 X148.816 Y99.52
G1 F5400 X128.904 Y119.432 E2428.55782
G0 F15000 X128.904 Y118.866
G1 F5400 X148.816 Y98.955 E2429.86902
G0 F15000 X148.816 Y98.389
G1 F5400 X128.904 Y118.3 E2431.18023
G0 F15000 X128.904 Y117.735
G1 F5400 X148.816 Y97.823 E2432.49147
G0 F15000 X148.816 Y97.258
G1 F5400 X128.904 Y117.169 E2433.80268
G0 F15000 X128.904 Y116.603
G1 F5400 X148.816 Y96.692 E2435.11388
G0 F15000 X148.816 Y96.126
G1 F5400 X128.904 Y116.038 E2436.42512
G0 F15000 X128.904 Y115.472
G1 F5400 X148.816 Y95.561 E2437.73633
G0 F15000 X148.816 Y94.995
G1 F5400 X128.903 Y114.907 E2439.0476
G0 F15000 X128.903 Y114.341
G1 F5400 X148.816 Y94.429 E2440.35887
G0 F15000 X148.816 Y93.863
G1 F5400 X128.903 Y113.776 E2441.67018
G0 F15000 X128.903 Y113.21
G1 F5400 X148.816 Y93.298 E2442.98145
G0 F15000 X148.816 Y92.732
G1 F5400 X128.903 Y112.644 E2444.29272
G0 F15000 X128.903 Y112.079
G1 F5400 X148.816 Y92.166 E2445.60403
G0 F15000 X148.816 Y91.601
G1 F5400 X128.903 Y111.513 E2446.9153
G0 F15000 X128.903 Y110.947
G1 F5400 X148.816 Y91.035 E2448.22657
G0 F15000 X148.816 Y90.469
G1 F5400 X128.903 Y110.381 E2449.53784
G0 F15000 X128.903 Y109.816
G1 F5400 X148.816 Y89.904 E2450.84911
G0 F15000 X148.816 Y89.338
G1 F5400 X128.903 Y109.25 E2452.16039
G0 F15000 X128.903 Y108.684
G1 F5400 X148.816 Y88.772 E2453.47166
G0 F15000 X148.816 Y88.207
G1 F5400 X128.903 Y108.119 E2454.78293
G0 F15000 X128.903 Y107.553
G1 F5400 X148.816 Y87.641 E2456.0942
G0 F15000 X148.816 Y87.075
G1 F5400 X128.903 Y106.987 E2457.40547
G0 F15000 X128.903 Y106.422
G1 F5400 X148.816 Y86.51 E2458.71675
G0 F15000 X148.816 Y85.944
G1 F5400 X128.903 Y105.857 E2460.02805
G0 F15000 X128.903 Y105.291
G1 F5400 X148.816 Y85.378 E2461.33936
G0 F15000 X148.816 Y84.813
G1 F5400 X128.903 Y104.725 E2462.65063
G0 F15000 X128.903 Y104.16
G1 F5400 X148.816 Y84.247 E2463.96193
G0 F15000 X148.816 Y83.681
G1 F5400 X128.903 Y103.594 E2465.27324
G0 F15000 X128.903 Y103.028
G1 F5400 X148.816 Y83.115 E2466.58454
G0 F15000 X148.816 Y82.55
G1 F5400 X128.903 Y102.463 E2467.89585
G0 F15000 X128.903 Y101.897
G1 F5400 X148.816 Y81.984 E2469.20715
G0 F15000 X148.816 Y81.418
G1 F5400 X128.903 Y101.331 E2470.51846
G0 F15000 X128.903 Y100.766
G1 F5400 X148.816 Y80.853 E2471.82976
G0 F15000 X148.816 Y80.287
G1 F5400 X128.903 Y100.2 E2473.14107
G0 F15000 X128.903 Y99.634
G1 F5400 X148.816 Y79.721 E2474.45237
G0 F15000 X148.816 Y79.156
G1 F5400 X128.903 Y99.068 E2475.76365
G0 F15000 X128.903 Y98.503
G1 F5400 X148.816 Y78.59 E2477.07495
G0 F15000 X148.816 Y78.024
G1 F5400 X128.902 Y97.938 E2478.38632
G0 F15000 X128.902 Y97.372
G1 F5400 X148.816 Y77.459 E2479.69766
G0 F15000 X148.816 Y76.893
G1 F5400 X128.902 Y96.806 E2481.009
G0 F15000 X128.902 Y96.241
G1 F5400 X148.816 Y76.327 E2482.32037
G0 F15000 X148.816 Y75.762
G1 F5400 X128.902 Y95.675 E2483.63171
G0 F15000 X128.902 Y95.109
G1 F5400 X148.816 Y75.196 E2484.94305
G0 F15000 X148.816 Y74.63
G1 F5400 X128.902 Y94.544 E2486.25442
G0 F15000 X128.902 Y93.978
G1 F5400 X148.816 Y74.064 E2487.56579
G0 F15000 X148.816 Y73.499
G1 F5400 X128.902 Y93.412 E2488.87713
G0 F15000 X128.902 Y92.847
G1 F5400 X148.816 Y72.933 E2490.1885
G0 F15000 X148.816 Y72.367
G1 F5400 X128.902 Y92.281 E2491.49987
G0 F15000 X128.902 Y91.715
G1 F5400 X148.816 Y71.802 E2492.81121
G0 F15000 X148.816 Y71.236
G1 F5400 X128.902 Y91.15 E2494.12258
G0 F15000 X128.902 Y90.584
G1 F5400 X148.816 Y70.67 E2495.43395
G0 F15000 X148.816 Y70.105
G1 F5400 X128.902 Y90.018 E2496.74529
G0 F15000 X128.902 Y89.453
G1 F5400 X148.816 Y69.539 E2498.05666
G0 F15000 X148.816 Y68.973
G1 F5400 X128.836 Y88.953 E2499.37237
G0 F15000 X128.625 Y88.598
G1 F5400 X148.816 Y68.408 E2500.70195
G0 F15000 X148.816 Y67.842
G1 F5400 X128.313 Y88.345 E2502.05211
G0 F15000 X127.89 Y88.202
G1 F5400 X136.218 Y79.874 E2502.60052
G0 F15000 X136.006 Y79.472
G0 X134.877 Y80.072
G0 X135.02 Y80.506
G1 F5400 X127.334 Y88.192 E2503.10666
G0 F15000 X126.769 Y88.192
G1 F5400 X134.21 Y80.751 E2503.59666
G0 F15000 X133.473 Y80.922
G1 F5400 X126.203 Y88.192 E2504.0754
G0 F15000 X125.637 Y88.192
G1 F5400 X132.841 Y80.988 E2504.5498
G0 F15000 X132.234 Y81.029
G1 F5400 X125.072 Y88.192 E2505.02146
G0 F15000 X124.506 Y88.192
G1 F5400 X131.718 Y80.98 E2505.49638
G0 F15000 X131.202 Y80.93
G1 F5400 X123.94 Y88.192 E2505.9746
G0 F15000 X123.375 Y88.192
G1 F5400 X130.719 Y80.847 E2506.45825
G0 F15000 X130.286 Y80.715
G1 F5400 X122.809 Y88.192 E2506.95062
G0 F15000 X122.243 Y88.192
G1 F5400 X129.852 Y80.583 E2507.45169
G0 F15000 X129.439 Y80.43
G1 F5400 X121.678 Y88.192 E2507.96279
G0 F15000 X121.112 Y88.192
G1 F5400 X129.07 Y80.234 E2508.48684
G0 F15000 X128.7 Y80.038
G1 F5400 X120.546 Y88.192 E2509.0238
G0 F15000 X119.98 Y88.192
G1 F5400 X128.331 Y79.842 E2509.57369
G0 F15000 X128.02 Y79.586
G1 F5400 X119.415 Y88.192 E2510.14038
G0 F15000 X118.849 Y88.192
G1 F5400 X127.71 Y79.331 E2510.72389
G0 F15000 X127.4 Y79.075
G1 F5400 X118.283 Y88.192 E2511.32426
G0 F15000 X117.718 Y88.192
G1 F5400 X127.118 Y78.791 E2511.9433
G0 F15000 X126.863 Y78.48
G1 F5400 X117.152 Y88.192 E2512.58282
G0 F15000 X116.586 Y88.192
G1 F5400 X126.608 Y78.17 E2513.24278
G0 F15000 X126.354 Y77.859
G1 F5400 X116.021 Y88.192 E2513.92323
G0 F15000 X115.456 Y88.191
G1 F5400 X126.157 Y77.49 E2514.62791
G0 F15000 X125.96 Y77.121
G1 F5400 X114.89 Y88.191 E2515.35689
G0 F15000 X114.324 Y88.191
G1 F5400 X125.763 Y76.752 E2516.11016
G0 F15000 X125.609 Y76.341
G1 F5400 X113.759 Y88.191 E2516.89051
G0 F15000 X113.193 Y88.191
G1 F5400 X125.477 Y75.907 E2517.69943
G0 F15000 X125.344 Y75.474
G1 F5400 X112.627 Y88.191 E2518.53687
G0 F15000 X112.062 Y88.191
G1 F5400 X125.253 Y74.999 E2519.40555
G0 F15000 X125.2 Y74.487
G1 F5400 X111.496 Y88.191 E2520.30798
G0 F15000 X110.93 Y88.191
G1 F5400 X125.146 Y73.975 E2521.24413
G0 F15000 X125.191 Y73.364
G1 F5400 X120.826 Y77.729 E2521.53157
G0 F15000 X120.422 Y77.512
G0 X121.002 Y76.415
G0 X121.441 Y76.549
G1 F5400 X125.257 Y72.733 E2521.78286
G0 F15000 X125.429 Y71.995
G1 F5400 X121.687 Y75.737 E2522.02928
G0 F15000 X121.857 Y75.001
G1 F5400 X125.676 Y71.183 E2522.28073
G0 F15000 X126.118 Y71.318
G0 X126.708 Y70.214
G0 X126.298 Y69.994
G1 F5400 X121.919 Y74.373 E2522.5691
G0 F15000 X121.956 Y73.771
G1 F5400 X137.124 Y58.604 E2523.5679
G0 F15000 X137.689 Y58.604
G1 F5400 X128.422 Y67.871 E2524.17815
G0 F15000 X128.642 Y68.279
G0 X129.743 Y67.684
G0 X129.618 Y67.241
G1 F5400 X138.255 Y58.604 E2524.74691
G0 F15000 X138.821 Y58.604
G1 F5400 X130.428 Y66.996 E2525.29957
G0 F15000 X131.168 Y66.822
G1 F5400 X139.386 Y58.604 E2525.84074
G0 F15000 X139.952 Y58.604
G1 F5400 X131.796 Y66.759 E2526.3778
G0 F15000 X132.402 Y66.719
G1 F5400 X140.518 Y58.604 E2526.91222
G0 F15000 X141.083 Y58.604
G1 F5400 X132.918 Y66.769 E2527.44989
G0 F15000 X133.433 Y66.819
G1 F5400 X141.649 Y58.604 E2527.9909
G0 F15000 X142.215 Y58.604
G1 F5400 X133.908 Y66.91 E2528.5379
G0 F15000 X134.34 Y67.044
G1 F5400 X141.194 Y60.19 E2528.98924
G0 F15000 X141.551 Y60.483
G0 X141.055 Y61.473
G0 X140.615 Y61.335
G1 F5400 X134.77 Y67.179 E2529.37411
G0 F15000 X135.184 Y67.331
G1 F5400 X140.436 Y62.08 E2529.71993
G0 F15000 X140.385 Y62.696
G1 F5400 X135.554 Y67.527 E2530.03806
G0 F15000 X135.923 Y67.724
G1 F5400 X140.438 Y63.208 E2530.33542
G0 F15000 X140.533 Y63.68
G1 F5400 X136.291 Y67.921 E2530.61473
G0 F15000 X136.602 Y68.176
G1 F5400 X140.661 Y64.117 E2530.88202
G0 F15000 X140.831 Y64.513
G1 F5400 X136.911 Y68.432 E2531.14013
G0 F15000 X137.221 Y68.688
G1 F5400 X141.025 Y64.885 E2531.39059
G0 F15000 X141.262 Y65.213
G1 F5400 X137.505 Y68.97 E2531.638
G0 F15000 X137.761 Y69.28
G1 F5400 X141.52 Y65.521 E2531.88553
G0 F15000 X141.807 Y65.8
G1 F5400 X138.016 Y69.591 E2532.13518
G0 F15000 X138.27 Y69.902
G1 F5400 X142.12 Y66.052 E2532.38871
G0 F15000 X142.466 Y66.272
G1 F5400 X138.466 Y70.272 E2532.65211
G0 F15000 X138.662 Y70.641
G1 F5400 X142.832 Y66.472 E2532.92668
G0 F15000 X143.239 Y66.631
G1 F5400 X138.859 Y71.01 E2533.21508
G0 F15000 X139.013 Y71.422
G1 F5400 X143.671 Y66.764 E2533.52182
G0 F15000 X144.165 Y66.836
G1 F5400 X139.145 Y71.855 E2533.85236
G0 F15000 X139.278 Y72.288
G1 F5400 X144.697 Y66.869 E2534.20921
G0 F15000 X145.324 Y66.808
G1 F5400 X139.367 Y72.766 E2534.60152
G0 F15000 X139.417 Y73.28
G1 F5400 X146.123 Y66.575 E2535.04309
G1 F2400 E2532.04309
G0 F15000 X145.989 Y66.142
G0 X146.737 Y65.849
G0 X149.176 Y65.849
G0 X148.816 Y66.711
G1 F2400 E2535.04309
G1 F5400 X138.934 Y76.592 E2535.6938
G0 F15000 X139.178 Y75.782
G1 F5400 X148.816 Y66.145 E2536.32845
G0 F15000 X148.816 Y65.579
G1 F5400 X139.361 Y75.034 E2536.95108
G0 F15000 X139.424 Y74.405
G1 F5400 X148.816 Y65.014 E2537.56952
G0 F15000 X148.816 Y64.448
G1 F5400 X139.468 Y73.795 E2538.18507
G1 F2400 E2535.18507
G0 F15000 X139.012 Y73.839
G0 X137.897 Y77.576
G0 X138.3 Y77.792
G1 F2400 E2538.18507
G1 F5400 X148.816 Y67.276 E2538.87757
G1 F2400 E2535.87757
G0 F15000 X149.276 Y67.276
G0 X149.176 Y64.038
G0 X148.253 Y63.762
G0 X148.529 Y64.169
G1 F2400 E2538.87757
G1 F5400 X148.798 Y63.9 E2538.89528
G1 F2400 E2535.89528
G0 F15000 X149.276 Y63.9
G0 X149.176 Y61.85
G0 X148.366 Y61.913
G0 X148.724 Y61.711
G1 F2400 E2538.89528
G1 F5400 X148.794 Y61.641 E2538.89989
G0 F15000 X148.578 Y61.291
G1 F5400 X148.815 Y61.054 E2538.9155
G0 F15000 X148.415 Y60.888
G1 F5400 X148.816 Y60.487 E2538.94191
G0 F15000 X148.816 Y59.922
G1 F5400 X148.218 Y60.52 E2538.98129
G0 F15000 X147.995 Y60.178
G1 F5400 X148.816 Y59.356 E2539.03538
G0 F15000 X148.816 Y58.79
G1 F5400 X147.739 Y59.867 E2539.10631
G0 F15000 X147.462 Y59.579
G1 F5400 X148.437 Y58.604 E2539.17051
G0 F15000 X147.872 Y58.604
G1 F5400 X147.152 Y59.323 E2539.21789
G0 F15000 X146.824 Y59.086
G1 F5400 X147.306 Y58.604 E2539.24963
G0 F15000 X146.74 Y58.604
G1 F5400 X146.457 Y58.887 E2539.26827
G0 F15000 X146.176 Y58.602
G1 F5400 X146.061 Y58.717 E2539.27584
G1 F2400 E2536.27584
G0 F15000 X145.928 Y59.154
G0 X144.602 Y59.158
G0 X143.886 Y59.267
G0 X143.926 Y58.244
G0 X143.365 Y58.585
G1 F2400 E2539.27584
G1 F5400 X143.256 Y58.693 E2539.28299
G0 F15000 X142.78 Y58.604
G1 F5400 X142.122 Y59.262 E2539.32632
G1 F2400 E2536.32632
G0 F15000 X142.413 Y59.62
G0 X141.411 Y60.527
G0 X141.411 Y58.244
G0 X136.558 Y58.604
G1 F2400 E2539.32632
G1 F5400 X121.903 Y73.258 E2540.29134
G0 F15000 X121.85 Y72.746
G1 F5400 X135.992 Y58.604 E2541.22262
G0 F15000 X135.427 Y58.604
G1 F5400 X121.76 Y72.271 E2542.12261
G0 F15000 X121.627 Y71.838
G1 F5400 X134.861 Y58.604 E2542.99409
G0 F15000 X134.295 Y58.604
G1 F5400 X121.494 Y71.405 E2543.83706
G0 F15000 X121.338 Y70.995
G1 F5400 X133.729 Y58.604 E2544.65303
G0 F15000 X133.164 Y58.604
G1 F5400 X121.142 Y70.626 E2545.4447
G0 F15000 X120.945 Y70.257
G1 F5400 X132.598 Y58.604 E2546.21207
G0 F15000 X132.032 Y58.604
G1 F5400 X120.747 Y69.889 E2546.9552
G0 F15000 X120.491 Y69.579
G1 F5400 X131.467 Y58.604 E2547.67796
G0 F15000 X130.901 Y58.604
G1 F5400 X120.234 Y69.27 E2548.38037
G0 F15000 X119.978 Y68.961
G1 F5400 X130.335 Y58.604 E2549.06239
G0 F15000 X129.77 Y58.604
G1 F5400 X119.693 Y68.681 E2549.72598
G0 F15000 X119.384 Y68.424
G1 F5400 X129.204 Y58.604 E2550.37264
G0 F15000 X128.638 Y58.604
G1 F5400 X119.074 Y68.168 E2551.00245
G0 F15000 X118.762 Y67.914
G1 F5400 X128.073 Y58.604 E2551.61556
G0 F15000 X127.507 Y58.604
G1 F5400 X118.394 Y67.716 E2552.21564
G0 F15000 X118.026 Y67.519
G1 F5400 X126.941 Y58.604 E2552.8027
G0 F15000 X126.376 Y58.604
G1 F5400 X117.658 Y67.321 E2553.37677
G0 F15000 X117.246 Y67.167
G1 F5400 X125.81 Y58.604 E2553.94069
G0 F15000 X125.244 Y58.604
G1 F5400 X116.812 Y67.036 E2554.49595
G0 F15000 X116.378 Y66.904
G1 F5400 X124.678 Y58.604 E2555.04252
G0 F15000 X124.113 Y58.604
G1 F5400 X115.899 Y66.817 E2555.58339
G0 F15000 X115.384 Y66.767
G1 F5400 X123.547 Y58.604 E2556.12094
G0 F15000 X122.981 Y58.604
G1 F5400 X114.868 Y66.717 E2556.65519
G0 F15000 X114.257 Y66.762
G1 F5400 X122.416 Y58.604 E2557.19244
G0 F15000 X121.85 Y58.604
G1 F5400 X113.629 Y66.824 E2557.73378
G0 F15000 X112.881 Y67.007
G1 F5400 X121.284 Y58.604 E2558.28713
G0 F15000 X120.719 Y58.604
G1 F5400 X112.071 Y67.252 E2558.85662
G0 F15000 X112.231 Y67.684
G0 X111.078 Y68.307
G0 X110.858 Y67.899
G1 F5400 X120.153 Y58.604 E2559.46871
G0 F15000 X119.587 Y58.604
G1 F5400 X104.21 Y73.981 E2560.48131
G0 F15000 X104.182 Y73.443
G1 F5400 X119.022 Y58.604 E2561.45852
G0 F15000 X118.456 Y58.604
G1 F5400 X104.098 Y72.961 E2562.40398
G0 F15000 X103.962 Y72.531
G1 F5400 X117.89 Y58.604 E2563.32113
G0 F15000 X117.325 Y58.604
G1 F5400 X103.775 Y72.153 E2564.21339
G0 F15000 X103.576 Y71.787
G1 F5400 X116.759 Y58.604 E2565.08151
G0 F15000 X116.193 Y58.604
G1 F5400 X103.322 Y71.475 E2565.92909
G0 F15000 X103.049 Y71.182
G1 F5400 X115.628 Y58.604 E2566.7574
G0 F15000 X115.062 Y58.604
G1 F5400 X102.739 Y70.926 E2567.56886
G0 F15000 X102.4 Y70.7
G1 F5400 X114.496 Y58.604 E2568.3654
G0 F15000 X113.93 Y58.604
G1 F5400 X102.028 Y70.506 E2569.14917
G0 F15000 X101.608 Y70.361
G1 F5400 X113.365 Y58.604 E2569.92339
G0 F15000 X112.799 Y58.604
G1 F5400 X101.152 Y70.25 E2570.69033
G0 F15000 X100.645 Y70.192
G1 F5400 X112.233 Y58.604 E2571.45342
G0 F15000 X111.668 Y58.604
G1 F5400 X100.034 Y70.237 E2572.21951
G0 F15000 X99.28 Y70.426
G1 F5400 X111.102 Y58.604 E2572.99801
G1 F2400 E2569.99801
G0 F15000 X111.102 Y58.144
G0 X107.142 Y58.144
G0 X107.142 Y58.604
G1 F2400 E2572.99801
G1 F5400 X91.891 Y73.854 E2574.00228
G0 F15000 X91.845 Y73.335
G1 F5400 X106.577 Y58.604 E2574.97237
G0 F15000 X106.011 Y58.604
G1 F5400 X91.691 Y72.923 E2575.91534
G0 F15000 X91.449 Y72.599
G1 F5400 X105.445 Y58.604 E2576.83696
G0 F15000 X104.879 Y58.604
G1 F5400 X91.138 Y72.346 E2577.74186
G0 F15000 X90.765 Y72.152
G1 F5400 X104.314 Y58.604 E2578.63406
G0 F15000 X103.748 Y58.604
G1 F5400 X90.283 Y72.069 E2579.52075
G0 F15000 X89.578 Y72.208
G1 F5400 X103.182 Y58.604 E2580.4166
G0 F15000 X102.617 Y58.604
G1 F5400 X88.608 Y72.612 E2581.33908
G0 F15000 X88.32 Y72.334
G1 F5400 X102.051 Y58.604 E2582.24326
G0 F15000 X101.485 Y58.604
G1 F5400 X89.013 Y71.076 E2583.06456
G0 F15000 X88.995 Y70.528
G1 F5400 X100.92 Y58.604 E2583.84981
G0 F15000 X100.354 Y58.604
G1 F5400 X88.855 Y70.103 E2584.60704
G0 F15000 X88.64 Y69.752
G1 F5400 X99.788 Y58.604 E2585.34115
G0 F15000 X99.223 Y58.604
G1 F5400 X88.358 Y69.468 E2586.0566
G0 F15000 X87.992 Y69.268
G1 F5400 X98.657 Y58.604 E2586.75887
G0 F15000 X98.091 Y58.604
G1 F5400 X87.549 Y69.146 E2587.45308
G0 F15000 X86.929 Y69.2
G1 F5400 X97.526 Y58.604 E2588.15088
G1 F2400 E2585.15088
G0 F15000 X97.526 Y58.144
G0 X84.515 Y58.144
G0 X84.515 Y58.604
G1 F2400 E2588.15088
G1 F5400 X79.55 Y63.569 E2588.47783
G0 F15000 X79.632 Y62.92
G1 F5400 X83.949 Y58.604 E2588.76208
G0 F15000 X83.383 Y58.604
G1 F5400 X79.629 Y62.358 E2589.00929
G0 F15000 X79.579 Y61.842
G1 F5400 X82.818 Y58.604 E2589.22255
G0 F15000 X82.252 Y58.604
G1 F5400 X79.448 Y61.407 E2589.40717
G0 F15000 X79.307 Y60.983
G1 F5400 X81.686 Y58.604 E2589.56383
G0 F15000 X81.121 Y58.604
G1 F5400 X79.109 Y60.615 E2589.69629
G0 F15000 X78.9 Y60.258
G1 F5400 X80.555 Y58.604 E2589.80524
G0 F15000 X79.989 Y58.604
G1 F5400 X78.647 Y59.946 E2589.89361
G0 F15000 X78.384 Y59.643
G1 F5400 X79.424 Y58.604 E2589.96207
G0 F15000 X78.858 Y58.604
G1 F5400 X78.073 Y59.388 E2590.01373
G0 F15000 X77.753 Y59.143
G1 F5400 X78.292 Y58.604 E2590.04922
G0 F15000 X77.727 Y58.604
G1 F5400 X77.389 Y58.942 E2590.07148
G0 F15000 X77.161 Y58.604
G1 F5400 X77.017 Y58.748 E2590.08096
G1 F2400 E2587.08096
G0 F15000 X76.882 Y59.189
G0 X75.438 Y58.824
G0 X75.438 Y58.244
G0 X74.358 Y58.578
G1 F2400 E2590.08096
G1 F5400 X74.293 Y58.643 E2590.08524
G0 F15000 X73.767 Y58.604
G1 F5400 X73.364 Y59.007 E2590.11178
G1 F2400 E2587.11178
G0 F15000 X73.583 Y59.415
G0 X75.443 Y59.158
G0 X76.125 Y59.225
G0 X76.786 Y59.426
G0 X77.389 Y59.749
G0 X77.919 Y60.182
G0 X78.356 Y60.715
G0 X78.678 Y61.32
G0 X78.879 Y61.98
G0 X78.946 Y62.66
G0 X78.629 Y64.787
G0 X86.238 Y70.159
G0 X85.78 Y70.349
G1 F2400 E2590.11178
G1 F5400 X84.033 Y72.096 E2590.22682
G0 F15000 X84.624 Y72.07
G1 F5400 X85.712 Y70.983 E2590.29844
G0 F15000 X85.835 Y71.426
G1 F5400 X85.064 Y72.197 E2590.34921
G0 F15000 X85.435 Y72.391
G1 F5400 X86.034 Y71.792 E2590.38865
G0 F15000 X86.309 Y72.083
G1 F5400 X85.717 Y72.675 E2590.42764
G1 F2400 E2587.42764
G0 F15000 X85.745 Y73.567
G0 X85.739 Y74.052
G0 X86.109 Y74.11
G0 X87.232 Y75.025
G0 X87.818 Y75.38
G0 X88.262 Y75.221
G1 F2400 E2590.42764
G1 F5400 X88.864 Y74.62 E2590.46725
G0 F15000 X89.112 Y74.937
G1 F5400 X88.571 Y75.477 E2590.50284
G0 F15000 X88.808 Y75.806
G1 F5400 X89.443 Y75.172 E2590.54462
G0 F15000 X89.857 Y75.323
G1 F5400 X88.984 Y76.196 E2590.60211
G0 F15000 X89.003 Y76.743
G1 F5400 X90.372 Y75.373 E2590.69229
G1 F2400 E2587.69229
G0 F15000 X90.274 Y74.926
G0 X91.889 Y88.567
G0 X92.263 Y88.19
G1 F2400 E2590.69229
G1 F5400 X107.742 Y72.712 E2591.71158
G0 F15000 X107.682 Y73.337
G1 F5400 X92.829 Y88.19 E2592.68968
G0 F15000 X93.395 Y88.19
G1 F5400 X107.633 Y73.952 E2593.62727
G0 F15000 X107.683 Y74.468
G1 F5400 X93.96 Y88.19 E2594.53092
G0 F15000 X94.526 Y88.19
G1 F5400 X107.733 Y74.983 E2595.40063
G0 F15000 X107.823 Y75.459
G1 F5400 X95.092 Y88.19 E2596.23898
G0 F15000 X95.657 Y88.19
G1 F5400 X107.956 Y75.892 E2597.04886
G0 F15000 X108.089 Y76.324
G1 F5400 X96.223 Y88.19 E2597.83026
G0 F15000 X96.789 Y88.19
G1 F5400 X108.241 Y76.738 E2598.58439
G0 F15000 X108.438 Y77.106
G1 F5400 X97.354 Y88.19 E2599.31429
G0 F15000 X97.92 Y88.19
G1 F5400 X108.636 Y77.475 E2600.01993
G0 F15000 X108.833 Y77.843
G1 F5400 X98.486 Y88.19 E2600.70129
G0 F15000 X99.052 Y88.19
G1 F5400 X109.084 Y78.158 E2601.36192
G0 F15000 X109.339 Y78.468
G1 F5400 X99.617 Y88.19 E2602.00213
G0 F15000 X100.183 Y88.19
G1 F5400 X109.594 Y78.779 E2602.62186
G0 F15000 X109.875 Y79.064
G1 F5400 X100.749 Y88.19 E2603.22282
G0 F15000 X101.314 Y88.19
G1 F5400 X110.185 Y79.32 E2603.80696
G0 F15000 X110.495 Y79.576
G1 F5400 X101.88 Y88.19 E2604.37424
G0 F15000 X102.446 Y88.19
G1 F5400 X110.804 Y79.832 E2604.92463
G0 F15000 X111.172 Y80.03
G1 F5400 X103.011 Y88.19 E2605.46201
G0 F15000 X103.577 Y88.19
G1 F5400 X111.54 Y80.227 E2605.98639
G0 F15000 X111.909 Y80.424
G1 F5400 X104.142 Y88.191 E2606.49786
G0 F15000 X104.708 Y88.191
G1 F5400 X112.318 Y80.58 E2606.99902
G0 F15000 X112.752 Y80.713
G1 F5400 X105.273 Y88.191 E2607.49149
G0 F15000 X105.839 Y88.191
G1 F5400 X113.186 Y80.844 E2607.97531
G0 F15000 X113.661 Y80.935
G1 F5400 X106.405 Y88.191 E2608.45313
G0 F15000 X106.97 Y88.191
G1 F5400 X114.178 Y80.984 E2608.92775
G0 F15000 X114.694 Y81.033
G1 F5400 X107.536 Y88.191 E2609.39912
G0 F15000 X108.102 Y88.191
G1 F5400 X115.299 Y80.993 E2609.87309
G0 F15000 X115.927 Y80.932
G1 F5400 X108.667 Y88.191 E2610.35114
G0 F15000 X109.233 Y88.191
G1 F5400 X116.661 Y80.764 E2610.84025
G0 F15000 X117.467 Y80.522
G1 F5400 X109.799 Y88.191 E2611.34523
G0 F15000 X110.365 Y88.191
G1 F5400 X118.647 Y79.909 E2611.89062
G1 F2400 E2608.89062
G0 F15000 X118.432 Y79.505
G0 X116.055 Y80.209
G0 X114.799 Y80.334
G0 X113.542 Y80.209
G0 X112.33 Y79.841
G0 X111.214 Y79.246
G0 X110.235 Y78.442
G0 X109.434 Y77.465
G0 X108.839 Y76.349
G0 X108.471 Y75.138
G0 X108.37 Y74.121
G0 X108.365 Y72.098
G0 X107.924 Y71.964
G1 F2400 E2611.89062
G1 F5400 X91.615 Y88.273 E2612.96459
G1 F2400 E2609.96459
G0 F15000 X91.802 Y88.694
G0 X103.365 Y88.568
G0 X102.871 Y76.175
G0 X103.769 Y75.553
G1 F2400 E2612.96459
G1 F5400 X108.173 Y71.149 E2613.2546
G0 F15000 X108.602 Y71.318
G0 X109.221 Y70.158
G0 X108.815 Y69.941
G1 F5400 X104.131 Y74.625 E2613.56305
G1 F2400 E2610.56305
G0 F15000 X103.696 Y74.486
G0 X103.587 Y75.094
G0 X149.176 Y75.094
G0 X148.816 Y105.177
G1 F2400 E2613.56305
G1 F5400 X92.601 Y161.392 E2617.26491
G0 F15000 X93.166 Y161.392
G1 F5400 X148.816 Y105.743 E2620.92952
G0 F15000 X148.816 Y106.309
G1 F5400 X93.732 Y161.392 E2624.55686
G0 F15000 X94.298 Y161.392
G1 F5400 X148.816 Y106.874 E2628.14697
G0 F15000 X148.816 Y107.44
G1 F5400 X94.863 Y161.392 E2631.69983
G0 F15000 X95.429 Y161.392
G1 F5400 X148.816 Y108.006 E2635.21542
G0 F15000 X148.816 Y108.571
G1 F5400 X95.995 Y161.392 E2638.69378
G0 F15000 X96.56 Y161.392
G1 F5400 X148.816 Y109.137 E2642.13489
G0 F15000 X148.816 Y109.703
G1 F5400 X97.126 Y161.392 E2645.53873
G0 F15000 X97.692 Y161.392
G1 F5400 X148.816 Y110.268 E2648.90534
G0 F15000 X148.816 Y110.834
G1 F5400 X98.257 Y161.392 E2652.2347
G0 F15000 X98.823 Y161.392
G1 F5400 X148.816 Y111.4 E2655.52679
G0 F15000 X148.816 Y111.965
G1 F5400 X99.389 Y161.392 E2658.78164
G0 F15000 X99.954 Y161.392
G1 F5400 X148.816 Y112.531 E2661.99926
G0 F15000 X148.816 Y113.097
G1 F5400 X100.52 Y161.392 E2665.1796
G0 F15000 X101.086 Y161.392
G1 F5400 X148.816 Y113.662 E2668.3227
G0 F15000 X148.816 Y114.228
G1 F5400 X101.652 Y161.392 E2671.42853
G0 F15000 X102.217 Y161.392
G1 F5400 X148.816 Y114.794 E2674.49712
G0 F15000 X148.816 Y115.36
G1 F5400 X102.783 Y161.392 E2677.52844
G0 F15000 X103.349 Y161.392
G1 F5400 X148.816 Y115.925 E2680.52252
G0 F15000 X148.816 Y116.491
G1 F5400 X103.914 Y161.392 E2683.47936
G0 F15000 X104.48 Y161.392
G1 F5400 X148.816 Y117.057 E2686.39893
G0 F15000 X148.816 Y117.622
G1 F5400 X105.046 Y161.392 E2689.28126
G0 F15000 X105.611 Y161.392
G1 F5400 X148.816 Y118.188 E2692.12635
G0 F15000 X148.816 Y118.754
G1 F5400 X106.177 Y161.392 E2694.93417
G0 F15000 X106.743 Y161.392
G1 F5400 X148.816 Y119.319 E2697.70474
G0 F15000 X148.816 Y119.885
G1 F5400 X107.308 Y161.392 E2700.43808
G0 F15000 X107.874 Y161.392
G1 F5400 X148.816 Y120.451 E2703.13415
G0 F15000 X148.816 Y121.016
G1 F5400 X108.44 Y161.392 E2705.79298
G0 F15000 X109.005 Y161.392
G1 F5400 X148.816 Y121.582 E2708.41457
G0 F15000 X148.816 Y122.148
G1 F5400 X109.571 Y161.392 E2710.99889
G0 F15000 X110.137 Y161.392
G1 F5400 X148.816 Y122.713 E2713.54597
G0 F15000 X148.816 Y123.279
G1 F5400 X110.703 Y161.392 E2716.05577
G0 F15000 X111.268 Y161.392
G1 F5400 X148.816 Y123.845 E2718.52834
G0 F15000 X148.816 Y124.41
G1 F5400 X111.834 Y161.392 E2720.96367
G0 F15000 X112.4 Y161.392
G1 F5400 X148.816 Y124.976 E2723.36172
G0 F15000 X148.816 Y125.542
G1 F5400 X112.965 Y161.392 E2725.72254
G0 F15000 X113.531 Y161.392
G1 F5400 X148.816 Y126.108 E2728.04608
G0 F15000 X148.816 Y126.673
G1 F5400 X114.097 Y161.392 E2730.33239
G0 F15000 X114.662 Y161.392
G1 F5400 X148.816 Y127.239 E2732.58145
G0 F15000 X148.816 Y127.805
G1 F5400 X115.228 Y161.392 E2734.79325
G0 F15000 X115.794 Y161.392
G1 F5400 X148.816 Y128.37 E2736.9678
G0 F15000 X148.816 Y128.936
G1 F5400 X116.359 Y161.392 E2739.10512
G0 F15000 X116.925 Y161.392
G1 F5400 X148.816 Y129.502 E2741.20516
G0 F15000 X148.816 Y130.067
G1 F5400 X117.491 Y161.392 E2743.26797
G0 F15000 X118.056 Y161.392
G1 F5400 X148.816 Y130.633 E2745.29353
G0 F15000 X148.816 Y131.199
G1 F5400 X118.622 Y161.392 E2747.28183
G0 F15000 X119.188 Y161.392
G1 F5400 X148.816 Y131.764 E2749.23288
G0 F15000 X148.816 Y132.33
G1 F5400 X119.753 Y161.392 E2751.1467
G0 F15000 X120.319 Y161.392
G1 F5400 X148.816 Y132.896 E2753.02324
G0 F15000 X148.816 Y133.461
G1 F5400 X120.885 Y161.392 E2754.86254
G0 F15000 X121.451 Y161.392
G1 F5400 X148.816 Y134.027 E2756.66458
G0 F15000 X148.816 Y134.593
G1 F5400 X122.016 Y161.392 E2758.42937
G0 F15000 X122.582 Y161.392
G1 F5400 X148.816 Y135.159 E2760.15689
G0 F15000 X148.816 Y135.724
G1 F5400 X123.148 Y161.392 E2761.84717
G0 F15000 X123.713 Y161.392
G1 F5400 X148.816 Y136.29 E2763.50021
G0 F15000 X148.816 Y136.856
G1 F5400 X124.279 Y161.392 E2765.11598
G0 F15000 X124.845 Y161.392
G1 F5400 X148.816 Y137.421 E2766.69452
G0 F15000 X148.816 Y137.987
G1 F5400 X125.41 Y161.392 E2768.23581
G0 F15000 X125.976 Y161.392
G1 F5400 X148.816 Y138.553 E2769.73983
G0 F15000 X148.816 Y139.118
G1 F5400 X126.542 Y161.392 E2771.20661
G0 F15000 X127.107 Y161.392
G1 F5400 X148.816 Y139.684 E2772.63615
G0 F15000 X148.816 Y140.25
G1 F5400 X127.673 Y161.392 E2774.02842
G0 F15000 X128.239 Y161.392
G1 F5400 X148.816 Y140.815 E2775.38345
G0 F15000 X148.816 Y141.381
G1 F5400 X128.804 Y161.392 E2776.70124
G0 F15000 X129.37 Y161.392
G1 F5400 X148.816 Y141.947 E2777.98176
G0 F15000 X148.816 Y142.512
G1 F5400 X129.936 Y161.392 E2779.22504
G0 F15000 X130.502 Y161.392
G1 F5400 X148.816 Y143.078 E2780.43105
G0 F15000 X148.816 Y143.644
G1 F5400 X131.067 Y161.392 E2781.59982
G0 F15000 X131.633 Y161.392
G1 F5400 X148.816 Y144.209 E2782.73135
G0 F15000 X148.816 Y144.775
G1 F5400 X132.199 Y161.392 E2783.82561
G0 F15000 X132.764 Y161.392
G1 F5400 X148.816 Y145.341 E2784.88263
G0 F15000 X148.816 Y145.907
G1 F5400 X133.33 Y161.392 E2785.90237
G0 F15000 X133.896 Y161.392
G1 F5400 X148.816 Y146.472 E2786.88488
G0 F15000 X148.816 Y147.038
G1 F5400 X134.461 Y161.392 E2787.83015
G0 F15000 X135.027 Y161.392
G1 F5400 X148.816 Y147.604 E2788.73814
G0 F15000 X148.816 Y148.169
G1 F5400 X135.593 Y161.392 E2789.6089
G0 F15000 X136.158 Y161.392
G1 F5400 X148.816 Y148.735 E2790.44242
G0 F15000 X148.816 Y149.301
G1 F5400 X136.724 Y161.392 E2791.23867
G0 F15000 X137.29 Y161.392
G1 F5400 X148.816 Y149.866 E2791.99767
G0 F15000 X148.816 Y150.432
G1 F5400 X137.855 Y161.392 E2792.71944
G0 F15000 X138.421 Y161.392
G1 F5400 X148.816 Y150.998 E2793.40394
G0 F15000 X148.816 Y151.563
G1 F5400 X138.987 Y161.392 E2794.05119
G0 F15000 X139.552 Y161.392
G1 F5400 X148.816 Y152.129 E2794.66121
G0 F15000 X148.816 Y152.695
G1 F5400 X140.118 Y161.392 E2795.23395
G0 F15000 X140.684 Y161.392
G1 F5400 X148.816 Y153.26 E2795.76946
G0 F15000 X148.816 Y153.826
G1 F5400 X141.25 Y161.392 E2796.26769
G0 F15000 X141.815 Y161.392
G1 F5400 X148.816 Y154.392 E2796.72869
G0 F15000 X148.816 Y154.958
G1 F5400 X142.381 Y161.392 E2797.15241
G0 F15000 X142.947 Y161.392
G1 F5400 X148.816 Y155.523 E2797.5389
G0 F15000 X148.816 Y156.089
G1 F5400 X143.512 Y161.392 E2797.88814
G0 F15000 X144.078 Y161.392
G1 F5400 X148.816 Y156.655 E2798.20011
G0 F15000 X148.816 Y157.22
G1 F5400 X144.644 Y161.392 E2798.47485
G0 F15000 X145.209 Y161.392
G1 F5400 X148.816 Y157.786 E2798.71234
G0 F15000 X148.816 Y158.352
G1 F5400 X145.775 Y161.392 E2798.91256
G0 F15000 X146.341 Y161.392
G1 F5400 X148.816 Y158.917 E2799.07555
G0 F15000 X148.816 Y159.483
G1 F5400 X146.906 Y161.392 E2799.20129
G0 F15000 X147.472 Y161.392
G1 F5400 X148.816 Y160.049 E2799.28976
G0 F15000 X148.816 Y160.614
G1 F5400 X148.038 Y161.392 E2799.34099
G0 F15000 X148.603 Y161.392
G1 F5400 X148.816 Y161.18 E2799.35499
G1 F2400 E2796.35499
;MESH:NONMESH
G0 F300 Z3.08
G0 F15000 X149.276 Y161.18
G0 X149.176 Y66.323
G0 X77.587 Y65.837
G0 X75.44 Y66.323
;TIME_ELAPSED:4059.506353
;LAYER:10
;TYPE:WALL-INNER
;MESH:lid.stl
G1 F2400 E2799.35499
G1 F5400 X74.728 Y66.256 E2799.38829
G1 X74.035 Y66.041 E2799.42207
G1 X73.406 Y65.707 E2799.45524
G1 X72.849 Y65.251 E2799.48876
G1 X72.396 Y64.697 E2799.52208
G1 X72.056 Y64.057 E2799.55582
G1 X71.848 Y63.356 E2799.58987
G1 X71.78 Y62.66 E2799.62243
G1 X71.847 Y61.951 E2799.6556
G1 X72.058 Y61.256 E2799.68942
G1 X72.398 Y60.62 E2799.723
G1 X72.851 Y60.067 E2799.75628
G1 X73.406 Y59.612 E2799.7897
G1 X74.035 Y59.28 E2799.82282
G1 X74.733 Y59.063 E2799.85686
G1 X75.44 Y58.997 E2799.88992
G1 X76.154 Y59.064 E2799.92331
G1 X76.843 Y59.279 E2799.95692
G1 X77.481 Y59.615 E2799.9905
G1 X78.025 Y60.068 E2800.02346
G1 X78.489 Y60.628 E2800.05733
G1 X78.826 Y61.258 E2800.09059
G1 X79.036 Y61.95 E2800.12427
G1 X79.103 Y62.66 E2800.15747
G1 X79.036 Y63.372 E2800.19077
G1 X78.826 Y64.065 E2800.22449
G1 X78.487 Y64.691 E2800.25764
G1 X78.026 Y65.248 E2800.29131
G1 X77.488 Y65.697 E2800.32394
G1 X76.843 Y66.038 E2800.35791
G1 X76.156 Y66.256 E2800.39147
G1 X75.44 Y66.323 E2800.42496
G1 F2400 E2797.42496
G0 F15000 X76.206 Y66.427
G0 X83.357 Y73.01
G0 X84.532 Y74.821
G1 F2400 E2800.42496
G1 F5400 X84.328 Y74.809 E2800.43447
G1 X83.842 Y74.666 E2800.45806
G1 X83.514 Y74.331 E2800.47989
G1 X83.357 Y73.931 E2800.4999
G1 X83.351 Y73.528 E2800.51867
G1 X83.509 Y73.112 E2800.53939
G1 X83.832 Y72.79 E2800.56063
G1 X84.239 Y72.627 E2800.58104
G1 X84.604 Y72.631 E2800.59804
G1 X84.771 Y72.675 E2800.60608
G1 F5142.9 X85.215 Y72.904 E2800.63051
G1 F4705.9 X85.466 Y73.293 E2800.65524
G1 F4169.9 X85.617 Y73.647 E2800.67845
G1 F3857.1 X85.614 Y73.81 E2800.68908
G1 F4417.2 X85.466 Y74.079 E2800.70656
G1 F5294.1 X85.335 Y74.367 E2800.72158
G1 F5400 X85.111 Y74.593 E2800.7364
G1 X84.895 Y74.711 E2800.74786
G1 X84.532 Y74.821 E2800.76552
G1 F2400 E2797.76552
G0 F15000 X85.892 Y73.808
G0 X87.418 Y75.048
G0 X87.406 Y74.887
G1 F2400 E2800.76552
G1 F4000 X87.29 Y74.888 E2800.77282
G1 F4595.7 X86.698 Y74.623 E2800.8083
G1 F5400 X86.429 Y74.336 E2800.82662
G1 F5294.1 X86.287 Y74.042 E2800.84213
G1 F4417.2 X86.172 Y73.839 E2800.85541
G1 F3857.1 X86.173 Y73.62 E2800.86968
G1 F4509.4 X86.3 Y73.382 E2800.88473
G1 F5400 X86.428 Y73.089 E2800.89962
G1 X86.711 Y72.792 E2800.91872
G1 F4528.3 X87.297 Y72.517 E2800.95466
G1 F3898.9 X87.415 Y72.517 E2800.96227
G1 F4528.3 X88.005 Y72.791 E2800.99839
G1 F5400 X88.264 Y73.068 E2801.01605
G1 X88.401 Y73.358 E2801.03099
G1 F4537.8 X88.524 Y73.592 E2801.04564
G1 F3898.9 X88.523 Y73.86 E2801.06292
G1 F4399.2 X88.407 Y74.044 E2801.07535
G1 F5230 X88.245 Y74.344 E2801.09174
G1 F5400 X87.995 Y74.616 E2801.10895
G1 F4595.7 X87.406 Y74.887 E2801.14442
G1 F2400 E2798.14442
G0 F15000 X87.418 Y75.048
G0 X87.468 Y75.66
G0 X87.874 Y75.782
G0 X88.155 Y76.06
G0 X88.298 Y76.406
G0 X88.298 Y76.78
G0 X88.156 Y77.123
G0 X87.441 Y77.694
G1 F2400 E2801.14442
G1 F5400 X87.226 Y77.678 E2801.15446
G1 X86.847 Y77.562 E2801.17291
G1 X86.655 Y77.433 E2801.18369
G1 X86.415 Y77.186 E2801.19972
G1 X86.281 Y76.767 E2801.22021
G1 X86.252 Y76.514 E2801.23206
G1 X86.406 Y76.006 E2801.25678
G1 X86.714 Y75.69 E2801.27733
G1 F4595.7 X87.293 Y75.424 E2801.31219
G1 F4000 X87.41 Y75.425 E2801.31955
G1 F4595.7 X87.964 Y75.673 E2801.35275
G1 F5400 X88.285 Y75.975 E2801.37328
G1 X88.445 Y76.387 E2801.39386
G1 X88.441 Y76.827 E2801.41435
G1 X88.28 Y77.201 E2801.43331
G1 X87.968 Y77.532 E2801.45449
G1 X87.441 Y77.694 E2801.48016
G1 F2400 E2798.48016
G0 F15000 X87.877 Y77.405
G0 X88.617 Y76.531
G0 X87.391 Y75.156
G0 X88.799 Y73.848
G0 X89.584 Y74.49
G0 X90.356 Y74.81
G1 F2400 E2801.48016
G1 F5400 X90.147 Y74.813 E2801.48989
G1 X89.726 Y74.687 E2801.51036
G1 X89.539 Y74.561 E2801.52086
G1 X89.335 Y74.344 E2801.53472
G1 F5230 X89.19 Y74.062 E2801.54997
G1 F4399.2 X89.076 Y73.867 E2801.56288
G1 F3898.9 X89.076 Y73.6 E2801.5801
G1 F4537.8 X89.213 Y73.351 E2801.59585
G1 F5400 X89.342 Y73.082 E2801.60974
G1 X89.603 Y72.815 E2801.62712
G1 X89.993 Y72.637 E2801.64709
G1 X90.469 Y72.625 E2801.66926
G1 X90.919 Y72.857 E2801.69283
G1 X91.098 Y73.033 E2801.70452
G1 X91.277 Y73.316 E2801.72011
G1 X91.354 Y73.763 E2801.74123
G1 X91.181 Y74.326 E2801.76866
G1 X90.82 Y74.67 E2801.79188
G1 X90.356 Y74.81 E2801.81445
G1 F2400 E2798.81445
G0 F15000 X89.728 Y74.53
G0 X87.399 Y72.242
G0 X87.415 Y71.967
G1 F2400 E2801.81445
G1 F3898.9 X87.297 Y71.967 E2801.82206
G1 F4528.3 X86.752 Y71.711 E2801.85549
G1 F5400 X86.515 Y71.493 E2801.87049
G1 X86.381 Y71.288 E2801.88189
G1 X86.263 Y70.889 E2801.90127
G1 X86.266 Y70.68 E2801.911
G1 X86.371 Y70.322 E2801.92837
G1 X86.486 Y70.122 E2801.93911
G1 X86.772 Y69.84 E2801.95782
G1 X87.252 Y69.7 E2801.9811
G1 X87.44 Y69.689 E2801.98987
G1 X87.882 Y69.828 E2802.01144
G1 X88.061 Y69.951 E2802.02155
G1 X88.287 Y70.202 E2802.03728
G1 X88.44 Y70.55 E2802.05498
G1 X88.45 Y71.016 E2802.07669
G1 X88.271 Y71.401 E2802.09646
G1 X88.008 Y71.692 E2802.11472
G1 F4528.3 X87.415 Y71.967 E2802.15102
G1 F2400 E2799.15102
G0 F15000 X87.439 Y72.125
G0 X88.8 Y73.631
G0 X89.711 Y72.923
G0 X90.056 Y72.78
G0 X90.451 Y72.781
G0 X90.86 Y73
G0 X91.512 Y73.865
G0 X97.524 Y75.111
G0 X100.559 Y76.956
G1 F2400 E2802.15102
G1 F5400 X99.947 Y76.896 E2802.17965
G1 X99.364 Y76.71 E2802.20815
G1 X98.828 Y76.43 E2802.23631
G1 X98.374 Y76.055 E2802.26372
G1 X97.976 Y75.576 E2802.29272
G1 X97.69 Y75.04 E2802.32101
G1 X97.508 Y74.45 E2802.34976
G1 X97.448 Y73.841 E2802.37826
G1 X97.514 Y73.231 E2802.40683
G1 X97.681 Y72.682 E2802.43355
G1 X97.976 Y72.124 E2802.46294
G1 X98.38 Y71.643 E2802.49219
G1 X98.834 Y71.268 E2802.51961
G1 X99.36 Y70.982 E2802.54749
G1 X99.95 Y70.807 E2802.57614
G1 X100.552 Y70.744 E2802.60433
G1 X101.154 Y70.807 E2802.63251
G1 X101.735 Y70.982 E2802.66077
G1 X102.295 Y71.283 E2802.69037
G1 X102.747 Y71.658 E2802.71772
G1 X103.139 Y72.132 E2802.74636
G1 X103.423 Y72.683 E2802.77522
G1 X103.601 Y73.247 E2802.80276
G1 X103.656 Y73.844 E2802.83068
G1 X103.599 Y74.453 E2802.85916
G1 X103.419 Y75.028 E2802.88722
G1 X103.135 Y75.564 E2802.91546
G1 X102.744 Y76.046 E2802.94436
G1 X102.264 Y76.437 E2802.97319
G1 X101.743 Y76.71 E2803.00058
G1 X101.157 Y76.892 E2803.02915
G1 X100.559 Y76.956 E2803.05715
G1 F2400 E2800.05715
G0 F15000 X102.371 Y76.586
G0 X109.151 Y77.64
G0 X114.796 Y80.48
G1 F2400 E2803.05715
G1 F5400 X113.514 Y80.36 E2803.11711
G1 X112.27 Y79.982 E2803.17765
G1 X111.136 Y79.376 E2803.23752
G1 X110.126 Y78.544 E2803.29845
G1 X109.321 Y77.564 E2803.35751
G1 X108.704 Y76.417 E2803.41815
G1 X108.326 Y75.181 E2803.47834
G1 X108.192 Y73.879 E2803.53929
G1 X108.329 Y72.566 E2803.60076
G1 X108.71 Y71.33 E2803.66098
G1 X109.323 Y70.193 E2803.72113
G1 X110.131 Y69.207 E2803.78049
G1 X111.129 Y68.393 E2803.84046
G1 X112.271 Y67.777 E2803.90088
G1 X113.514 Y67.4 E2803.96136
G1 X114.796 Y67.276 E2804.02133
G1 X116.079 Y67.4 E2804.08135
G1 X117.328 Y67.78 E2804.14214
G1 X118.467 Y68.393 E2804.20237
G1 X119.462 Y69.212 E2804.26238
G1 X120.285 Y70.211 E2804.32265
G1 X120.894 Y71.352 E2804.38288
G1 X121.273 Y72.593 E2804.4433
G1 X121.403 Y73.878 E2804.50344
G1 X121.273 Y75.167 E2804.56376
G1 X120.899 Y76.41 E2804.62421
G1 X120.289 Y77.55 E2804.68441
G1 X119.456 Y78.554 E2804.74516
G1 X118.46 Y79.376 E2804.80529
G1 X117.328 Y79.981 E2804.86506
G1 X116.078 Y80.357 E2804.92584
G1 X114.796 Y80.48 E2804.98581
G1 F2400 E2801.98581
G0 F15000 X117.395 Y80.15
G0 X129.727 Y80.152
G0 X132.312 Y80.48
G1 F2400 E2804.98581
G1 F5400 X131.026 Y80.36 E2805.04595
G1 X129.793 Y79.983 E2805.10599
G1 X128.649 Y79.377 E2805.16627
G1 X127.648 Y78.554 E2805.22661
G1 X126.823 Y77.549 E2805.28716
G1 X126.214 Y76.413 E2805.34717
G1 X125.835 Y75.167 E2805.40782
G1 X125.705 Y73.882 E2805.46796
G1 X125.835 Y72.593 E2805.52828
G1 X126.21 Y71.347 E2805.58887
G1 X126.823 Y70.211 E2805.64898
G1 X127.642 Y69.212 E2805.70913
G1 X128.641 Y68.393 E2805.76928
G1 X129.783 Y67.777 E2805.8297
G1 X131.026 Y67.4 E2805.89019
G1 X132.308 Y67.276 E2805.95016
G1 X133.591 Y67.4 E2806.01018
G1 X134.832 Y67.777 E2806.07057
G1 X135.974 Y68.39 E2806.13093
G1 X136.976 Y69.211 E2806.19125
G1 X137.805 Y70.218 E2806.25198
G1 X138.412 Y71.358 E2806.31212
G1 X138.787 Y72.602 E2806.37262
G1 X138.916 Y73.88 E2806.43243
G1 X138.788 Y75.152 E2806.49196
G1 X138.407 Y76.411 E2806.55321
G1 X137.799 Y77.547 E2806.61321
G1 X136.982 Y78.544 E2806.67323
G1 X135.973 Y79.372 E2806.73401
G1 X134.839 Y79.982 E2806.79396
G1 X133.598 Y80.352 E2806.85426
G1 X132.312 Y80.48 E2806.91444
G1 F2400 E2803.91444
G0 F15000 X133.567 Y80.209
G0 X134.78 Y79.841
G0 X135.896 Y79.246
G0 X136.873 Y78.442
G0 X137.676 Y77.465
G0 X138.271 Y76.349
G0 X138.639 Y75.138
G0 X138.74 Y74.12
G0 X138.579 Y71.287
G0 X143.846 Y66.433
G0 X144.598 Y66.323
G1 F2400 E2806.91444
G1 F5400 X143.886 Y66.255 E2806.94775
G1 X143.195 Y66.041 E2806.98143
G1 X142.565 Y65.707 E2807.01463
G1 X142.006 Y65.248 E2807.04831
G1 X141.55 Y64.689 E2807.0819
G1 X141.218 Y64.063 E2807.1149
G1 X141.009 Y63.374 E2807.14843
G1 X140.94 Y62.695 E2807.18021
G1 X141.008 Y61.947 E2807.21518
G1 X141.217 Y61.262 E2807.24853
G1 X141.552 Y60.626 E2807.282
G1 X142.009 Y60.069 E2807.31555
G1 X142.566 Y59.613 E2807.34907
G1 X143.195 Y59.28 E2807.38221
G1 X143.893 Y59.063 E2807.41624
G1 X144.6 Y58.997 E2807.44931
G1 X145.311 Y59.063 E2807.48256
G1 X146.013 Y59.281 E2807.51678
G1 X146.637 Y59.615 E2807.54974
G1 X147.188 Y60.066 E2807.5829
G1 X147.648 Y60.627 E2807.61668
G1 X147.986 Y61.258 E2807.65001
G1 X148.195 Y61.946 E2807.68349
G1 X148.26 Y62.66 E2807.71688
G1 X148.196 Y63.356 E2807.74942
G1 X147.987 Y64.061 E2807.78366
G1 X147.648 Y64.693 E2807.81706
G1 X147.188 Y65.254 E2807.85084
G1 X146.637 Y65.705 E2807.88399
G1 X146.013 Y66.039 E2807.91695
G1 X145.311 Y66.257 E2807.95118
G1 X144.598 Y66.323 E2807.98452
G1 F2400 E2804.98452
G0 F15000 X143.846 Y66.433
G0 X128.16 Y88.941
G0 X110 Y124.623
G1 F2400 E2807.98452
G1 F5400 X91.924 Y124.624 E2808.82621
G1 X91.698 Y124.529 E2808.83763
G1 X91.496 Y124.311 E2808.85147
G1 X91.425 Y124.068 E2808.86326
G1 X91.428 Y89.271 E2810.48355
G1 X91.486 Y89.081 E2810.4928
G1 X91.608 Y88.915 E2810.50239
G1 X91.794 Y88.793 E2810.51275
G1 X91.968 Y88.75 E2810.5211
G1 X127.794 Y88.749 E2812.18931
G1 X128.08 Y88.847 E2812.20338
G1 X128.252 Y89.022 E2812.21481
G1 X128.347 Y89.306 E2812.22875
G1 X128.347 Y124.12 E2813.84984
G1 X128.277 Y124.308 E2813.85918
G1 X128.161 Y124.461 E2813.86812
G1 X127.94 Y124.593 E2813.88011
G1 X127.793 Y124.623 E2813.88709
G1 X110 Y124.623 E2814.71561
G1 F2400 E2811.71561
G0 F15000 X110 Y161.748
G0 X110 Y161.948
G1 F2400 E2814.71561
G1 F5400 X149.376 Y161.948 E2816.54912
G1 X149.376 Y58.048 E2821.38714
G1 X70.625 Y58.049 E2825.05412
G1 X70.624 Y161.948 E2829.89209
G1 X110 Y161.948 E2831.7256
G0 F15000 X110 Y162.348
;TYPE:WALL-OUTER
G1 F5400 X149.776 Y162.348 E2833.57774
G1 X149.776 Y57.648 E2838.45301
G1 X70.225 Y57.649 E2842.15724
G1 X70.224 Y162.348 E2847.03246
G1 X110 Y162.348 E2848.8846
G1 F2400 E2845.8846
G0 F15000 X110 Y162.041
G0 X110 Y161.748
G0 X110 Y124.804
G0 X110 Y124.222
G1 F2400 E2848.8846
G1 F5400 X91.996 Y124.223 E2849.72294
G1 X91.887 Y124.171 E2849.72856
G1 X91.824 Y124.077 E2849.73383
G1 X91.827 Y89.309 E2851.35278
G1 X91.885 Y89.203 E2851.3584
G1 X92.005 Y89.148 E2851.36455
G1 X127.764 Y89.148 E2853.02964
G1 X127.892 Y89.208 E2853.03622
G1 X127.948 Y89.304 E2853.0414
G1 X127.948 Y124.039 E2854.6588
G1 X127.886 Y124.17 E2854.66555
G1 X127.786 Y124.221 E2854.67078
G1 X110 Y124.222 E2855.49897
G1 F2400 E2852.49897
G0 F15000 X110 Y124.535
G0 X128.188 Y124.463
G0 X128.188 Y88.913
G0 X114.746 Y88.551
G0 X114.796 Y80.66
G0 X114.776 Y80.08
G1 F2400 E2855.49897
G1 F5400 X113.612 Y79.968 E2855.55342
G1 X112.405 Y79.601 E2855.61216
G1 X111.373 Y79.049 E2855.66666
G1 X110.41 Y78.262 E2855.72457
G1 X109.645 Y77.33 E2855.78072
G1 X109.064 Y76.239 E2855.83827
G1 X108.716 Y75.093 E2855.89404
G1 X108.596 Y73.897 E2855.95001
G1 X108.712 Y72.692 E2856.00638
G1 X109.079 Y71.485 E2856.06512
G1 X109.646 Y70.429 E2856.12094
G1 X110.414 Y69.494 E2856.17728
G1 X111.352 Y68.725 E2856.23376
G1 X112.441 Y68.144 E2856.29123
G1 X113.612 Y67.792 E2856.34817
G1 X114.816 Y67.68 E2856.40447
G1 X115.984 Y67.792 E2856.45911
G1 X117.187 Y68.159 E2856.51768
G1 X118.244 Y68.725 E2856.57351
G1 X119.178 Y69.494 E2856.62984
G1 X119.954 Y70.435 E2856.68663
G1 X120.525 Y71.506 E2856.74315
G1 X120.881 Y72.672 E2856.79992
G1 X121 Y73.862 E2856.85561
G1 X120.881 Y75.088 E2856.91296
G1 X120.517 Y76.275 E2856.97077
G1 X119.954 Y77.325 E2857.02625
G1 X119.187 Y78.257 E2857.08246
G1 X118.223 Y79.049 E2857.14055
G1 X117.191 Y79.601 E2857.19505
G1 X115.984 Y79.964 E2857.25374
G1 X114.776 Y80.08 E2857.31024
G1 F2400 E2854.31024
G0 F15000 X114.746 Y80.388
G0 X113.542 Y80.209
G0 X112.33 Y79.841
G0 X111.426 Y79.359
G0 X109.151 Y77.64
G0 X102.371 Y76.586
G0 X100.54 Y76.552
G1 F2400 E2857.31024
G1 F5400 X100.048 Y76.504 E2857.33326
G1 X99.518 Y76.341 E2857.35908
G1 X99.053 Y76.095 E2857.38358
G1 X98.65 Y75.765 E2857.40783
G1 X98.306 Y75.35 E2857.43293
G1 X98.059 Y74.886 E2857.45741
G1 X97.9 Y74.352 E2857.48335
G1 X97.852 Y73.828 E2857.50785
G1 X97.904 Y73.319 E2857.53168
G1 X98.06 Y72.811 E2857.55642
G1 X98.306 Y72.35 E2857.58076
G1 X98.652 Y71.937 E2857.60584
G1 X99.056 Y71.601 E2857.63031
G1 X99.497 Y71.363 E2857.65365
G1 X100.028 Y71.199 E2857.67952
G1 X100.572 Y71.148 E2857.70497
G1 X101.076 Y71.199 E2857.72855
G1 X101.587 Y71.354 E2857.75342
G1 X102.059 Y71.606 E2857.77833
G1 X102.474 Y71.956 E2857.80361
G1 X102.802 Y72.353 E2857.82759
G1 X103.048 Y72.822 E2857.85225
G1 X103.208 Y73.343 E2857.87763
G1 X103.256 Y73.86 E2857.90181
G1 X103.199 Y74.392 E2857.92672
G1 X103.047 Y74.882 E2857.95061
G1 X102.8 Y75.346 E2857.97509
G1 X102.444 Y75.775 E2858.00104
G1 X102.051 Y76.098 E2858.02473
G1 X101.589 Y76.341 E2858.04904
G1 X101.071 Y76.501 E2858.07428
G1 X100.54 Y76.552 E2858.09912
G1 F2400 E2855.09912
G0 F15000 X100.51 Y76.857
G0 X99.424 Y76.576
G0 X99.012 Y76.356
G0 X97.524 Y75.111
G0 X91.38 Y74.288
G0 X90.245 Y74.428
G1 F2400 E2858.09912
G1 F5400 X89.863 Y74.314 E2858.11769
G1 X89.652 Y74.108 E2858.13142
G1 X89.552 Y73.831 E2858.14513
G1 X89.566 Y73.545 E2858.15846
G1 X89.663 Y73.32 E2858.16987
G1 X89.827 Y73.157 E2858.18064
G1 X90.111 Y73.03 E2858.19512
G1 X90.392 Y73.035 E2858.20821
G1 X90.704 Y73.195 E2858.22454
G1 X90.896 Y73.454 E2858.23955
G1 X90.939 Y73.743 E2858.25316
G1 X90.832 Y74.104 E2858.27069
G1 X90.607 Y74.317 E2858.28512
G1 X90.245 Y74.428 E2858.30275
G1 F2400 E2855.30275
G0 F15000 X90.335 Y74.724
G0 X89.227 Y74.478
G0 X88.799 Y73.848
G0 X87.193 Y74.996
G0 X87.337 Y74.427
G1 F2400 E2858.30275
G1 F5400 X86.968 Y74.316 E2858.32069
G1 X86.759 Y74.11 E2858.33435
G1 X86.655 Y73.854 E2858.34722
G1 X86.652 Y73.579 E2858.36003
G1 X86.778 Y73.297 E2858.37441
G1 X86.983 Y73.095 E2858.38781
G1 X87.363 Y72.985 E2858.40623
G1 X87.733 Y73.096 E2858.42422
G1 X87.916 Y73.272 E2858.43604
G1 X88.036 Y73.523 E2858.449
G1 X88.047 Y73.812 E2858.46246
G1 X87.927 Y74.11 E2858.47742
G1 X87.717 Y74.317 E2858.49115
G1 X87.337 Y74.427 E2858.50957
G1 F2400 E2855.50957
G0 F15000 X87.193 Y74.996
G0 X86.547 Y76.077
G0 X86.39 Y76.593
G0 X86.545 Y77.11
G0 X86.786 Y77.349
G0 X87.261 Y77.595
G0 X87.351 Y77.297
G1 F2400 E2858.50957
G1 F5400 X87.002 Y77.193 E2858.52653
G1 X86.764 Y76.98 E2858.5414
G1 X86.648 Y76.584 E2858.56062
G1 X86.766 Y76.215 E2858.57866
G1 X86.983 Y75.995 E2858.59304
G1 X87.363 Y75.885 E2858.61146
G1 X87.734 Y75.996 E2858.6295
G1 X87.926 Y76.183 E2858.64198
G1 X88.043 Y76.444 E2858.6553
G1 X88.046 Y76.72 E2858.66815
G1 X87.931 Y76.991 E2858.68186
G1 X87.741 Y77.187 E2858.69457
G1 X87.351 Y77.297 E2858.71344
G1 F2400 E2855.71344
G0 F15000 X87.261 Y77.595
G0 X86.843 Y77.406
G0 X86.545 Y77.11
G0 X86.263 Y75.923
G0 X87.309 Y75.156
G0 X85.892 Y73.808
G0 X85.16 Y74.469
G0 X84.346 Y74.722
G0 X84.437 Y74.427
G1 F2400 E2858.71344
G1 F5400 X84.056 Y74.311 E2858.73198
G1 X83.857 Y74.108 E2858.74522
G1 X83.754 Y73.851 E2858.75811
G1 X83.756 Y73.575 E2858.77096
G1 X83.866 Y73.316 E2858.78406
G1 X84.062 Y73.131 E2858.79661
G1 X84.291 Y73.034 E2858.80819
G1 X84.588 Y73.028 E2858.82203
G1 X84.945 Y73.222 E2858.84095
G1 X85.095 Y73.466 E2858.85428
G1 X85.139 Y73.744 E2858.86739
G1 X85.035 Y74.096 E2858.88448
G1 X84.827 Y74.314 E2858.89851
G1 X84.437 Y74.427 E2858.91742
G1 F2400 E2855.91742
G0 F15000 X84.346 Y74.722
G0 X84.962 Y74.529
G0 X87.313 Y72.242
G0 X87.348 Y71.5
G1 F2400 E2858.91742
G1 F5400 X86.983 Y71.388 E2858.9352
G1 X86.763 Y71.177 E2858.94939
G1 X86.647 Y70.787 E2858.96834
G1 X86.765 Y70.417 E2858.98642
G1 X86.974 Y70.198 E2859.00052
G1 X87.358 Y70.083 E2859.01918
G1 X87.718 Y70.193 E2859.03671
G1 X87.931 Y70.389 E2859.05019
G1 X88.042 Y70.64 E2859.06297
G1 X88.045 Y70.925 E2859.07624
G1 X87.939 Y71.179 E2859.08905
G1 X87.734 Y71.389 E2859.10272
G1 X87.348 Y71.5 E2859.12142
G1 F2400 E2856.12142
G0 F15000 X87.204 Y72.082
G0 X86.83 Y71.644
G0 X86.088 Y70.645
G0 X76.913 Y66.205
G0 X75.421 Y65.92
G1 F2400 E2859.12142
G1 F5400 X74.788 Y65.856 E2859.15105
G1 X74.208 Y65.676 E2859.17933
G1 X73.613 Y65.359 E2859.21072
G1 X73.121 Y64.951 E2859.24048
G1 X72.719 Y64.454 E2859.27024
G1 X72.424 Y63.891 E2859.29984
G1 X72.24 Y63.273 E2859.32987
G1 X72.18 Y62.66 E2859.35855
G1 X72.24 Y62.047 E2859.38723
G1 X72.424 Y61.429 E2859.41725
G1 X72.741 Y60.833 E2859.44869
G1 X73.123 Y60.366 E2859.47678
G1 X73.646 Y59.939 E2859.50822
G1 X74.208 Y59.645 E2859.53775
G1 X74.829 Y59.456 E2859.56798
G1 X75.459 Y59.4 E2859.59743
G1 X76.055 Y59.456 E2859.6253
G1 X76.706 Y59.659 E2859.65706
G1 X77.273 Y59.962 E2859.68699
G1 X77.729 Y60.342 E2859.71463
G1 X78.165 Y60.869 E2859.74648
G1 X78.46 Y61.429 E2859.77595
G1 X78.644 Y62.049 E2859.80607
G1 X78.7 Y62.679 E2859.83552
G1 X78.636 Y63.311 E2859.8651
G1 X78.46 Y63.891 E2859.89332
G1 X78.155 Y64.468 E2859.92371
G1 X77.729 Y64.978 E2859.95465
G1 X77.259 Y65.369 E2859.98312
G1 X76.689 Y65.669 E2860.01311
G1 X76.08 Y65.86 E2860.04283
G1 X75.421 Y65.92 E2860.07365
G1 F2400 E2857.07365
G0 F15000 X75.391 Y66.227
G0 X77.584 Y65.854
G0 X126.673 Y77.65
G0 X132.288 Y80.08
G1 F2400 E2860.07365
G1 F5400 X131.124 Y79.968 E2860.1281
G1 X129.939 Y79.611 E2860.18573
G1 X128.885 Y79.049 E2860.24135
G1 X127.925 Y78.265 E2860.29906
G1 X127.154 Y77.325 E2860.35567
G1 X126.583 Y76.258 E2860.41202
G1 X126.227 Y75.088 E2860.46897
G1 X126.108 Y73.898 E2860.52466
G1 X126.224 Y72.692 E2860.58107
G1 X126.583 Y71.502 E2860.63895
G1 X127.154 Y70.435 E2860.6953
G1 X127.913 Y69.508 E2860.75109
G1 X128.864 Y68.725 E2860.80845
G1 X129.953 Y68.144 E2860.86592
G1 X131.124 Y67.792 E2860.92286
G1 X132.328 Y67.68 E2860.97916
G1 X133.496 Y67.792 E2861.0338
G1 X134.664 Y68.144 E2861.0906
G1 X135.754 Y68.724 E2861.1481
G1 X136.682 Y69.486 E2861.20401
G1 X137.461 Y70.428 E2861.26093
G1 X138.034 Y71.498 E2861.31745
G1 X138.396 Y72.692 E2861.37554
G1 X138.512 Y73.9 E2861.43205
G1 X138.394 Y75.083 E2861.48741
G1 X138.029 Y76.275 E2861.54546
G1 X137.467 Y77.324 E2861.60087
G1 X136.68 Y78.275 E2861.65835
G1 X135.735 Y79.049 E2861.71523
G1 X134.703 Y79.601 E2861.76973
G1 X133.496 Y79.964 E2861.82842
G1 X132.288 Y80.08 E2861.88493
G1 F2400 E2858.88493
G0 F15000 X132.258 Y80.388
G0 X133.567 Y80.209
G0 X134.78 Y79.841
G0 X135.896 Y79.246
G0 X136.873 Y78.442
G0 X137.676 Y77.465
G0 X138.271 Y76.349
G0 X138.639 Y75.138
G0 X138.74 Y74.12
G0 X138.579 Y71.287
G0 X143.846 Y66.433
G0 X144.579 Y65.92
G1 F2400 E2861.88493
G1 F5400 X143.948 Y65.856 E2861.91446
G1 X143.368 Y65.676 E2861.94274
G1 X142.797 Y65.376 E2861.97277
G1 X142.305 Y64.976 E2862.0023
G1 X141.896 Y64.481 E2862.0322
G1 X141.591 Y63.909 E2862.06238
G1 X141.401 Y63.28 E2862.09298
G1 X141.34 Y62.672 E2862.12143
G1 X141.408 Y62.009 E2862.15246
G1 X141.584 Y61.429 E2862.18069
G1 X141.901 Y60.833 E2862.21212
G1 X142.309 Y60.341 E2862.24188
G1 X142.806 Y59.939 E2862.27165
G1 X143.368 Y59.645 E2862.30118
G1 X143.989 Y59.456 E2862.33141
G1 X144.619 Y59.4 E2862.36086
G1 X145.215 Y59.456 E2862.38873
G1 X145.871 Y59.659 E2862.42071
G1 X146.395 Y59.939 E2862.44837
G1 X146.915 Y60.363 E2862.47962
G1 X147.325 Y60.869 E2862.50994
G1 X147.62 Y61.429 E2862.53941
G1 X147.796 Y62.009 E2862.56764
G1 X147.86 Y62.66 E2862.5981
G1 X147.802 Y63.287 E2862.62742
G1 X147.605 Y63.927 E2862.6586
G1 X147.325 Y64.451 E2862.68626
G1 X146.891 Y64.979 E2862.71809
G1 X146.395 Y65.381 E2862.74782
G1 X145.871 Y65.661 E2862.77548
G1 X145.215 Y65.864 E2862.80746
G1 X144.579 Y65.92 E2862.83719
G1 F2400 E2859.83719
G0 F15000 X144.549 Y66.227
G0 X143.846 Y66.433
G0 X138.579 Y71.287
G0 X132.296 Y80.84
;TYPE:SKIN
G1 F2400 E2862.83719
G1 F5400 X133.649 Y80.708 E2862.90049
G1 X134.995 Y80.301 E2862.96596
G1 X136.151 Y79.685 E2863.02696
G1 X137.216 Y78.811 E2863.09111
G1 X138.099 Y77.744 E2863.1556
G1 X138.729 Y76.567 E2863.21776
G1 X139.142 Y75.211 E2863.28377
G1 X139.276 Y73.876 E2863.34624
G1 X139.136 Y72.501 E2863.4106
G1 X138.748 Y71.229 E2863.47252
G1 X138.117 Y70.037 E2863.53533
G1 X137.239 Y68.964 E2863.59988
G1 X136.174 Y68.088 E2863.6641
G1 X134.991 Y67.451 E2863.72666
G1 X133.644 Y67.04 E2863.79224
G1 X132.324 Y66.912 E2863.85399
G1 X130.973 Y67.042 E2863.91719
G1 X129.625 Y67.451 E2863.98278
G1 X128.457 Y68.079 E2864.04453
G1 X127.386 Y68.954 E2864.10893
G1 X126.533 Y69.988 E2864.17135
G1 X125.887 Y71.189 E2864.23485
G1 X125.48 Y72.515 E2864.29943
G1 X125.34 Y73.901 E2864.3643
G1 X125.479 Y75.236 E2864.4268
G1 X125.883 Y76.554 E2864.49099
G1 X126.522 Y77.749 E2864.55409
G1 X127.397 Y78.813 E2864.61824
G1 X128.428 Y79.663 E2864.68045
G1 X129.659 Y80.319 E2864.74541
G1 X130.943 Y80.707 E2864.80787
G1 X132.296 Y80.84 E2864.87117
G1 F2400 E2861.87117
G0 F15000 X132.321 Y80.581
G0 X129.842 Y79.841
G0 X128.938 Y79.359
G0 X126.673 Y77.65
G0 X126.673 Y58.248
G0 X74.656 Y58.558
G1 F2400 E2864.87117
G1 F3248.1 X75.432 Y58.522 E2864.93131
G1 F3262.8 X76.219 Y58.557 E2864.99202
G1 F2400 E2861.99202
G0 F15000 X76.219 Y58.148
G0 X87.257 Y58.248
G0 X87.219 Y69.522
G0 X87.221 Y78.055
G1 F2400 E2864.99202
G1 F5400 X87.519 Y78.035 E2865.00592
G1 X88.009 Y77.902 E2865.02957
G1 X88.231 Y77.762 E2865.04179
G1 X88.57 Y77.416 E2865.06434
G1 X88.807 Y76.886 E2865.09138
G1 X88.799 Y76.303 E2865.11853
G1 X88.601 Y75.786 E2865.1443
G1 X88.213 Y75.392 E2865.17005
G1 X87.941 Y75.27 E2865.18393
G1 X87.727 Y75.144 E2865.1955
G1 X88.215 Y74.903 E2865.22084
G1 X88.541 Y74.547 E2865.24332
G1 X88.793 Y74.12 E2865.26641
G1 X89.066 Y74.595 E2865.29192
G1 X89.346 Y74.872 E2865.31026
G1 X89.561 Y75.007 E2865.32208
G1 X90.069 Y75.168 E2865.34689
G1 X90.424 Y75.161 E2865.36343
G1 X90.923 Y75.015 E2865.38764
G1 X91.136 Y74.871 E2865.39961
G1 X91.396 Y74.604 E2865.41696
G1 X91.548 Y74.346 E2865.4309
G1 X91.687 Y73.886 E2865.45328
G1 X91.698 Y73.626 E2865.4654
G1 X91.619 Y73.165 E2865.48718
G1 X91.316 Y72.724 E2865.51209
G1 X91.124 Y72.556 E2865.52397
G1 X90.657 Y72.313 E2865.54848
G1 X90.377 Y72.269 E2865.56168
G1 X89.915 Y72.283 E2865.5832
G1 X89.381 Y72.526 E2865.61052
G1 X89.046 Y72.866 E2865.63275
G1 X88.89 Y73.186 E2865.64933
G1 X88.805 Y73.309 E2865.65629
G1 X88.703 Y73.161 E2865.66466
G1 X88.561 Y72.859 E2865.6802
G1 X88.224 Y72.494 E2865.70333
G1 X87.935 Y72.363 E2865.7181
G1 X87.74 Y72.241 E2865.72881
G1 X87.928 Y72.123 E2865.73915
G1 X88.227 Y71.984 E2865.7545
G1 X88.578 Y71.585 E2865.77925
G1 X88.812 Y71.096 E2865.80449
G1 X88.795 Y70.465 E2865.83388
G1 X88.585 Y69.982 E2865.85841
G1 X88.227 Y69.617 E2865.88221
G1 X87.967 Y69.471 E2865.8961
G1 X87.543 Y69.351 E2865.91662
G1 X87.193 Y69.341 E2865.93292
G1 X86.583 Y69.514 E2865.96245
G1 X86.189 Y69.91 E2865.98846
G1 X86.046 Y70.156 E2866.00171
G1 X85.911 Y70.61 E2866.02376
G1 X85.91 Y70.978 E2866.0409
G1 X86.05 Y71.433 E2866.06307
G1 X86.265 Y71.753 E2866.08102
G1 X86.557 Y72.014 E2866.09925
G1 X86.747 Y72.103 E2866.10902
G1 X86.968 Y72.239 E2866.12111
G1 X86.768 Y72.364 E2866.13209
G1 X86.497 Y72.495 E2866.1461
G1 X86.132 Y72.878 E2866.17074
G1 X85.983 Y73.204 E2866.18743
G1 X85.876 Y73.328 E2866.19506
G1 X85.592 Y72.824 E2866.22199
G1 X85.389 Y72.59 E2866.23642
G1 X84.924 Y72.35 E2866.26079
G1 X84.642 Y72.269 E2866.27445
G1 X84.147 Y72.265 E2866.2975
G1 X83.606 Y72.502 E2866.325
G1 X83.2 Y72.917 E2866.35203
G1 X82.99 Y73.455 E2866.37893
G1 X83.001 Y73.993 E2866.40398
G1 X83.209 Y74.531 E2866.43084
G1 X83.578 Y74.899 E2866.45511
G1 X83.822 Y75.031 E2866.46803
G1 X84.254 Y75.161 E2866.48903
G1 X84.576 Y75.18 E2866.50405
G1 X84.998 Y75.056 E2866.52453
G1 X85.337 Y74.871 E2866.54252
G1 X85.624 Y74.586 E2866.56135
G1 X85.808 Y74.219 E2866.58047
G1 X85.89 Y74.111 E2866.58678
G1 X85.98 Y74.229 E2866.59369
G1 X86.128 Y74.539 E2866.60969
G1 X86.478 Y74.914 E2866.63357
G1 X86.764 Y75.047 E2866.64826
G1 X86.971 Y75.17 E2866.65947
G1 X86.498 Y75.394 E2866.68384
G1 X86.084 Y75.823 E2866.7116
G1 X85.892 Y76.469 E2866.74298
G1 X85.912 Y76.767 E2866.75689
G1 X86.05 Y77.229 E2866.77934
G1 X86.174 Y77.445 E2866.79094
G1 X86.463 Y77.744 E2866.8103
G1 X86.676 Y77.88 E2866.82207
G1 X87.221 Y78.055 E2866.84872
G1 F2400 E2863.84872
G0 F15000 X87.257 Y77.799
G0 X88.43 Y77.306
G0 X98.73 Y76.583
G0 X100.54 Y77.316
G1 F2400 E2866.84872
G1 F5400 X101.227 Y77.242 E2866.8809
G1 X101.867 Y77.048 E2866.91204
G1 X102.474 Y76.731 E2866.94392
G1 X102.979 Y76.32 E2866.97424
G1 X103.433 Y75.763 E2867.0077
G1 X103.756 Y75.154 E2867.0398
G1 X103.956 Y74.503 E2867.07151
G1 X104.016 Y73.826 E2867.10316
G1 X103.956 Y73.193 E2867.13277
G1 X103.763 Y72.567 E2867.16327
G1 X103.444 Y71.942 E2867.19595
G1 X102.988 Y71.389 E2867.22932
G1 X102.48 Y70.969 E2867.26001
G1 X101.867 Y70.646 E2867.29228
G1 X101.207 Y70.453 E2867.3243
G1 X100.552 Y70.38 E2867.35499
G1 X99.881 Y70.454 E2867.38642
G1 X99.223 Y70.651 E2867.4184
G1 X98.632 Y70.965 E2867.44957
G1 X98.126 Y71.382 E2867.4801
G1 X97.674 Y71.923 E2867.51292
G1 X97.354 Y72.512 E2867.54414
G1 X97.164 Y73.133 E2867.57438
G1 X97.084 Y73.858 E2867.60834
G1 X97.161 Y74.527 E2867.6397
G1 X97.357 Y75.182 E2867.67153
G1 X97.675 Y75.779 E2867.70303
G1 X98.124 Y76.316 E2867.73562
G1 X98.625 Y76.731 E2867.76592
G1 X99.212 Y77.034 E2867.79668
G1 X99.846 Y77.243 E2867.82776
G1 X100.54 Y77.316 E2867.86025
G1 F2400 E2864.86025
G0 F15000 X100.565 Y77.058
G0 X102.371 Y76.586
G0 X109.151 Y77.64
G0 X114.777 Y80.84
G1 F2400 E2867.86025
G1 F5400 X116.147 Y80.71 E2867.92433
G1 X117.483 Y80.305 E2867.98934
G1 X118.643 Y79.685 E2868.05058
G1 X119.703 Y78.813 E2868.1145
G1 X120.601 Y77.727 E2868.18011
G1 X121.236 Y76.528 E2868.24329
G1 X121.628 Y75.243 E2868.30585
G1 X121.764 Y73.852 E2868.37093
G1 X121.62 Y72.497 E2868.43438
G1 X121.225 Y71.206 E2868.49724
G1 X120.575 Y69.996 E2868.5612
G1 X119.713 Y68.958 E2868.62403
G1 X118.68 Y68.101 E2868.68653
G1 X117.479 Y67.451 E2868.75012
G1 X116.132 Y67.04 E2868.81569
G1 X114.812 Y66.912 E2868.87745
G1 X113.461 Y67.042 E2868.94064
G1 X112.113 Y67.451 E2869.00624
G1 X110.945 Y68.079 E2869.06799
G1 X109.878 Y68.95 E2869.13212
G1 X109.001 Y70.016 E2869.1964
G1 X108.371 Y71.193 E2869.25856
G1 X107.968 Y72.51 E2869.3227
G1 X107.828 Y73.892 E2869.38738
G1 X107.974 Y75.262 E2869.45153
G1 X108.364 Y76.535 E2869.51353
G1 X109 Y77.738 E2869.57689
G1 X109.884 Y78.811 E2869.64163
G1 X110.908 Y79.659 E2869.70353
G1 X112.109 Y80.305 E2869.76704
G1 X113.461 Y80.716 E2869.83283
G1 X114.777 Y80.84 E2869.89438
G1 F2400 E2866.89438
G0 F15000 X114.801 Y80.581
G0 X114.082 Y80.595
G0 X114.082 Y88.551
G0 X110 Y124.983
G1 F2400 E2869.89438
G1 F5400 X127.967 Y124.984 E2870.731
G1 X128.304 Y124.804 E2870.74879
G1 X128.481 Y124.639 E2870.76006
G1 X128.641 Y124.371 E2870.7746
G1 X128.702 Y124.111 E2870.78703
G1 X128.703 Y89.268 E2872.40947
G1 X128.626 Y88.959 E2872.42429
G1 X128.449 Y88.695 E2872.4391
G1 X128.259 Y88.537 E2872.4506
G1 X127.832 Y88.387 E2872.47168
G1 X91.917 Y88.391 E2874.14403
G1 X91.623 Y88.475 E2874.15827
G1 X91.417 Y88.599 E2874.16946
G1 X91.2 Y88.848 E2874.18484
G1 X91.064 Y89.281 E2874.20598
G1 X91.064 Y124.089 E2875.82678
G1 X91.209 Y124.542 E2875.84893
G1 X91.417 Y124.77 E2875.8633
G1 X91.609 Y124.888 E2875.87379
G1 X91.963 Y124.983 E2875.89086
G1 X110 Y124.983 E2876.73074
G1 F2400 E2873.73074
G0 F15000 X110 Y124.724
G0 X110 Y161.748
G0 X110 Y161.588
G1 F2400 E2876.73074
G1 F5400 X70.984 Y161.588 E2878.54749
G1 X70.984 Y64.28 E2883.07856
G1 F5046.7 X71.012 Y63.458 E2883.11953
G1 F4931.5 X70.993 Y62.699 E2883.15825
G1 F4954.1 X71.01 Y61.875 E2883.20008
G1 F5070.4 X70.985 Y61.028 E2883.2421
G1 F5400 X70.984 Y58.408 E2883.3641
G1 X73.84 Y58.408 E2883.49708
G1 F4931.5 X74.678 Y58.554 E2883.54046
G1 X73.882 Y58.951 E2883.58581
G1 F5400 X73.218 Y59.303 E2883.6208
G1 X72.605 Y59.801 E2883.65758
G1 X72.105 Y60.405 E2883.69409
G1 X71.716 Y61.137 E2883.73269
G1 F5070.4 X71.462 Y61.895 E2883.77233
G1 F4954.1 X71.411 Y62.641 E2883.81029
G1 F4931.5 X71.463 Y63.419 E2883.85004
G1 F5046.7 X71.727 Y64.215 E2883.89183
G1 F5400 X72.079 Y64.875 E2883.92666
G1 X72.581 Y65.491 E2883.96366
G1 X73.189 Y65.995 E2884.00043
G1 X73.886 Y66.369 E2884.03727
G1 X74.628 Y66.604 E2884.07351
G1 X75.425 Y66.684 E2884.11081
G1 X76.243 Y66.6 E2884.1491
G1 X76.982 Y66.369 E2884.18515
G1 X77.677 Y66.004 E2884.2217
G1 X78.278 Y65.502 E2884.25816
G1 X78.793 Y64.884 E2884.29562
G1 X79.16 Y64.183 E2884.33247
G1 X79.38 Y63.463 E2884.36752
G1 X79.464 Y62.644 E2884.40586
G1 X79.392 Y61.896 E2884.44085
G1 X79.164 Y61.133 E2884.47793
G1 X78.801 Y60.445 E2884.51415
G1 X78.29 Y59.824 E2884.5516
G1 X77.662 Y59.303 E2884.5896
G1 X76.998 Y58.951 E2884.62459
G1 F4557 X76.209 Y58.561 E2884.67316
G1 F3636.4 X76.294 Y58.528 E2884.67946
G1 F4153.8 X77.045 Y58.408 E2884.7255
G1 F5400 X143 Y58.408 E2887.79664
G1 F4931.5 X143.838 Y58.554 E2887.84001
G1 X143.042 Y58.95 E2887.88534
G1 F5400 X142.348 Y59.321 E2887.92199
G1 X141.76 Y59.805 E2887.95745
G1 X141.243 Y60.438 E2887.9955
G1 X140.876 Y61.14 E2888.03239
G1 X140.656 Y61.852 E2888.06709
G1 X140.572 Y62.67 E2888.10538
G1 X140.654 Y63.417 E2888.14037
G1 X140.886 Y64.196 E2888.17822
G1 X141.26 Y64.907 E2888.21563
G1 X141.761 Y65.512 E2888.2522
G1 X142.357 Y65.996 E2888.28796
G1 X143.053 Y66.37 E2888.32475
G1 X143.832 Y66.612 E2888.36273
G1 X144.572 Y66.684 E2888.39735
G1 X145.367 Y66.612 E2888.43452
G1 X146.128 Y66.379 E2888.47158
G1 X146.852 Y65.995 E2888.50974
G1 X147.432 Y65.515 E2888.5448
G1 X147.939 Y64.908 E2888.58162
G1 X148.313 Y64.21 E2888.6185
G1 F5167.5 X148.567 Y63.426 E2888.6586
G1 F5179.9 X148.619 Y62.675 E2888.69514
G1 F5192.3 X148.568 Y61.892 E2888.73314
G1 X148.324 Y61.133 E2888.77175
G1 F5400 X147.961 Y60.445 E2888.80797
G1 X147.428 Y59.797 E2888.84704
G1 X146.852 Y59.321 E2888.88183
G1 X146.166 Y58.955 E2888.91804
G1 F4557 X145.368 Y58.561 E2888.96715
G1 F3636.4 X145.455 Y58.527 E2888.97361
G1 F4153.8 X146.214 Y58.408 E2889.02011
G1 F5400 X149.016 Y58.408 E2889.15058
G1 X149.016 Y61.03 E2889.27268
G1 F5192.3 X149 Y61.873 E2889.31351
G1 X149.017 Y62.62 E2889.34969
G1 F5179.9 X148.999 Y63.463 E2889.39062
G1 F5167.5 X149.016 Y64.273 E2889.43004
G1 F5400 X149.016 Y161.588 E2893.96144
G1 X110 Y161.588 E2895.77819
G1 F2400 E2892.77819
G0 F15000 X110 Y161.848
G0 X149.204 Y161.776
G0 X149.204 Y58.22
G0 X145.379 Y58.148
G0 X145.379 Y58.557
G1 F2400 E2895.77819
G1 F3262.8 X144.592 Y58.522 E2895.8389
G1 F3248.1 X143.816 Y58.558 E2895.89903
G1 F2400 E2892.89903
G0 F15000 X143.816 Y58.148
G0 X148.553 Y58.148
G0 X148.553 Y58.609
G1 F2400 E2895.89903
G1 F5400 X148.816 Y58.872 E2895.91635
G0 F15000 X148.816 Y59.438
G1 F5400 X147.987 Y58.609 E2895.97094
G0 F15000 X147.421 Y58.609
G1 F5400 X148.816 Y60.004 E2896.06281
G0 F15000 X148.816 Y60.569
G1 F5400 X146.855 Y58.609 E2896.19191
G0 F15000 X146.687 Y59.006
G1 F5400 X146.29 Y58.609 E2896.21805
G1 F2400 E2893.21805
G0 F15000 X146.29 Y58.148
G0 X147.85 Y58.248
G0 X147.319 Y59.942
G0 X148.256 Y60.575
G1 F2400 E2896.21805
G1 F5400 X148.813 Y61.132 E2896.25473
G0 F15000 X148.676 Y61.56
G1 F5400 X148.792 Y61.676 E2896.26237
G1 F2400 E2893.26237
G0 F15000 X149.276 Y61.676
G0 X149.176 Y63.673
G0 X148.362 Y63.43
G0 X148.661 Y63.808
G1 F2400 E2896.26237
G1 F5400 X148.803 Y63.95 E2896.27172
G0 F15000 X148.516 Y64.229
G1 F5400 X148.816 Y64.529 E2896.29148
G0 F15000 X148.328 Y64.607
G1 F5400 X148.816 Y65.095 E2896.32361
G0 F15000 X148.816 Y65.661
G1 F5400 X148.133 Y64.977 E2896.36862
G0 F15000 X147.881 Y65.291
G1 F5400 X148.816 Y66.226 E2896.43019
G0 F15000 X148.816 Y66.792
G1 F5400 X147.626 Y65.601 E2896.50859
G0 F15000 X147.321 Y65.862
G1 F5400 X148.816 Y67.358 E2896.60707
G0 F15000 X148.816 Y67.923
G1 F5400 X147.014 Y66.121 E2896.72574
G0 F15000 X146.657 Y66.33
G1 F5400 X148.816 Y68.489 E2896.86791
G0 F15000 X148.816 Y69.055
G1 F5400 X146.288 Y66.526 E2897.03442
G0 F15000 X145.863 Y66.667
G1 F5400 X148.816 Y69.62 E2897.22888
G0 F15000 X148.816 Y70.186
G1 F5400 X145.435 Y66.805 E2897.45152
G0 F15000 X144.921 Y66.856
G1 F5400 X148.816 Y70.752 E2897.70805
G0 F15000 X148.816 Y71.317
G1 F5400 X144.364 Y66.865 E2898.00122
G0 F15000 X143.727 Y66.793
G1 F5400 X148.816 Y71.883 E2898.33637
G0 F15000 X148.816 Y72.449
G1 F5400 X142.86 Y66.493 E2898.72858
G1 F2400 E2895.72858
G0 F15000 X143.078 Y66.088
G0 X141.175 Y64.188
G0 X140.767 Y64.4
G1 F2400 E2898.72858
G1 F5400 X134.976 Y58.609 E2899.10993
G0 F15000 X134.41 Y58.609
G1 F5400 X148.816 Y73.014 E2900.05856
G0 F15000 X148.816 Y73.58
G1 F5400 X133.845 Y58.609 E2901.04442
G0 F15000 X133.279 Y58.609
G1 F5400 X148.816 Y74.146 E2902.06756
G0 F15000 X148.816 Y74.711
G1 F5400 X132.713 Y58.609 E2903.12794
G0 F15000 X132.148 Y58.609
G1 F5400 X148.816 Y75.277 E2904.22555
G0 F15000 X148.816 Y75.843
G1 F5400 X131.582 Y58.609 E2905.36044
G0 F15000 X131.016 Y58.609
G1 F5400 X148.816 Y76.409 E2906.5326
G0 F15000 X148.816 Y76.974
G1 F5400 X130.451 Y58.609 E2907.74197
G0 F15000 X129.885 Y58.609
G1 F5400 X148.816 Y77.54 E2908.98861
G0 F15000 X148.816 Y78.106
G1 F5400 X129.319 Y58.609 E2910.27252
G0 F15000 X128.754 Y58.609
G1 F5400 X148.816 Y78.671 E2911.59364
G0 F15000 X148.816 Y79.237
G1 F5400 X128.188 Y58.609 E2912.95202
G0 F15000 X127.622 Y58.609
G1 F5400 X148.816 Y79.803 E2914.34769
G0 F15000 X148.816 Y80.368
G1 F5400 X137.887 Y69.439 E2915.06738
G1 F2400 E2912.06738
G0 F15000 X137.533 Y69.73
G0 X136.445 Y68.646
G0 X136.737 Y68.29
G1 F2400 E2915.06738
G1 F5400 X127.056 Y58.609 E2915.70489
G0 F15000 X126.491 Y58.609
G1 F5400 X135.242 Y67.36 E2916.28116
G0 F15000 X134.367 Y67.05
G1 F5400 X125.925 Y58.609 E2916.83704
G0 F15000 X125.359 Y58.609
G1 F5400 X133.584 Y66.834 E2917.37868
G0 F15000 X132.957 Y66.772
G1 F5400 X124.794 Y58.609 E2917.91622
G0 F15000 X124.228 Y58.609
G1 F5400 X132.331 Y66.711 E2918.44979
G0 F15000 X131.811 Y66.757
G1 F5400 X123.662 Y58.609 E2918.98638
G0 F15000 X123.097 Y58.609
G1 F5400 X131.296 Y66.808 E2919.5263
G0 F15000 X130.804 Y66.882
G1 F5400 X122.531 Y58.609 E2920.07109
G0 F15000 X121.965 Y58.609
G1 F5400 X130.37 Y67.013 E2920.62454
G0 F15000 X129.936 Y67.145
G1 F5400 X121.4 Y58.609 E2921.18665
G0 F15000 X120.834 Y58.609
G1 F5400 X129.511 Y67.285 E2921.75801
G0 F15000 X129.142 Y67.483
G1 F5400 X120.268 Y58.609 E2922.34238
G0 F15000 X119.703 Y58.609
G1 F5400 X128.775 Y67.681 E2922.93979
G0 F15000 X128.406 Y67.878
G1 F5400 X119.137 Y58.609 E2923.55017
G0 F15000 X118.571 Y58.609
G1 F5400 X128.084 Y68.121 E2924.17658
G0 F15000 X127.773 Y68.377
G1 F5400 X118.006 Y58.609 E2924.81979
G0 F15000 X117.44 Y58.609
G1 F5400 X127.463 Y68.632 E2925.47982
G0 F15000 X127.17 Y68.904
G1 F5400 X116.874 Y58.609 E2926.15779
G0 F15000 X116.308 Y58.609
G1 F5400 X126.914 Y69.214 E2926.85618
G0 F15000 X126.658 Y69.523
G1 F5400 X115.743 Y58.609 E2927.57492
G0 F15000 X115.177 Y58.609
G1 F5400 X126.402 Y69.833 E2928.31408
G0 F15000 X126.194 Y70.191
G1 F5400 X114.611 Y58.609 E2929.0768
G0 F15000 X114.046 Y58.609
G1 F5400 X125.997 Y70.56 E2929.8638
G0 F15000 X125.8 Y70.928
G1 F5400 X113.48 Y58.609 E2930.67506
G0 F15000 X112.914 Y58.609
G1 F5400 X125.632 Y71.327 E2931.51256
G0 F15000 X125.501 Y71.761
G1 F5400 X112.349 Y58.609 E2932.37864
G0 F15000 X111.783 Y58.609
G1 F5400 X125.369 Y72.195 E2933.2733
G0 F15000 X125.266 Y72.657
G1 F5400 X111.217 Y58.609 E2934.19842
G0 F15000 X110.652 Y58.609
G1 F5400 X125.212 Y73.169 E2935.15722
G0 F15000 X125.159 Y73.681
G1 F5400 X110.086 Y58.609 E2936.14977
G0 F15000 X109.52 Y58.609
G1 F5400 X119.104 Y68.192 E2936.78086
G1 F2400 E2933.78086
G0 F15000 X118.811 Y68.547
G0 X117.456 Y67.736
G0 X117.675 Y67.329
G1 F2400 E2936.78086
G1 F5400 X108.955 Y58.609 E2937.35509
G0 F15000 X108.389 Y58.609
G1 F5400 X116.816 Y67.036 E2937.91002
G0 F15000 X116.045 Y66.831
G1 F5400 X107.823 Y58.609 E2938.45145
G0 F15000 X107.257 Y58.609
G1 F5400 X115.419 Y66.77 E2938.9889
G0 F15000 X114.792 Y66.709
G1 F5400 X106.692 Y58.609 E2939.5223
G0 F15000 X106.126 Y58.609
G1 F5400 X114.277 Y66.759 E2940.05902
G0 F15000 X113.762 Y66.81
G1 F5400 X105.56 Y58.609 E2940.59911
G0 F15000 X104.995 Y58.609
G1 F5400 X113.274 Y66.887 E2941.14426
G0 F15000 X112.839 Y67.019
G1 F5400 X104.429 Y58.609 E2941.69807
G0 F15000 X103.863 Y58.609
G1 F5400 X112.405 Y67.15 E2942.26055
G0 F15000 X111.983 Y67.294
G1 F5400 X103.298 Y58.609 E2942.83247
G0 F15000 X102.732 Y58.609
G1 F5400 X111.615 Y67.491 E2943.4174
G0 F15000 X111.247 Y67.689
G1 F5400 X102.166 Y58.609 E2944.01536
G0 F15000 X101.601 Y58.609
G1 F5400 X110.879 Y67.886 E2944.6263
G0 F15000 X110.558 Y68.132
G1 F5400 X101.035 Y58.609 E2945.25341
G0 F15000 X100.469 Y58.609
G1 F5400 X110.248 Y68.387 E2945.89734
G0 F15000 X109.937 Y68.642
G1 F5400 X99.904 Y58.609 E2946.55803
G0 F15000 X99.338 Y58.609
G1 F5400 X109.647 Y68.917 E2947.23686
G0 F15000 X109.392 Y69.228
G1 F5400 X98.772 Y58.609 E2947.93617
G0 F15000 X98.207 Y58.609
G1 F5400 X109.136 Y69.538 E2948.65587
G0 F15000 X108.881 Y69.849
G1 F5400 X97.641 Y58.609 E2949.39604
G0 F15000 X97.075 Y58.609
G1 F5400 X108.674 Y70.207 E2950.15982
G0 F15000 X108.477 Y70.576
G1 F5400 X96.509 Y58.609 E2950.9479
G0 F15000 X95.944 Y58.609
G1 F5400 X108.28 Y70.945 E2951.76025
G0 F15000 X108.115 Y71.345
G1 F5400 X95.378 Y58.609 E2952.59897
G0 F15000 X94.812 Y58.609
G1 F5400 X107.982 Y71.778 E2953.4662
G0 F15000 X107.851 Y72.213
G1 F5400 X94.247 Y58.609 E2954.36205
G0 F15000 X93.681 Y58.609
G1 F5400 X107.748 Y72.675 E2955.28835
G0 F15000 X107.694 Y73.188
G1 F5400 X93.115 Y58.609 E2956.2484
G0 F15000 X92.55 Y58.609
G1 F5400 X107.642 Y73.701 E2957.24224
G0 F15000 X107.67 Y74.295
G1 F5400 X91.984 Y58.609 E2958.27519
G0 F15000 X91.418 Y58.609
G1 F5400 X107.739 Y74.929 E2959.34992
G0 F15000 X107.88 Y75.636
G1 F5400 X90.853 Y58.609 E2960.47118
G0 F15000 X90.287 Y58.609
G1 F5400 X102.358 Y70.68 E2961.26607
G0 F15000 X102.147 Y71.084
G0 X101.283 Y70.741
G0 X101.415 Y70.302
G1 F5400 X89.721 Y58.609 E2962.03611
G0 F15000 X89.156 Y58.609
G1 F5400 X100.75 Y70.203 E2962.79959
G0 F15000 X100.199 Y70.218
G1 F5400 X88.59 Y58.609 E2963.56407
G0 F15000 X88.024 Y58.609
G1 F5400 X99.711 Y70.296 E2964.33368
G0 F15000 X99.274 Y70.424
G1 F5400 X87.459 Y58.609 E2965.11171
G0 F15000 X86.893 Y58.609
G1 F5400 X98.886 Y70.602 E2965.90147
G0 F15000 X98.518 Y70.8
G1 F5400 X86.327 Y58.609 E2966.70427
G0 F15000 X85.761 Y58.609
G1 F5400 X98.209 Y71.056 E2967.52396
G0 F15000 X97.913 Y71.326
G1 F5400 X85.196 Y58.609 E2968.3614
G0 F15000 X84.63 Y58.609
G1 F5400 X97.657 Y71.636 E2969.21925
G0 F15000 X97.423 Y71.967
G1 F5400 X84.064 Y58.609 E2970.09893
G0 F15000 X83.499 Y58.609
G1 F5400 X97.224 Y72.334 E2971.00274
G0 F15000 X97.075 Y72.751
G1 F5400 X82.933 Y58.609 E2971.93402
G0 F15000 X82.367 Y58.609
G1 F5400 X96.954 Y73.195 E2972.89456
G0 F15000 X96.901 Y73.708
G1 F5400 X81.802 Y58.609 E2973.88886
G0 F15000 X81.236 Y58.609
G1 F5400 X96.935 Y74.308 E2974.92266
G0 F15000 X97.107 Y75.045
G1 F5400 X80.67 Y58.609 E2976.00503
G0 F15000 X80.105 Y58.609
G1 F5400 X109.686 Y88.19 E2977.95299
G0 F15000 X109.121 Y88.19
G1 F5400 X79.539 Y58.609 E2979.90099
G0 F15000 X78.973 Y58.609
G1 F5400 X108.555 Y88.19 E2981.84898
G0 F15000 X107.989 Y88.19
G1 F5400 X78.408 Y58.609 E2983.79694
G0 F15000 X77.842 Y58.609
G1 F5400 X107.424 Y88.19 E2985.74493
G0 F15000 X106.858 Y88.19
G1 F5400 X91.818 Y73.15 E2986.73534
G0 F15000 X91.893 Y73.791
G1 F5400 X106.292 Y88.19 E2987.68354
G0 F15000 X105.727 Y88.19
G1 F5400 X91.786 Y74.25 E2988.60154
G0 F15000 X91.607 Y74.637
G1 F5400 X105.161 Y88.19 E2989.49407
G0 F15000 X104.595 Y88.19
G1 F5400 X91.346 Y74.941 E2990.36654
G0 F15000 X91.025 Y75.186
G1 F5400 X104.03 Y88.19 E2991.2229
G0 F15000 X103.464 Y88.19
G1 F5400 X90.592 Y75.319 E2992.07051
G0 F15000 X90.075 Y75.367
G1 F5400 X102.898 Y88.19 E2992.91493
G0 F15000 X102.332 Y88.19
G1 F5400 X88.74 Y74.598 E2993.80999
G0 F15000 X88.482 Y74.906
G1 F5400 X101.767 Y88.19 E2994.68479
G0 F15000 X101.201 Y88.19
G1 F5400 X88.825 Y75.815 E2995.49974
G0 F15000 X89.006 Y76.561
G1 F5400 X100.635 Y88.19 E2996.26553
G0 F15000 X100.07 Y88.19
G1 F5400 X88.943 Y77.063 E2996.99826
G0 F15000 X88.774 Y77.461
G1 F5400 X99.504 Y88.19 E2997.70482
G0 F15000 X98.938 Y88.19
G1 F5400 X88.509 Y77.761 E2998.39159
G0 F15000 X88.202 Y78.019
G1 F5400 X98.373 Y88.19 E2999.06136
G0 F15000 X97.807 Y88.19
G1 F5400 X87.785 Y78.169 E2999.7213
G0 F15000 X87.302 Y78.251
G1 F5400 X97.241 Y88.19 E3000.3758
G0 F15000 X96.676 Y88.19
G1 F5400 X86.463 Y77.978 E3001.04831
G0 F15000 X85.976 Y77.49
G1 F5400 X83.643 Y75.158 E3001.20191
G0 F15000 X84.421 Y75.37
G1 F5400 X85.708 Y76.657 E3001.28666
G0 F15000 X85.773 Y76.157
G1 F5400 X84.909 Y75.293 E3001.34355
G0 F15000 X85.303 Y75.12
G1 F5400 X85.907 Y75.725 E3001.38336
G0 F15000 X86.183 Y75.435
G1 F5400 X85.619 Y74.871 E3001.4205
G0 F15000 X85.865 Y74.551
G1 F5400 X85.961 Y74.647 E3001.42682
G0 F15000 X86.396 Y75.082
G1 F5400 X86.494 Y75.18 E3001.43328
G1 F2400 E2998.43328
G0 F15000 X87.267 Y75.273
G0 X85.68 Y73.467
G0 X85.904 Y72.894
G1 F2400 E3001.43328
G1 F5400 X85.802 Y72.792 E3001.43999
G0 F15000 X86.148 Y72.571
G1 F5400 X78.783 Y65.207 E3001.92496
G0 F15000 X78.526 Y65.515
G1 F5400 X85.363 Y72.352 E3002.37519
G0 F15000 X84.514 Y72.069
G1 F5400 X78.239 Y65.793 E3002.78844
G0 F15000 X77.93 Y66.05
G1 F5400 X83.992 Y72.113 E3003.18766
G0 F15000 X83.6 Y72.286
G1 F5400 X77.59 Y66.276 E3003.58343
G0 F15000 X77.219 Y66.471
G1 F5400 X83.289 Y72.541 E3003.98315
G0 F15000 X83.016 Y72.834
G1 F5400 X76.813 Y66.631 E3004.39163
G0 F15000 X76.382 Y66.766
G1 F5400 X82.856 Y73.239 E3004.81792
G0 F15000 X82.796 Y73.745
G1 F5400 X75.89 Y66.839 E3005.27269
G0 F15000 X75.365 Y66.88
G1 F5400 X82.977 Y74.492 E3005.77396
G1 F2400 E3002.77396
G0 F15000 X83.404 Y74.324
G0 X84.444 Y74.688
G0 X84.91 Y74.545
G0 X87.235 Y72.383
G0 X86.442 Y72.3
G1 F2400 E3005.77396
G1 F5400 X79.021 Y64.879 E3006.26264
G0 F15000 X79.216 Y64.508
G1 F5400 X85.712 Y71.004 E3006.69042
G0 F15000 X85.744 Y70.47
G1 F5400 X79.387 Y64.113 E3007.10904
G0 F15000 X79.518 Y63.679
G1 F5400 X85.88 Y70.04 E3007.52795
G0 F15000 X86.112 Y69.707
G1 F5400 X79.61 Y63.205 E3007.95612
G0 F15000 X79.662 Y62.691
G1 F5400 X86.394 Y69.423 E3008.39943
G0 F15000 X86.786 Y69.25
G1 F5400 X79.609 Y62.073 E3008.87205
G0 F15000 X79.432 Y61.33
G1 F5400 X87.246 Y69.144 E3009.38662
G0 F15000 X87.922 Y69.254
G1 F5400 X78.839 Y60.171 E3009.98475
G0 F15000 X78.485 Y60.464
G0 X77.623 Y59.601
G0 X77.917 Y59.249
G1 F5400 X77.276 Y58.609 E3010.02692
G0 F15000 X76.771 Y58.669
G1 F5400 X76.71 Y58.609 E3010.03091
G1 F2400 E3007.03091
G0 F15000 X76.71 Y58.148
G0 X74.116 Y58.248
G0 X74.336 Y58.981
G0 X73.985 Y58.711
G1 F2400 E3010.03091
G1 F5400 X73.883 Y58.609 E3010.03763
G0 F15000 X73.587 Y58.879
G1 F5400 X73.317 Y58.609 E3010.05541
G0 F15000 X73.218 Y59.076
G1 F5400 X72.751 Y58.609 E3010.08616
G0 F15000 X72.185 Y58.609
G1 F5400 X72.887 Y59.311 E3010.13239
G0 F15000 X72.576 Y59.565
G1 F5400 X71.619 Y58.609 E3010.19537
G0 F15000 X71.184 Y58.739
G1 F5400 X72.299 Y59.854 E3010.2688
G0 F15000 X72.044 Y60.164
G1 F5400 X71.184 Y59.305 E3010.3254
G0 F15000 X71.184 Y59.871
G1 F5400 X71.82 Y60.506 E3010.36725
G0 F15000 X71.624 Y60.876
G1 F5400 X71.184 Y60.436 E3010.39622
G0 F15000 X71.184 Y61.002
G1 F5400 X71.457 Y61.274 E3010.41417
G0 F15000 X71.213 Y61.597
G1 F5400 X71.305 Y61.689 E3010.42022
G1 F2400 E3007.42022
G0 F15000 X71.778 Y61.833
G0 X71.67 Y63.388
G0 X70.805 Y63.386
G0 X71.212 Y63.858
G1 F2400 E3010.42022
G1 F5400 X71.487 Y64.133 E3010.43833
G0 F15000 X71.184 Y64.396
G1 F5400 X94.979 Y88.19 E3012.00524
G0 F15000 X95.544 Y88.19
G1 F5400 X73.951 Y66.597 E3013.42718
G0 F15000 X74.739 Y66.819
G1 F5400 X96.11 Y88.19 E3014.83449
G1 F2400 E3011.83449
G0 F15000 X96.11 Y88.651
G0 X94.413 Y88.651
G0 X94.413 Y88.19
G1 F2400 E3014.83449
G1 F5400 X71.184 Y64.961 E3016.36416
G0 F15000 X71.184 Y65.527
G1 F5400 X93.847 Y88.19 E3017.85656
G0 F15000 X93.282 Y88.19
G1 F5400 X71.184 Y66.093 E3019.31172
G0 F15000 X71.184 Y66.658
G1 F5400 X92.716 Y88.19 E3020.72964
G0 F15000 X92.15 Y88.19
G1 F5400 X71.184 Y67.224 E3022.11029
G0 F15000 X71.184 Y67.79
G1 F5400 X91.654 Y88.26 E3023.45827
G0 F15000 X91.28 Y88.452
G1 F5400 X71.184 Y68.355 E3024.78166
G0 F15000 X71.184 Y68.921
G1 F5400 X91.019 Y88.757 E3026.08786
G0 F15000 X90.881 Y89.184
G1 F5400 X71.184 Y69.487 E3027.38494
G0 F15000 X71.184 Y70.052
G1 F5400 X90.865 Y89.734 E3028.681
G0 F15000 X90.865 Y90.3
G1 F5400 X71.184 Y70.618 E3029.97706
G0 F15000 X71.184 Y71.184
G1 F5400 X90.865 Y90.865 E3031.27309
G0 F15000 X90.865 Y91.431
G1 F5400 X71.184 Y71.749 E3032.56915
G0 F15000 X71.184 Y72.315
G1 F5400 X90.865 Y91.997 E3033.86521
G0 F15000 X90.865 Y92.562
G1 F5400 X71.184 Y72.881 E3035.16124
G0 F15000 X71.184 Y73.446
G1 F5400 X90.865 Y93.128 E3036.4573
G0 F15000 X90.865 Y93.694
G1 F5400 X71.184 Y74.012 E3037.75336
G0 F15000 X71.184 Y74.578
G1 F5400 X90.865 Y94.259 E3039.04939
G0 F15000 X90.865 Y94.825
G1 F5400 X71.184 Y75.144 E3040.34541
G0 F15000 X71.184 Y75.709
G1 F5400 X90.865 Y95.391 E3041.64147
G0 F15000 X90.865 Y95.957
G1 F5400 X71.184 Y76.275 E3042.93753
G0 F15000 X71.184 Y76.841
G1 F5400 X90.865 Y96.522 E3044.23356
G0 F15000 X90.865 Y97.088
G1 F5400 X71.184 Y77.406 E3045.52962
G0 F15000 X71.184 Y77.972
G1 F5400 X90.865 Y97.654 E3046.82568
G0 F15000 X90.865 Y98.219
G1 F5400 X71.184 Y78.538 E3048.12171
G0 F15000 X71.184 Y79.103
G1 F5400 X90.865 Y98.785 E3049.41777
G0 F15000 X90.865 Y99.351
G1 F5400 X71.184 Y79.669 E3050.71383
G0 F15000 X71.184 Y80.235
G1 F5400 X90.865 Y99.916 E3052.00986
G0 F15000 X90.865 Y100.482
G1 F5400 X71.184 Y80.8 E3053.30592
G0 F15000 X71.184 Y81.366
G1 F5400 X90.865 Y101.048 E3054.60198
G0 F15000 X90.865 Y101.613
G1 F5400 X71.184 Y81.932 E3055.89801
G0 F15000 X71.184 Y82.497
G1 F5400 X90.865 Y102.179 E3057.19407
G0 F15000 X90.865 Y102.745
G1 F5400 X71.184 Y83.063 E3058.49013
G0 F15000 X71.184 Y83.629
G1 F5400 X90.865 Y103.31 E3059.78615
G0 F15000 X90.865 Y103.876
G1 F5400 X71.184 Y84.194 E3061.08221
G0 F15000 X71.184 Y84.76
G1 F5400 X90.865 Y104.442 E3062.37828
G0 F15000 X90.865 Y105.007
G1 F5400 X71.184 Y85.326 E3063.6743
G0 F15000 X71.184 Y85.892
G1 F5400 X90.865 Y105.573 E3064.97033
G0 F15000 X90.865 Y106.139
G1 F5400 X71.184 Y86.457 E3066.26639
G0 F15000 X71.184 Y87.023
G1 F5400 X90.865 Y106.705 E3067.56245
G0 F15000 X90.865 Y107.27
G1 F5400 X71.184 Y87.589 E3068.85848
G0 F15000 X71.184 Y88.154
G1 F5400 X90.865 Y107.836 E3070.15454
G0 F15000 X90.865 Y108.402
G1 F5400 X71.184 Y88.72 E3071.4506
G0 F15000 X71.184 Y89.286
G1 F5400 X90.865 Y108.967 E3072.74663
G0 F15000 X90.865 Y109.533
G1 F5400 X71.184 Y89.851 E3074.04269
G0 F15000 X71.184 Y90.417
G1 F5400 X90.865 Y110.099 E3075.33875
G0 F15000 X90.865 Y110.664
G1 F5400 X71.184 Y90.983 E3076.63477
G0 F15000 X71.184 Y91.548
G1 F5400 X90.865 Y111.23 E3077.93084
G0 F15000 X90.865 Y111.796
G1 F5400 X71.184 Y92.114 E3079.2269
G0 F15000 X71.184 Y92.68
G1 F5400 X90.865 Y112.361 E3080.52292
G0 F15000 X90.865 Y112.927
G1 F5400 X71.184 Y93.245 E3081.81898
G0 F15000 X71.184 Y93.811
G1 F5400 X90.865 Y113.493 E3083.11504
G0 F15000 X90.865 Y114.058
G1 F5400 X71.184 Y94.377 E3084.41107
G0 F15000 X71.184 Y94.943
G1 F5400 X90.865 Y114.624 E3085.7071
G0 F15000 X90.865 Y115.19
G1 F5400 X71.184 Y95.508 E3087.00316
G0 F15000 X71.184 Y96.074
G1 F5400 X90.865 Y115.756 E3088.29922
G0 F15000 X90.865 Y116.321
G1 F5400 X71.184 Y96.64 E3089.59525
G0 F15000 X71.184 Y97.205
G1 F5400 X90.865 Y116.887 E3090.89131
G0 F15000 X90.865 Y117.453
G1 F5400 X71.184 Y97.771 E3092.18737
G0 F15000 X71.184 Y98.337
G1 F5400 X90.865 Y118.018 E3093.4834
G0 F15000 X90.865 Y118.584
G1 F5400 X71.184 Y98.902 E3094.77946
G0 F15000 X71.184 Y99.468
G1 F5400 X90.865 Y119.15 E3096.07552
G0 F15000 X90.865 Y119.715
G1 F5400 X71.184 Y100.034 E3097.37154
G0 F15000 X71.184 Y100.599
G1 F5400 X90.865 Y120.281 E3098.6676
G0 F15000 X90.865 Y120.847
G1 F5400 X71.184 Y101.165 E3099.96366
G0 F15000 X71.184 Y101.731
G1 F5400 X90.865 Y121.412 E3101.25969
G0 F15000 X90.865 Y121.978
G1 F5400 X71.184 Y102.296 E3102.55575
G0 F15000 X71.184 Y102.862
G1 F5400 X90.865 Y122.544 E3103.85181
G0 F15000 X90.865 Y123.109
G1 F5400 X71.184 Y103.428 E3105.14784
G0 F15000 X71.184 Y103.993
G1 F5400 X90.865 Y123.675 E3106.4439
G0 F15000 X90.916 Y124.292
G1 F5400 X71.184 Y104.559 E3107.74332
G0 F15000 X71.184 Y105.125
G1 F5400 X127.447 Y161.388 E3111.44833
G0 F15000 X128.012 Y161.388
G1 F5400 X91.755 Y125.13 E3113.83595
G0 F15000 X92.374 Y125.183
G1 F5400 X128.578 Y161.388 E3116.22008
G0 F15000 X129.144 Y161.388
G1 F5400 X92.939 Y125.183 E3118.60424
G0 F15000 X93.505 Y125.183
G1 F5400 X129.71 Y161.388 E3120.9884
G0 F15000 X130.275 Y161.388
G1 F5400 X94.071 Y125.183 E3123.37253
G0 F15000 X94.636 Y125.183
G1 F5400 X130.841 Y161.388 E3125.75669
G0 F15000 X131.407 Y161.388
G1 F5400 X95.202 Y125.183 E3128.14085
G0 F15000 X95.768 Y125.183
G1 F5400 X131.972 Y161.388 E3130.52498
G0 F15000 X132.538 Y161.388
G1 F5400 X96.333 Y125.183 E3132.90914
G0 F15000 X96.899 Y125.183
G1 F5400 X133.104 Y161.388 E3135.2933
G0 F15000 X133.669 Y161.388
G1 F5400 X97.465 Y125.183 E3137.67743
G0 F15000 X98.03 Y125.183
G1 F5400 X134.235 Y161.388 E3140.06159
G0 F15000 X134.801 Y161.388
G1 F5400 X98.596 Y125.183 E3142.44575
G0 F15000 X99.162 Y125.183
G1 F5400 X135.366 Y161.388 E3144.82988
G0 F15000 X135.932 Y161.388
G1 F5400 X99.728 Y125.183 E3147.21401
G0 F15000 X100.293 Y125.183
G1 F5400 X136.498 Y161.388 E3149.59817
G0 F15000 X137.063 Y161.388
G1 F5400 X100.859 Y125.183 E3151.9823
G0 F15000 X101.425 Y125.183
G1 F5400 X137.629 Y161.388 E3154.36643
G0 F15000 X138.195 Y161.388
G1 F5400 X101.99 Y125.183 E3156.75059
G0 F15000 X102.556 Y125.183
G1 F5400 X138.761 Y161.388 E3159.13475
G0 F15000 X139.326 Y161.388
G1 F5400 X103.122 Y125.183 E3161.51888
G0 F15000 X103.687 Y125.183
G1 F5400 X139.892 Y161.388 E3163.90304
G0 F15000 X140.458 Y161.388
G1 F5400 X104.253 Y125.183 E3166.2872
G0 F15000 X104.819 Y125.183
G1 F5400 X141.023 Y161.388 E3168.67133
G0 F15000 X141.589 Y161.388
G1 F5400 X105.384 Y125.183 E3171.05549
G0 F15000 X105.95 Y125.183
G1 F5400 X142.155 Y161.388 E3173.43965
G0 F15000 X142.72 Y161.388
G1 F5400 X106.516 Y125.183 E3175.82378
G0 F15000 X107.081 Y125.183
G1 F5400 X143.286 Y161.388 E3178.20794
G0 F15000 X143.852 Y161.388
G1 F5400 X107.647 Y125.183 E3180.5921
G0 F15000 X108.213 Y125.183
G1 F5400 X144.417 Y161.388 E3182.97623
G0 F15000 X144.983 Y161.388
G1 F5400 X108.778 Y125.183 E3185.36039
G0 F15000 X109.344 Y125.183
G1 F5400 X145.549 Y161.388 E3187.74455
G0 F15000 X146.114 Y161.388
G1 F5400 X109.91 Y125.183 E3190.12868
G0 F15000 X110.476 Y125.184
G1 F5400 X146.68 Y161.388 E3192.51277
G0 F15000 X147.246 Y161.388
G1 F5400 X111.042 Y125.184 E3194.89687
G0 F15000 X111.608 Y125.184
G1 F5400 X147.811 Y161.388 E3197.28093
G0 F15000 X148.377 Y161.388
G1 F5400 X112.173 Y125.184 E3199.66503
G0 F15000 X112.739 Y125.184
G1 F5400 X148.816 Y161.261 E3202.04076
G0 F15000 X148.816 Y160.696
G1 F5400 X113.305 Y125.184 E3204.37925
G0 F15000 X113.87 Y125.184
G1 F5400 X148.816 Y160.13 E3206.68051
G0 F15000 X148.816 Y159.564
G1 F5400 X114.436 Y125.184 E3208.94449
G0 F15000 X115.002 Y125.184
G1 F5400 X148.816 Y158.999 E3211.17123
G0 F15000 X148.816 Y158.433
G1 F5400 X115.567 Y125.184 E3213.36073
G0 F15000 X116.133 Y125.184
G1 F5400 X148.816 Y157.867 E3215.51296
G0 F15000 X148.816 Y157.302
G1 F5400 X116.699 Y125.184 E3217.62796
G0 F15000 X117.264 Y125.184
G1 F5400 X148.816 Y156.736 E3219.70571
G0 F15000 X148.816 Y156.17
G1 F5400 X117.83 Y125.184 E3221.74619
G0 F15000 X118.396 Y125.184
G1 F5400 X148.816 Y155.605 E3223.74943
G0 F15000 X148.816 Y155.039
G1 F5400 X118.962 Y125.184 E3225.7154
G0 F15000 X119.527 Y125.184
G1 F5400 X148.816 Y154.473 E3227.64413
G0 F15000 X148.816 Y153.907
G1 F5400 X120.093 Y125.184 E3229.53559
G0 F15000 X120.659 Y125.184
G1 F5400 X148.816 Y153.342 E3231.38981
G0 F15000 X148.816 Y152.776
G1 F5400 X121.224 Y125.184 E3233.20679
G0 F15000 X121.79 Y125.184
G1 F5400 X148.816 Y152.21 E3234.9865
G0 F15000 X148.816 Y151.645
G1 F5400 X122.356 Y125.184 E3236.72897
G0 F15000 X122.921 Y125.184
G1 F5400 X148.816 Y151.079 E3238.4342
G0 F15000 X148.816 Y150.513
G1 F5400 X123.487 Y125.184 E3240.10216
G0 F15000 X124.053 Y125.184
G1 F5400 X148.816 Y149.948 E3241.73288
G0 F15000 X148.816 Y149.382
G1 F5400 X124.618 Y125.184 E3243.32635
G0 F15000 X125.184 Y125.184
G1 F5400 X148.816 Y148.816 E3244.88256
G0 F15000 X148.816 Y148.251
G1 F5400 X125.75 Y125.184 E3246.40153
G0 F15000 X126.315 Y125.184
G1 F5400 X148.816 Y147.685 E3247.88326
G0 F15000 X148.816 Y147.119
G1 F5400 X126.881 Y125.184 E3249.32772
G0 F15000 X127.447 Y125.184
G1 F5400 X148.816 Y146.554 E3250.73494
G0 F15000 X148.816 Y145.988
G1 F5400 X128.011 Y125.183 E3252.10498
G0 F15000 X128.382 Y124.988
G1 F5400 X148.816 Y145.422 E3253.45059
G0 F15000 X148.816 Y144.856
G1 F5400 X128.672 Y124.712 E3254.77711
G0 F15000 X128.857 Y124.332
G1 F5400 X148.816 Y144.291 E3256.09144
G0 F15000 X148.816 Y143.725
G1 F5400 X128.903 Y123.812 E3257.40275
G0 F15000 X128.903 Y123.247
G1 F5400 X148.816 Y143.159 E3258.71402
G0 F15000 X148.816 Y142.594
G1 F5400 X128.903 Y122.681 E3260.02533
G0 F15000 X128.903 Y122.115
G1 F5400 X148.816 Y142.028 E3261.33663
G0 F15000 X148.816 Y141.462
G1 F5400 X128.903 Y121.55 E3262.6479
G0 F15000 X128.903 Y120.984
G1 F5400 X148.816 Y140.897 E3263.95921
G0 F15000 X148.816 Y140.331
G1 F5400 X128.903 Y120.418 E3265.27051
G0 F15000 X128.903 Y119.852
G1 F5400 X148.816 Y139.765 E3266.58182
G0 F15000 X148.816 Y139.2
G1 F5400 X128.903 Y119.287 E3267.89312
G0 F15000 X128.903 Y118.721
G1 F5400 X148.816 Y138.634 E3269.20443
G0 F15000 X148.816 Y138.068
G1 F5400 X128.903 Y118.155 E3270.51573
G0 F15000 X128.903 Y117.59
G1 F5400 X148.816 Y137.503 E3271.82704
G0 F15000 X148.816 Y136.937
G1 F5400 X128.903 Y117.024 E3273.13834
G0 F15000 X128.903 Y116.458
G1 F5400 X148.816 Y136.371 E3274.44965
G0 F15000 X148.816 Y135.806
G1 F5400 X128.903 Y115.893 E3275.76095
G0 F15000 X128.903 Y115.326
G1 F5400 X148.816 Y135.24 E3277.07229
G0 F15000 X148.816 Y134.674
G1 F5400 X128.903 Y114.761 E3278.3836
G0 F15000 X128.903 Y114.195
G1 F5400 X148.816 Y134.108 E3279.6949
G0 F15000 X148.816 Y133.543
G1 F5400 X128.903 Y113.629 E3281.00624
G0 F15000 X128.903 Y113.064
G1 F5400 X148.816 Y132.977 E3282.31755
G0 F15000 X148.816 Y132.411
G1 F5400 X128.903 Y112.498 E3283.62885
G0 F15000 X128.903 Y111.932
G1 F5400 X148.816 Y131.846 E3284.94019
G0 F15000 X148.816 Y131.28
G1 F5400 X128.903 Y111.366 E3286.25153
G0 F15000 X128.903 Y110.801
G1 F5400 X148.816 Y130.714 E3287.56283
G0 F15000 X148.816 Y130.149
G1 F5400 X128.903 Y110.235 E3288.87417
G0 F15000 X128.903 Y109.669
G1 F5400 X148.816 Y129.583 E3290.18551
G0 F15000 X148.816 Y129.017
G1 F5400 X128.903 Y109.104 E3291.49681
G0 F15000 X128.903 Y108.538
G1 F5400 X148.816 Y128.452 E3292.80815
G0 F15000 X148.816 Y127.886
G1 F5400 X128.903 Y107.972 E3294.11949
G0 F15000 X128.903 Y107.407
G1 F5400 X148.816 Y127.32 E3295.43079
G0 F15000 X148.816 Y126.755
G1 F5400 X128.903 Y106.841 E3296.74213
G0 F15000 X128.902 Y106.275
G1 F5400 X148.816 Y126.189 E3298.0535
G0 F15000 X148.816 Y125.623
G1 F5400 X128.902 Y105.709 E3299.36487
G0 F15000 X128.902 Y105.143
G1 F5400 X148.816 Y125.057 E3300.67624
G0 F15000 X148.816 Y124.492
G1 F5400 X128.902 Y104.578 E3301.98762
G0 F15000 X128.902 Y104.012
G1 F5400 X148.816 Y123.926 E3303.29899
G0 F15000 X148.816 Y123.36
G1 F5400 X128.902 Y103.446 E3304.61036
G0 F15000 X128.902 Y102.881
G1 F5400 X148.816 Y122.795 E3305.92173
G0 F15000 X148.816 Y122.229
G1 F5400 X128.902 Y102.315 E3307.2331
G0 F15000 X128.902 Y101.749
G1 F5400 X148.816 Y121.663 E3308.54447
G0 F15000 X148.816 Y121.098
G1 F5400 X128.902 Y101.183 E3309.85587
G0 F15000 X128.902 Y100.618
G1 F5400 X148.816 Y120.532 E3311.16725
G0 F15000 X148.816 Y119.966
G1 F5400 X128.902 Y100.052 E3312.47862
G0 F15000 X128.902 Y99.486
G1 F5400 X148.816 Y119.401 E3313.79002
G0 F15000 X148.816 Y118.835
G1 F5400 X128.902 Y98.921 E3315.10139
G0 F15000 X128.902 Y98.355
G1 F5400 X148.816 Y118.269 E3316.41276
G0 F15000 X148.816 Y117.704
G1 F5400 X128.901 Y97.789 E3317.7242
G0 F15000 X128.901 Y97.223
G1 F5400 X148.816 Y117.138 E3319.03564
G0 F15000 X148.816 Y116.572
G1 F5400 X128.901 Y96.657 E3320.34707
G0 F15000 X128.901 Y96.092
G1 F5400 X148.816 Y116.007 E3321.65851
G0 F15000 X148.816 Y115.441
G1 F5400 X128.901 Y95.526 E3322.96995
G0 F15000 X128.901 Y94.96
G1 F5400 X148.816 Y114.875 E3324.28138
G0 F15000 X148.816 Y114.309
G1 F5400 X128.901 Y94.395 E3325.59279
G0 F15000 X128.901 Y93.829
G1 F5400 X148.816 Y113.744 E3326.90422
G0 F15000 X148.816 Y113.178
G1 F5400 X128.901 Y93.263 E3328.21566
G0 F15000 X128.901 Y92.697
G1 F5400 X148.816 Y112.612 E3329.5271
G0 F15000 X148.816 Y112.047
G1 F5400 X128.901 Y92.132 E3330.83853
G0 F15000 X128.901 Y91.566
G1 F5400 X148.816 Y111.481 E3332.14997
G0 F15000 X148.816 Y110.915
G1 F5400 X128.901 Y91 E3333.46141
G0 F15000 X128.901 Y90.435
G1 F5400 X148.816 Y110.35 E3334.77284
G0 F15000 X148.816 Y109.784
G1 F5400 X128.901 Y89.869 E3336.08428
G0 F15000 X128.901 Y89.303
G1 F5400 X148.816 Y109.218 E3337.39572
G0 F15000 X148.816 Y108.653
G1 F5400 X119.447 Y79.283 E3339.32975
G0 F15000 X119.755 Y79.026
G1 F5400 X148.816 Y108.087 E3341.24347
G0 F15000 X148.816 Y107.521
G1 F5400 X120.029 Y78.734 E3343.13914
G0 F15000 X120.285 Y78.425
G1 F5400 X148.816 Y106.956 E3345.01795
G0 F15000 X148.816 Y106.39
G1 F5400 X120.542 Y78.116 E3346.87984
G0 F15000 X120.789 Y77.797
G1 F5400 X148.816 Y105.824 E3348.72547
G0 F15000 X148.816 Y105.259
G1 F5400 X120.985 Y77.427 E3350.55822
G0 F15000 X121.18 Y77.056
G1 F5400 X148.816 Y104.693 E3352.37813
G0 F15000 X148.816 Y104.127
G1 F5400 X121.375 Y76.686 E3354.18517
G0 F15000 X121.523 Y76.269
G1 F5400 X148.816 Y103.561 E3355.98243
G0 F15000 X148.816 Y102.996
G1 F5400 X121.655 Y75.834 E3357.77106
G0 F15000 X121.787 Y75.401
G1 F5400 X148.816 Y102.43 E3359.55096
G0 F15000 X148.816 Y101.864
G1 F5400 X121.863 Y74.911 E3361.32587
G0 F15000 X121.914 Y74.396
G1 F5400 X148.816 Y101.299 E3363.09744
G0 F15000 X148.816 Y100.733
G1 F5400 X121.964 Y73.881 E3364.86569
G0 F15000 X121.901 Y73.252
G1 F5400 X126.179 Y77.53 E3365.1474
G0 F15000 X126.584 Y77.314
G0 X126.072 Y76.286
G0 X125.634 Y76.419
G1 F5400 X121.834 Y72.62 E3365.39761
G0 F15000 X121.628 Y71.848
G1 F5400 X125.384 Y75.604 E3365.64495
G0 F15000 X125.243 Y74.897
G1 F5400 X121.332 Y70.986 E3365.90249
G1 F2400 E3362.90249
G0 F15000 X120.926 Y71.202
G0 X120.13 Y69.865
G0 X120.485 Y69.574
G1 F2400 E3365.90249
G1 F5400 X125.177 Y74.265 E3366.21144
G1 F2400 E3363.21144
G0 F15000 X125.638 Y74.218
G0 X126.351 Y76.349
G0 X126.946 Y77.465
G0 X127.4 Y78.019
G0 X128.888 Y79.618
G0 X128.673 Y80.024
G1 F2400 E3366.21144
G1 F5400 X148.816 Y100.167 E3367.53789
G0 F15000 X148.816 Y99.602
G1 F5400 X129.774 Y80.559 E3368.79187
G0 F15000 X130.588 Y80.807
G1 F5400 X148.816 Y99.036 E3369.99225
G0 F15000 X148.816 Y98.47
G1 F5400 X131.285 Y80.939 E3371.14669
G0 F15000 X131.911 Y80.999
G1 F5400 X148.816 Y97.905 E3372.25995
G0 F15000 X148.816 Y97.339
G1 F5400 X132.501 Y81.024 E3373.33432
G0 F15000 X133.014 Y80.971
G1 F5400 X148.816 Y96.773 E3374.37491
G0 F15000 X148.816 Y96.208
G1 F5400 X133.526 Y80.917 E3375.38181
G0 F15000 X133.992 Y80.817
G1 F5400 X148.816 Y95.642 E3376.35803
G0 F15000 X148.816 Y95.076
G1 F5400 X134.426 Y80.686 E3377.30564
G0 F15000 X134.861 Y80.555
G1 F5400 X148.816 Y94.51 E3378.2246
G0 F15000 X148.816 Y93.945
G1 F5400 X135.255 Y80.384 E3379.11761
G0 F15000 X135.625 Y80.188
G1 F5400 X148.816 Y93.379 E3379.98626
G0 F15000 X148.816 Y92.813
G1 F5400 X135.995 Y79.992 E3380.83055
G0 F15000 X136.351 Y79.782
G1 F5400 X148.816 Y92.248 E3381.65142
G0 F15000 X148.816 Y91.682
G1 F5400 X136.661 Y79.527 E3382.45185
G0 F15000 X136.971 Y79.271
G1 F5400 X148.816 Y91.116 E3383.23186
G0 F15000 X148.816 Y90.551
G1 F5400 X137.281 Y79.015 E3383.9915
G0 F15000 X137.551 Y78.72
G1 F5400 X148.816 Y89.985 E3384.73332
G0 F15000 X148.816 Y89.419
G1 F5400 X137.807 Y78.41 E3385.45828
G0 F15000 X138.063 Y78.101
G1 F5400 X148.816 Y88.854 E3386.16638
G0 F15000 X148.816 Y88.288
G1 F5400 X138.307 Y77.778 E3386.85845
G0 F15000 X138.504 Y77.41
G1 F5400 X148.816 Y87.722 E3387.53751
G0 F15000 X148.816 Y87.157
G1 F5400 X138.701 Y77.041 E3388.20363
G0 F15000 X138.898 Y76.673
G1 F5400 X148.816 Y86.591 E3388.85675
G0 F15000 X148.816 Y86.025
G1 F5400 X139.038 Y76.247 E3389.50065
G0 F15000 X139.169 Y75.812
G1 F5400 X148.816 Y85.46 E3390.13595
G0 F15000 X148.816 Y84.894
G1 F5400 X139.299 Y75.377 E3390.76267
G0 F15000 X139.375 Y74.887
G1 F5400 X148.816 Y84.328 E3391.38437
G0 F15000 X148.816 Y83.762
G1 F5400 X139.427 Y74.373 E3392.00265
G0 F15000 X139.473 Y73.854
G1 F5400 X148.816 Y83.197 E3392.61791
G0 F15000 X148.816 Y82.631
G1 F5400 X139.411 Y73.226 E3393.23724
G0 F15000 X139.349 Y72.598
G1 F5400 X148.816 Y82.065 E3393.86066
G0 F15000 X148.816 Y81.5
G1 F5400 X139.135 Y71.819 E3394.49817
G0 F15000 X138.83 Y70.948
G1 F5400 X148.816 Y80.934 E3395.15576
G1 F2400 E3392.15576
G0 F15000 X149.276 Y80.934
G0 X149.176 Y63.425
G0 X148.375 Y63.388
G0 X140.489 Y63.555
G1 F2400 E3395.15576
G1 F5400 X135.542 Y58.609 E3395.4815
G0 F15000 X136.107 Y58.609
G1 F5400 X140.396 Y62.897 E3395.7639
G0 F15000 X140.405 Y62.341
G1 F5400 X136.673 Y58.609 E3396.00966
G0 F15000 X137.239 Y58.609
G1 F5400 X140.455 Y61.825 E3396.22144
G0 F15000 X140.589 Y61.393
G1 F5400 X137.805 Y58.609 E3396.40477
G0 F15000 X138.37 Y58.609
G1 F5400 X140.739 Y60.977 E3396.56074
G0 F15000 X140.932 Y60.605
G1 F5400 X138.936 Y58.609 E3396.69218
G0 F15000 X139.502 Y58.609
G1 F5400 X141.138 Y60.245 E3396.79992
G0 F15000 X141.392 Y59.934
G1 F5400 X140.067 Y58.609 E3396.88717
G0 F15000 X140.633 Y58.609
G1 F5400 X141.655 Y59.631 E3396.95447
G0 F15000 X141.966 Y59.376
G1 F5400 X141.199 Y58.609 E3397.00498
G0 F15000 X141.764 Y58.609
G1 F5400 X142.281 Y59.125 E3397.03899
G0 F15000 X142.652 Y58.93
G1 F5400 X142.33 Y58.609 E3397.06016
G0 F15000 X142.896 Y58.609
G1 F5400 X143.034 Y58.746 E3397.06922
G1 F2400 E3394.06922
G0 F15000 X143.158 Y59.185
G0 X142.119 Y60.18
G0 X140.831 Y61.91
G0 X121.065 Y76.482
G0 X119.138 Y79.54
G1 F2400 E3397.06922
G1 F5400 X127.789 Y88.191 E3397.6389
G0 F15000 X127.223 Y88.191
G1 F5400 X118.829 Y79.796 E3398.19169
G0 F15000 X118.47 Y80.003
G1 F5400 X126.658 Y88.191 E3398.73089
G0 F15000 X126.092 Y88.191
G1 F5400 X118.102 Y80.201 E3399.25704
G0 F15000 X117.733 Y80.398
G1 F5400 X125.526 Y88.191 E3399.77022
G0 F15000 X124.961 Y88.191
G1 F5400 X117.333 Y80.564 E3400.27251
G0 F15000 X116.897 Y80.694
G1 F5400 X124.395 Y88.191 E3400.76623
G0 F15000 X123.829 Y88.191
G1 F5400 X116.462 Y80.824 E3401.25136
G0 F15000 X115.998 Y80.926
G1 F5400 X123.264 Y88.191 E3401.72981
G0 F15000 X122.698 Y88.191
G1 F5400 X115.483 Y80.976 E3402.20493
G0 F15000 X114.968 Y81.027
G1 F5400 X122.132 Y88.191 E3402.67669
G0 F15000 X121.567 Y88.191
G1 F5400 X114.379 Y81.003 E3403.15003
G0 F15000 X113.754 Y80.944
G1 F5400 X121.001 Y88.191 E3403.62726
G0 F15000 X120.435 Y88.191
G1 F5400 X113.047 Y80.803 E3404.11377
G0 F15000 X112.235 Y80.556
G1 F5400 X119.869 Y88.191 E3404.61651
G0 F15000 X119.304 Y88.191
G1 F5400 X111.11 Y79.997 E3405.1561
G1 F2400 E3402.1561
G0 F15000 X111.327 Y79.592
G0 X109.097 Y77.369
G0 X108.694 Y77.582
G1 F2400 E3405.1561
G1 F5400 X104.107 Y72.995 E3405.45817
G0 F15000 X104.2 Y73.653
G1 F5400 X118.738 Y88.191 E3406.41552
G0 F15000 X118.172 Y88.191
G1 F5400 X104.182 Y74.2 E3407.33682
G0 F15000 X104.109 Y74.694
G1 F5400 X117.607 Y88.191 E3408.22565
G0 F15000 X117.041 Y88.191
G1 F5400 X103.974 Y75.124 E3409.08613
G0 F15000 X103.793 Y75.509
G1 F5400 X116.475 Y88.191 E3409.92126
G0 F15000 X115.91 Y88.191
G1 F5400 X103.597 Y75.878 E3410.7321
G0 F15000 X103.344 Y76.191
G1 F5400 X115.344 Y88.191 E3411.52232
G0 F15000 X114.778 Y88.191
G1 F5400 X103.081 Y76.494 E3412.29258
G0 F15000 X102.769 Y76.748
G1 F5400 X114.213 Y88.191 E3413.04616
G0 F15000 X113.647 Y88.191
G1 F5400 X102.434 Y76.978 E3413.78455
G0 F15000 X102.064 Y77.174
G1 F5400 X113.081 Y88.191 E3414.51004
G0 F15000 X112.516 Y88.191
G1 F5400 X101.645 Y77.321 E3415.22588
G0 F15000 X101.205 Y77.447
G1 F5400 X111.95 Y88.191 E3415.93343
G0 F15000 X111.384 Y88.191
G1 F5400 X100.697 Y77.504 E3416.63718
G0 F15000 X100.102 Y77.474
G1 F5400 X110.818 Y88.191 E3417.34288
G0 F15000 X110.253 Y88.191
G1 F5400 X99.356 Y77.295 E3418.06044
G1 F2400 E3415.06044
G0 F15000 X99.496 Y76.858
G0 X101.129 Y76.746
G0 X101.685 Y76.576
G0 X102.195 Y76.304
G0 X102.642 Y75.937
G0 X103.009 Y75.49
G0 X103.281 Y74.979
G0 X103.45 Y74.425
G0 X103.496 Y73.952
G0 X103.308 Y72.246
G0 X103.714 Y72.036
G1 F2400 E3418.06044
G1 F5400 X108.131 Y76.453 E3418.3513
G1 F2400 E3415.3513
G0 F15000 X108.57 Y76.319
G0 X108.15 Y75.222
G0 X91.447 Y73.232
G0 X90.871 Y72.203
G1 F2400 E3418.3513
G1 F5400 X88.919 Y70.252 E3418.47981
G0 F15000 X89.005 Y70.903
G1 F5400 X90.179 Y72.078 E3418.55716
G0 F15000 X89.694 Y72.158
G1 F5400 X88.904 Y71.368 E3418.60918
G0 F15000 X88.711 Y71.741
G1 F5400 X89.306 Y72.336 E3418.64836
G0 F15000 X89.017 Y72.612
G1 F5400 X88.445 Y72.04 E3418.68603
G1 F2400 E3415.68603
G0 F15000 X87.696 Y71.965
G0 X86.564 Y73.159
G0 X86.403 Y73.528
G0 X86.403 Y73.906
G0 X86.863 Y74.871
G0 X87.309 Y75.156
G0 X86.072 Y76.483
G0 X70.805 Y76.481
G0 X71.184 Y105.691
G1 F2400 E3418.68603
G1 F5400 X126.881 Y161.388 E3422.35377
G0 F15000 X126.315 Y161.388
G1 F5400 X71.184 Y106.256 E3425.98427
G0 F15000 X71.184 Y106.822
G1 F5400 X125.75 Y161.388 E3429.57754
G0 F15000 X125.184 Y161.388
G1 F5400 X71.184 Y107.388 E3433.13353
G0 F15000 X71.184 Y107.953
G1 F5400 X124.618 Y161.388 E3436.65228
G0 F15000 X124.053 Y161.388
G1 F5400 X71.184 Y108.519 E3440.1338
G0 F15000 X71.184 Y109.085
G1 F5400 X123.487 Y161.388 E3443.57804
G0 F15000 X122.921 Y161.388
G1 F5400 X71.184 Y109.65 E3446.98504
G0 F15000 X71.184 Y110.216
G1 F5400 X122.356 Y161.388 E3450.35481
G0 F15000 X121.79 Y161.388
G1 F5400 X71.184 Y110.782 E3453.6873
G0 F15000 X71.184 Y111.347
G1 F5400 X121.224 Y161.388 E3456.98255
G0 F15000 X120.659 Y161.388
G1 F5400 X71.184 Y111.913 E3460.24056
G0 F15000 X71.184 Y112.479
G1 F5400 X120.093 Y161.388 E3463.4613
G0 F15000 X119.527 Y161.388
G1 F5400 X71.184 Y113.044 E3466.64481
G0 F15000 X71.184 Y113.61
G1 F5400 X118.962 Y161.388 E3469.79107
G0 F15000 X118.396 Y161.388
G1 F5400 X71.184 Y114.176 E3472.90006
G0 F15000 X71.184 Y114.742
G1 F5400 X117.83 Y161.388 E3475.97178
G0 F15000 X117.264 Y161.388
G1 F5400 X71.184 Y115.307 E3479.00626
G0 F15000 X71.184 Y115.873
G1 F5400 X116.699 Y161.388 E3482.0035
G0 F15000 X116.133 Y161.388
G1 F5400 X71.184 Y116.439 E3484.96347
G0 F15000 X71.184 Y117.004
G1 F5400 X115.567 Y161.388 E3487.8862
G0 F15000 X115.002 Y161.388
G1 F5400 X71.184 Y117.57 E3490.77169
G0 F15000 X71.184 Y118.136
G1 F5400 X114.436 Y161.388 E3493.6199
G0 F15000 X113.87 Y161.388
G1 F5400 X71.184 Y118.701 E3496.43088
G0 F15000 X71.184 Y119.267
G1 F5400 X113.305 Y161.388 E3499.20462
G0 F15000 X112.739 Y161.388
G1 F5400 X71.184 Y119.833 E3501.94109
G0 F15000 X71.184 Y120.398
G1 F5400 X112.173 Y161.388 E3504.64032
G0 F15000 X111.608 Y161.388
G1 F5400 X71.184 Y120.964 E3507.30231
G0 F15000 X71.184 Y121.53
G1 F5400 X111.042 Y161.388 E3509.92703
G0 F15000 X110.476 Y161.388
G1 F5400 X71.184 Y122.095 E3512.5145
G0 F15000 X71.184 Y122.661
G1 F5400 X109.911 Y161.388 E3515.06474
G0 F15000 X109.345 Y161.388
G1 F5400 X71.184 Y123.227 E3517.57771
G0 F15000 X71.184 Y123.792
G1 F5400 X108.779 Y161.388 E3520.05344
G0 F15000 X108.214 Y161.388
G1 F5400 X71.184 Y124.358 E3522.49193
G0 F15000 X71.184 Y124.924
G1 F5400 X107.648 Y161.388 E3524.89314
G0 F15000 X107.082 Y161.388
G1 F5400 X71.184 Y125.49 E3527.25709
G0 F15000 X71.184 Y126.055
G1 F5400 X106.516 Y161.388 E3529.58379
G0 F15000 X105.951 Y161.388
G1 F5400 X71.184 Y126.621 E3531.87326
G0 F15000 X71.184 Y127.187
G1 F5400 X105.385 Y161.388 E3534.12545
G0 F15000 X104.819 Y161.388
G1 F5400 X71.184 Y127.752 E3536.34041
G0 F15000 X71.184 Y128.318
G1 F5400 X104.254 Y161.388 E3538.51813
G0 F15000 X103.688 Y161.388
G1 F5400 X71.184 Y128.884 E3540.65857
G0 F15000 X71.184 Y129.449
G1 F5400 X103.122 Y161.388 E3542.76177
G0 F15000 X102.557 Y161.388
G1 F5400 X71.184 Y130.015 E3544.82774
G0 F15000 X71.184 Y130.581
G1 F5400 X101.991 Y161.388 E3546.85643
G0 F15000 X101.425 Y161.388
G1 F5400 X71.184 Y131.146 E3548.84789
G0 F15000 X71.184 Y131.712
G1 F5400 X100.86 Y161.388 E3550.8021
G0 F15000 X100.294 Y161.388
G1 F5400 X71.184 Y132.278 E3552.71905
G0 F15000 X71.184 Y132.843
G1 F5400 X99.728 Y161.388 E3554.59875
G0 F15000 X99.163 Y161.388
G1 F5400 X71.184 Y133.409 E3556.44122
G0 F15000 X71.184 Y133.975
G1 F5400 X98.597 Y161.388 E3558.24641
G0 F15000 X98.031 Y161.388
G1 F5400 X71.184 Y134.541 E3560.01433
G0 F15000 X71.184 Y135.106
G1 F5400 X97.465 Y161.388 E3561.74501
G0 F15000 X96.9 Y161.388
G1 F5400 X71.184 Y135.672 E3563.43845
G0 F15000 X71.184 Y136.238
G1 F5400 X96.334 Y161.388 E3565.09462
G0 F15000 X95.768 Y161.388
G1 F5400 X71.184 Y136.803 E3566.71356
G0 F15000 X71.184 Y137.369
G1 F5400 X95.203 Y161.388 E3568.29525
G0 F15000 X94.637 Y161.388
G1 F5400 X71.184 Y137.935 E3569.83967
G0 F15000 X71.184 Y138.5
G1 F5400 X94.071 Y161.388 E3571.34685
G0 F15000 X93.506 Y161.388
G1 F5400 X71.184 Y139.066 E3572.81679
G0 F15000 X71.184 Y139.632
G1 F5400 X92.94 Y161.388 E3574.24946
G0 F15000 X92.374 Y161.388
G1 F5400 X71.184 Y140.197 E3575.64489
G0 F15000 X71.184 Y140.763
G1 F5400 X91.809 Y161.388 E3577.00308
G0 F15000 X91.243 Y161.388
G1 F5400 X71.184 Y141.329 E3578.324
G0 F15000 X71.184 Y141.894
G1 F5400 X90.677 Y161.388 E3579.60768
G0 F15000 X90.112 Y161.388
G1 F5400 X71.184 Y142.46 E3580.85412
G0 F15000 X71.184 Y143.026
G1 F5400 X89.546 Y161.388 E3582.06329
G0 F15000 X88.98 Y161.388
G1 F5400 X71.184 Y143.591 E3583.23522
G0 F15000 X71.184 Y144.157
G1 F5400 X88.415 Y161.388 E3584.36991
G0 F15000 X87.849 Y161.388
G1 F5400 X71.184 Y144.723 E3585.46733
G0 F15000 X71.184 Y145.289
G1 F5400 X87.283 Y161.388 E3586.52748
G0 F15000 X86.717 Y161.388
G1 F5400 X71.184 Y145.854 E3587.55039
G0 F15000 X71.184 Y146.42
G1 F5400 X86.152 Y161.388 E3588.53605
G0 F15000 X85.586 Y161.388
G1 F5400 X71.184 Y146.986 E3589.48445
G0 F15000 X71.184 Y147.551
G1 F5400 X85.02 Y161.388 E3590.39561
G0 F15000 X84.455 Y161.388
G1 F5400 X71.184 Y148.117 E3591.26953
G0 F15000 X71.184 Y148.683
G1 F5400 X83.889 Y161.388 E3592.10617
G0 F15000 X83.323 Y161.388
G1 F5400 X71.184 Y149.248 E3592.90558
G0 F15000 X71.184 Y149.814
G1 F5400 X82.758 Y161.388 E3593.66775
G0 F15000 X82.192 Y161.388
G1 F5400 X71.184 Y150.38 E3594.39264
G0 F15000 X71.184 Y150.945
G1 F5400 X81.626 Y161.388 E3595.0803
G0 F15000 X81.061 Y161.388
G1 F5400 X71.184 Y151.511 E3595.73072
G0 F15000 X71.184 Y152.077
G1 F5400 X80.495 Y161.388 E3596.34386
G0 F15000 X79.929 Y161.388
G1 F5400 X71.184 Y152.642 E3596.91977
G0 F15000 X71.184 Y153.208
G1 F5400 X79.364 Y161.388 E3597.45843
G0 F15000 X78.798 Y161.388
G1 F5400 X71.184 Y153.774 E3597.95983
G0 F15000 X71.184 Y154.339
G1 F5400 X78.232 Y161.388 E3598.42398
G0 F15000 X77.666 Y161.388
G1 F5400 X71.184 Y154.905 E3598.85087
G0 F15000 X71.184 Y155.471
G1 F5400 X77.101 Y161.388 E3599.24051
G0 F15000 X76.535 Y161.388
G1 F5400 X71.184 Y156.037 E3599.59288
G0 F15000 X71.184 Y156.602
G1 F5400 X75.969 Y161.388 E3599.90802
G0 F15000 X75.404 Y161.388
G1 F5400 X71.184 Y157.168 E3600.18591
G0 F15000 X71.184 Y157.734
G1 F5400 X74.838 Y161.388 E3600.42653
G0 F15000 X74.272 Y161.388
G1 F5400 X71.184 Y158.299 E3600.62992
G0 F15000 X71.184 Y158.865
G1 F5400 X73.707 Y161.388 E3600.79606
G0 F15000 X73.141 Y161.388
G1 F5400 X71.184 Y159.431 E3600.92493
G0 F15000 X71.184 Y159.996
G1 F5400 X72.575 Y161.388 E3601.01657
G0 F15000 X72.01 Y161.388
G1 F5400 X71.184 Y160.562 E3601.07096
G0 F15000 X71.184 Y161.128
G1 F5400 X71.444 Y161.388 E3601.08808
G1 F2400 E3598.08808
;MESH:NONMESH
G0 F300 Z3.36
G0 F15000 X71.444 Y161.848
G0 X114.329 Y161.748
G0 X114.329 Y82.214
;TIME_ELAPSED:4412.183977
;LAYER:11
;note -- min layer time used
;TYPE:WALL-OUTER
;MESH:lid.stl
G1 F2400 E3601.08808
G1 F3418.4 X114.302 Y82.261 E3601.09082
G1 X114.248 Y82.261 E3601.09355
G1 X114.221 Y82.214 E3601.09629
G1 X114.248 Y82.167 E3601.09902
G1 X114.302 Y82.167 E3601.10175
G1 X114.329 Y82.214 E3601.10449
G1 F2400 E3598.10449
G0 F15000 X112.799 Y83.811
G1 F2400 E3601.10449
G1 F3466.3 X112.773 Y83.857 E3601.10712
G1 X112.72 Y83.857 E3601.10976
G1 X112.693 Y83.811 E3601.11242
G1 X112.719 Y83.765 E3601.11505
G1 X112.772 Y83.765 E3601.1177
G1 X112.799 Y83.811 E3601.12035
G1 F2400 E3598.12035
G0 F15000 X113.572 Y84.161
G0 X113.557 Y84.763
G0 X114.989 Y84.763
G0 X118.375 Y84.199
G0 X119.219 Y83.848
G1 F2400 E3601.12035
G1 F3600.9 X119.143 Y83.892 E3601.12456
G1 X119.142 Y83.804 E3601.12879
G1 X119.219 Y83.848 E3601.13304
G1 F2400 E3598.13304
G0 F15000 X119.976 Y84.174
G0 X127.76 Y84.763
G0 X129.224 Y84.774
G0 X129.789 Y84.551
G0 X130.213 Y84.048
G0 X130.313 Y83.518
G0 X130.167 Y82.949
G0 X129.463 Y83.423
G1 F2400 E3601.13304
G1 F4455.2 X129.455 Y83.369 E3601.13515
G0 F15000 X129.079 Y82.995
G1 F4495.7 X129.018 Y83.031 E3601.13788
G1 X129.017 Y82.959 E3601.14064
G1 X129.079 Y82.995 E3601.1434
G1 F2400 E3598.1434
G0 F15000 X130.167 Y82.949
G0 X135.89 Y84.198
G0 X136.734 Y83.847
G1 F2400 E3601.1434
G1 F3618.5 X136.658 Y83.891 E3601.14759
G1 X136.657 Y83.803 E3601.15179
G1 X136.734 Y83.847 E3601.15602
G1 F2400 E3598.15602
G0 F15000 X113.963 Y135.178
G1 F2400 E3601.15602
G1 F3078 X114.225 Y135.322 E3601.1728
G1 F3003.2 X114.63 Y135.402 E3601.19654
G1 F2842.1 X114.952 Y135.314 E3601.21682
G1 F2697.4 X115.268 Y135.058 E3601.24286
G1 F2727.2 X115.424 Y134.77 E3601.2636
G1 F2820.5 X115.45 Y134.376 E3601.28778
G1 F2943.6 X115.35 Y133.95 E3601.31345
G1 F3065.2 X115.159 Y133.559 E3601.33797
G1 F3197.4 X114.829 Y133.089 E3601.36899
G1 F3379.4 X114.56 Y132.745 E3601.39131
G0 F15000 X114.44 Y132.305
G1 F1996.7 X114.495 Y132.27 E3601.39694
G1 F2436.1 X114.773 Y132.169 E3601.41791
G1 F2926.2 X115.732 Y132.168 E3601.47451
G1 F2400 E3598.47451
G0 F15000 X119.736 Y132.18
G1 F2400 E3601.47451
G1 F2804.5 X119.735 Y134.489 E3601.6167
G0 F15000 X119.618 Y135.374
G1 F3143.2 X119.089 Y134.707 E3601.66348
G1 F3129.9 X119.326 Y134.742 E3601.6767
G1 F3176.8 X119.551 Y134.665 E3601.68963
G1 F2967.1 X119.735 Y134.489 E3601.70445
G1 X119.766 Y134.816 E3601.72357
G1 F3190.5 X119.77 Y135.374 E3601.75377
G1 F3218.2 X119.618 Y135.374 E3601.76193
G0 F15000 X119.089 Y134.707
G1 F3046.4 X118.47 Y133.938 E3601.81789
G1 F2712.2 X118.28 Y133.79 E3601.83323
G1 X118.089 Y133.938 E3601.84862
G1 F3052.6 X117.501 Y134.674 E3601.90191
G0 F15000 X116.791 Y135.373
G1 F3204.3 X116.791 Y134.914 E3601.92665
G1 F2967.1 X116.827 Y134.494 E3601.95119
G1 F2943.6 X117.015 Y134.67 E3601.9663
G1 F3176.8 X117.236 Y134.743 E3601.97895
G1 F3136.5 X117.501 Y134.674 E3601.99403
G1 F3143.2 X116.949 Y135.373 E3602.04297
G1 F3204.3 X116.791 Y135.373 E3602.05148
G0 F15000 X116.827 Y134.494
G1 F2773 X116.826 Y132.182 E3602.19547
G1 F2400 E3599.19547
G0 F15000 X120.904 Y135.352
G1 F2400 E3602.19547
G1 F2926.2 X122.291 Y135.351 E3602.27733
G1 F2536 X122.528 Y135.274 E3602.2943
G1 F2527.4 X122.483 Y134.995 E3602.31362
G1 F2892 X121.238 Y132.203 E3602.49618
G1 F2400 E3599.49618
G0 F15000 X122.077 Y131.827
G0 X126.883 Y139.608
G0 X127.496 Y147.278
G1 F2400 E3602.49618
G1 F2831.2 X127.037 Y147.221 E3602.52439
G1 F2557.9 X126.747 Y147.221 E3602.54397
G1 X126.747 Y146.931 E3602.56355
G1 F2687.6 X126.718 Y146.666 E3602.58068
G1 F2842.1 X126.716 Y144.388 E3602.71911
G1 F2593.7 X126.768 Y143.922 E3602.75033
G1 F2580.1 X126.718 Y143.546 E3602.77572
G1 F2842.1 X126.716 Y141.204 E3602.91803
G1 F2697.4 X126.746 Y140.852 E3602.94065
G1 F2562.3 X126.746 Y140.562 E3602.9602
G1 X127.036 Y140.562 E3602.97974
G1 F2831.2 X127.415 Y140.507 E3603.0031
G1 F3170 X130.427 Y140.505 E3603.1672
G1 F3183.6 X130.427 Y140.971 E3603.19248
G1 F3170 X127.455 Y140.972 E3603.35439
G1 F2831.2 X127.266 Y141.028 E3603.36642
G1 F2697.4 X127.236 Y141.204 E3603.37785
G1 F2842.1 X127.237 Y143.501 E3603.51743
G1 F2580.1 X127.288 Y143.689 E3603.53047
G1 F2480.9 X128.268 Y143.689 E3603.59869
G1 F2717.2 X129.248 Y143.689 E3603.66098
G1 F3015.4 X130.228 Y143.689 E3603.71711
G1 F3183.6 X130.227 Y144.155 E3603.74238
G1 F3015.4 X129.247 Y144.155 E3603.79851
G1 F2717.2 X128.267 Y144.155 E3603.8608
G1 F2480.9 X127.287 Y144.155 E3603.92902
G1 F2593.7 X127.236 Y144.388 E3603.94491
G1 F2842.1 X127.237 Y146.621 E3604.0806
G1 F2687.6 X127.266 Y146.754 E3604.08934
G1 F2831.2 X127.496 Y146.81 E3604.10378
G1 F3170 X130.33 Y146.81 E3604.25818
G1 X130.33 Y147.278 E3604.28368
G1 X127.496 Y147.278 E3604.43807
G1 F2400 E3601.43807
G0 F15000 X127.496 Y147.002
G0 X130.137 Y147.098
G0 X131.204 Y147.143
G0 X131.837 Y147.796
G0 X133.592 Y147.373
G1 F2400 E3604.43807
G1 F3170 X133.285 Y147.357 E3604.45482
G1 F3197.4 X133.015 Y147.316 E3604.46957
G1 F3183.6 X132.765 Y147.249 E3604.48361
G1 F3170 X132.421 Y147.111 E3604.50381
G1 F3136.5 X132.065 Y146.835 E3604.52861
G1 F3129.9 X131.869 Y146.571 E3604.54675
G1 X131.694 Y146.165 E3604.57115
G1 F3078 X131.641 Y145.685 E3604.59824
G1 F3003.2 X131.7 Y145.279 E3604.62184
G1 F2932 X131.848 Y144.95 E3604.64309
G1 F2886.3 X132.075 Y144.649 E3604.66564
G1 F2897.6 X132.367 Y144.378 E3604.68939
G1 F2886.3 X132.707 Y144.134 E3604.71443
G1 F2825.9 X133.851 Y143.422 E3604.79678
G1 F2778.2 X134.201 Y143.157 E3604.82407
G1 F2793.9 X134.487 Y142.865 E3604.84934
G1 F2875.1 X134.699 Y142.459 E3604.87685
G1 F2979.1 X134.769 Y142.04 E3604.90147
G1 F3046.4 X134.685 Y141.63 E3604.9252
G1 F3084.4 X134.419 Y141.255 E3604.95094
G1 F3103.7 X134.112 Y141.04 E3604.9718
G1 X133.799 Y140.924 E3604.99037
G1 F3136.5 X133.374 Y140.875 E3605.01393
G1 F3176.8 X132.941 Y140.912 E3605.03756
G1 F3183.6 X132.589 Y141.007 E3605.05733
G1 X132.225 Y141.167 E3605.0789
G1 F3176.8 X131.852 Y141.408 E3605.10305
G1 F3163.3 X131.67 Y141.571 E3605.11638
G1 F3156.5 X131.67 Y140.939 E3605.15096
G1 X132.155 Y140.682 E3605.18099
G1 F3170 X132.442 Y140.566 E3605.19786
G1 F3183.6 X132.85 Y140.455 E3605.2208
G1 X133.368 Y140.406 E3605.24902
G1 F3156.5 X133.89 Y140.445 E3605.27766
G1 F3110.2 X134.386 Y140.642 E3605.3073
G1 F3090.8 X134.75 Y140.907 E3605.33245
G1 F3052.6 X134.959 Y141.148 E3605.3505
G1 F3027.7 X135.16 Y141.521 E3605.37467
G1 F3052.6 X135.23 Y141.874 E3605.39503
G1 F3065.2 X135.244 Y142.137 E3605.40987
G1 F2991.1 X135.181 Y142.608 E3605.43731
G1 F2875.1 X135.024 Y142.993 E3605.46228
G1 F2788.7 X134.798 Y143.314 E3605.4866
G1 F2767.9 X134.501 Y143.603 E3605.51245
G1 X134.173 Y143.849 E3605.53803
G1 F2778.2 X133.799 Y144.084 E3605.56549
G1 F2831.2 X133.044 Y144.528 E3605.61892
G1 F2886.3 X132.688 Y144.776 E3605.64488
G1 F2909 X132.389 Y145.067 E3605.66965
G1 F2949.4 X132.181 Y145.418 E3605.69354
G1 F3003.2 X132.116 Y145.792 E3605.71537
G1 F3065.2 X132.166 Y146.125 E3605.73434
G1 F3129.9 X132.319 Y146.402 E3605.7518
G1 F3170 X132.567 Y146.637 E3605.77042
G1 F3183.6 X132.827 Y146.777 E3605.78644
G1 F3211.2 X133.222 Y146.887 E3605.80849
G1 F3190.5 X133.597 Y146.903 E3605.82881
G1 F3149.8 X133.913 Y146.871 E3605.84622
G1 F3156.5 X134.245 Y146.789 E3605.86493
G1 F3163.3 X134.563 Y146.659 E3605.88369
G1 F3170 X134.97 Y146.424 E3605.90929
G1 F3163.3 X134.97 Y146.971 E3605.93916
G1 F3143.2 X134.659 Y147.135 E3605.95848
G1 F3129.9 X134.286 Y147.271 E3605.98038
G1 F3123.3 X133.9 Y147.352 E3606.00219
G1 F3136.5 X133.592 Y147.373 E3606.01919
G1 F2400 E3603.01919
G0 F15000 X133.592 Y147.098
G0 X134.575 Y146.963
G0 X135.091 Y147.927
G0 X135.865 Y147.506
G0 X135.963 Y146.963
G0 X136.888 Y147.252
G1 F2400 E3606.01919
G1 F2853 X136.888 Y144.356 E3606.19449
G1 F2593.7 X136.94 Y143.89 E3606.22572
G1 F2580.1 X136.89 Y143.514 E3606.25111
G1 F2842.1 X136.888 Y140.532 E3606.43231
G1 F2853 X137.408 Y140.532 E3606.46379
G1 F2842.1 X137.409 Y143.469 E3606.64226
G1 F2580.1 X137.46 Y143.657 E3606.6553
G1 F2377.5 X141.932 Y143.657 E3606.98014
G1 F2584.6 X141.983 Y143.469 E3606.99316
G1 F2842.1 X141.984 Y140.532 E3607.17163
G1 F2853 X142.504 Y140.532 E3607.20311
G1 F2842.1 X142.503 Y143.514 E3607.38431
G1 F2584.6 X142.452 Y143.89 E3607.40967
G1 F2593.7 X142.504 Y144.356 E3607.44089
G1 F2853 X142.504 Y147.252 E3607.61619
G1 X141.984 Y147.252 E3607.64767
G1 X141.984 Y144.356 E3607.82298
G1 F2593.7 X141.932 Y144.123 E3607.83887
G1 F2377.5 X137.46 Y144.123 E3608.16372
G1 F2593.7 X137.408 Y144.356 E3608.17962
G1 F2853 X137.408 Y147.252 E3608.35492
G1 X136.888 Y147.252 E3608.3864
G1 F2400 E3605.3864
G0 F15000 X137.108 Y147.032
G0 X135.963 Y146.9
G0 X135.865 Y147.506
G0 X135.021 Y147.964
G0 X134.021 Y148.252
G0 X125.806 Y148.165
G0 X125.563 Y146.9
G0 X124.224 Y146.9
;TYPE:WALL-INNER
G1 F2400 E3608.3864
G1 F3499 X124.284 Y146.9 E3608.38936
G1 X124.284 Y145.892 E3608.43911
G1 X124.056 Y146.159 E3608.45644
G1 X123.836 Y146.234 E3608.46792
G1 X123.655 Y146.199 E3608.47701
G1 X124.224 Y146.9 E3608.52158
G1 F2400 E3605.52158
G0 F15000 X123.736 Y146.459
G0 X121.647 Y143.886
G0 X121.568 Y143.949
G1 F2400 E3608.52158
G1 F3863.5 X121.496 Y143.907 E3608.5253
G1 X121.496 Y143.991 E3608.52906
G1 X121.568 Y143.949 E3608.53279
G1 F2400 E3605.53279
G0 F15000 X121.647 Y143.886
G0 X119.423 Y146.355
G0 X118.757 Y146.899
G1 F2400 E3608.53279
G1 F3482.6 X118.826 Y146.899 E3608.53621
G1 X119.408 Y146.179 E3608.58212
G1 X119.21 Y146.237 E3608.59235
G1 X118.986 Y146.162 E3608.60406
G1 X118.757 Y145.891 E3608.62166
G1 X118.757 Y146.899 E3608.67165
G0 F15000 X118.344 Y147.312
;TYPE:WALL-OUTER
G1 F3708.9 X119.024 Y147.312 E3608.70331
G1 X119.571 Y146.634 E3608.74388
G1 F3402.7 X119.959 Y146.097 E3608.7775
G1 F3123.3 X121.333 Y144.389 E3608.89871
G1 F3371.8 X121.52 Y144.34 E3608.90861
G1 X121.707 Y144.388 E3608.9185
G1 F3116.8 X123.141 Y146.161 E3609.04486
G1 F3402.7 X123.476 Y146.632 E3609.07419
G1 F3708.9 X124.028 Y147.312 E3609.11498
G1 X124.696 Y147.312 E3609.14608
G1 X124.696 Y146.321 E3609.19223
G1 F3211.2 X124.635 Y145.67 E3609.22739
G1 F2842.1 X124.636 Y140.532 E3609.53961
G1 F2853 X124.116 Y140.532 E3609.57109
G1 F2842.1 X124.115 Y145.625 E3609.88057
G1 F3211.2 X123.922 Y145.77 E3609.89355
G1 F3708.9 X123.702 Y145.845 E3609.90437
G1 F3402.7 X123.48 Y145.835 E3609.91565
G1 F3116.8 X122.081 Y144.088 E3610.03967
G1 F3371.8 X121.827 Y143.706 E3610.06317
G1 F3708.9 X121.52 Y143.32 E3610.08613
G1 X121.215 Y143.705 E3610.109
G1 F3371.8 X120.96 Y144.09 E3610.13266
G1 F3123.3 X119.593 Y145.803 E3610.25384
G1 F3402.7 X119.343 Y145.846 E3610.26672
G1 F3708.9 X119.119 Y145.77 E3610.27773
G1 F3211.2 X118.925 Y145.625 E3610.29076
G1 F2842.1 X118.924 Y140.532 E3610.60024
G1 F2853 X118.404 Y140.532 E3610.63172
G1 F2842.1 X118.406 Y145.67 E3610.94393
G1 F3211.2 X118.345 Y146.325 E3610.97931
G1 F3708.9 X118.344 Y147.312 E3611.02527
G1 F2400 E3608.02527
G0 F15000 X118.627 Y147.032
G0 X117.482 Y147.002
G0 X114.682 Y147.002
G0 X110.948 Y147.278
G1 F2400 E3611.02527
G1 F2831.2 X110.489 Y147.221 E3611.05349
G1 F2557.9 X110.199 Y147.221 E3611.07307
G1 X110.199 Y146.931 E3611.09265
G1 F2687.6 X110.17 Y146.666 E3611.10978
G1 F2842.1 X110.168 Y144.388 E3611.2482
G1 F2593.7 X110.22 Y143.922 E3611.27942
G1 F2580.1 X110.17 Y143.546 E3611.30481
G1 F2842.1 X110.168 Y141.204 E3611.44713
G1 F2697.4 X110.198 Y140.852 E3611.46975
G1 F2562.3 X110.198 Y140.562 E3611.48929
G1 X110.488 Y140.562 E3611.50884
G1 F2831.2 X110.867 Y140.507 E3611.5322
G1 F3170 X113.879 Y140.505 E3611.69629
G1 F3183.6 X113.879 Y140.971 E3611.72157
G1 F3170 X110.907 Y140.972 E3611.88349
G1 F2831.2 X110.718 Y141.028 E3611.89551
G1 F2697.4 X110.688 Y141.204 E3611.90694
G1 F2842.1 X110.689 Y143.501 E3612.04652
G1 F2580.1 X110.74 Y143.689 E3612.05956
G1 F2480.9 X111.718 Y143.689 E3612.12764
G1 F2717.2 X112.696 Y143.689 E3612.18981
G1 F3015.4 X113.674 Y143.689 E3612.24582
G1 F3183.6 X113.675 Y144.155 E3612.2711
G1 F3015.4 X112.697 Y144.155 E3612.32711
G1 F2717.2 X111.719 Y144.155 E3612.38928
G1 F2480.9 X110.741 Y144.155 E3612.45736
G1 F2593.7 X110.688 Y144.388 E3612.47327
G1 F2842.1 X110.689 Y146.621 E3612.60896
G1 F2687.6 X110.718 Y146.754 E3612.61771
G1 F2831.2 X110.948 Y146.81 E3612.63215
G1 F3170 X113.782 Y146.81 E3612.78654
G1 X113.782 Y147.278 E3612.81204
G1 X110.948 Y147.278 E3612.96644
G1 F2400 E3609.96644
G0 F15000 X110.948 Y147.002
G0 X110.512 Y147.016
G0 X110.512 Y140.769
G0 X112.511 Y140.777
G0 X112.511 Y139.608
G0 X112.511 Y136.27
G0 X112.511 Y135.36
G1 F2400 E3612.96644
G1 F2842.1 X111.134 Y133.861 E3613.09012
G1 F2778.2 X111.252 Y133.707 E3613.10218
G1 F2903.3 X112.832 Y132.171 E3613.23326
G1 F2400 E3610.23326
G0 F15000 X110.588 Y132.18
G1 F2400 E3613.23326
G1 F2793.9 X110.589 Y133.501 E3613.31492
G1 F2300.1 X110.702 Y133.803 E3613.33913
G1 F1897.2 X110.728 Y133.843 E3613.34347
G0 F15000 X110.588 Y134.228
G1 F2809.8 X110.588 Y135.34 E3613.41182
G1 F2400 E3610.41182
G0 F15000 X108.276 Y132.211
G1 F2400 E3613.41182
G1 F2869.6 X108.564 Y132.449 E3613.43431
G1 F2847.5 X108.832 Y132.726 E3613.45769
G1 F2853 X109.149 Y133.206 E3613.49251
G1 F2880.7 X109.197 Y133.312 E3613.49948
G0 F15000 X109.191 Y133.744
G1 F2217.6 X108.83 Y133.786 E3613.52779
G1 F2973.1 X108.527 Y133.743 E3613.54556
G1 F2831.2 X108.243 Y133.786 E3613.56308
G1 F2697.4 X108.022 Y133.891 E3613.57875
G1 F2702.3 X107.843 Y134.062 E3613.59457
G1 F2712.2 X107.75 Y134.244 E3613.60759
G1 F2707.3 X107.675 Y134.506 E3613.62497
G1 F2788.7 X107.702 Y134.765 E3613.6411
G1 F2853 X107.779 Y134.964 E3613.65401
G1 F2820.5 X107.943 Y135.167 E3613.66999
G1 F2847.5 X108.175 Y135.324 E3613.68698
G1 F2880.7 X108.469 Y135.398 E3613.70516
G1 F2903.3 X108.784 Y135.366 E3613.72399
G1 F2875.1 X109.049 Y135.223 E3613.74208
G1 F2831.2 X109.256 Y134.999 E3613.76069
G1 F2788.7 X109.414 Y134.654 E3613.78419
G1 F2658.7 X109.433 Y134.207 E3613.81325
G1 F2621.2 X109.421 Y134.137 E3613.81793
G1 F2400 E3610.81793
G0 F15000 X106.684 Y132.162
G1 F2400 E3613.81793
G1 F3027.7 X105.474 Y133.631 E3613.92649
G1 F2602.8 X105.31 Y133.77 E3613.94075
G1 F2580.1 X105.151 Y133.634 E3613.95476
G1 F2997.1 X103.925 Y132.162 E3614.06514
G1 F2400 E3611.06514
G0 F15000 X103.601 Y133.162
G0 X103.556 Y134.555
G0 X104.039 Y135.355
G1 F2400 E3614.06514
G1 F3003.2 X105.123 Y134.044 E3614.16297
G1 F2598.2 X105.31 Y133.874 E3614.17977
G1 F2275.4 X105.31 Y133.77 E3614.18766
G1 X105.31 Y133.874 E3614.19556
G1 F2607.3 X105.5 Y134.045 E3614.21249
G1 F3040.1 X106.584 Y135.359 E3614.30926
G1 F2400 E3611.30926
G0 F15000 X105.88 Y135.938
G0 X104.47 Y136.266
G0 X101.724 Y136.321
G0 X101.153 Y136.226
G0 X100.467 Y135.938
G0 X100.478 Y134.027
G0 X101.014 Y133.354
G0 X101.279 Y132.242
G1 F2400 E3614.30926
G1 F2985.1 X101.377 Y132.201 E3614.3154
G1 F2973.1 X101.692 Y132.131 E3614.33415
G1 F2979.1 X102.054 Y132.146 E3614.35515
G1 F3003.2 X102.312 Y132.241 E3614.37096
G1 F2949.4 X102.472 Y132.367 E3614.38289
G1 F2858.5 X102.685 Y132.743 E3614.40899
G1 F2804.5 X102.708 Y132.988 E3614.42415
G1 F2757.6 X102.663 Y133.267 E3614.44185
G1 F2737.2 X102.544 Y133.477 E3614.45708
G1 F2630.4 X102.124 Y133.806 E3614.4921
G1 F2880.7 X102.307 Y134.035 E3614.50968
G1 F3371.8 X102.474 Y134.168 E3614.52061
G1 F3143.2 X102.605 Y134.355 E3614.53316
G1 F2875.1 X102.659 Y134.73 E3614.55592
G1 F2707.3 X102.567 Y135.014 E3614.57496
G1 F2658.7 X102.268 Y135.29 E3614.60139
G1 F2747.4 X102.093 Y135.357 E3614.61317
G1 F2853 X101.76 Y135.398 E3614.63348
G1 F2973.1 X101.4 Y135.342 E3614.65465
G1 F2400 E3611.65465
G0 F15000 X100.46 Y135.342
G0 X99.703 Y135.77
G0 X98.897 Y135.412
G1 F2400 E3614.65465
G1 F3490.8 X98.804 Y135.412 E3614.65925
G1 X98.659 Y135.07 E3614.67762
G1 F3239.2 X98.531 Y134.694 E3614.6988
G1 F3183.6 X98.732 Y134.782 E3614.7107
G1 F3356.5 X98.951 Y134.785 E3614.72197
G1 F3129.9 X99.168 Y134.704 E3614.73475
G1 F3183.6 X99.048 Y135.073 E3614.7558
G1 F3490.8 X98.897 Y135.412 E3614.77416
G0 F15000 X98.531 Y134.694
G1 F2997.1 X98.061 Y133.575 E3614.8441
G1 F2621.2 X98.022 Y133.315 E3614.86142
G0 F15000 X97.456 Y132.164
G1 F2973.1 X97.874 Y133.141 E3614.92315
G1 F2616.5 X98.022 Y133.315 E3614.93823
G1 F2663.5 X98.251 Y133.243 E3614.9538
G1 F3097.2 X99.436 Y133.242 E3615.01987
G1 F2663.5 X99.711 Y133.318 E3615.03837
G1 F2607.3 X99.88 Y133.107 E3615.05628
G1 F2985.1 X100.304 Y132.163 E3615.11615
G0 F15000 X99.711 Y133.318
G1 F2584.6 X99.684 Y133.541 E3615.13116
G1 F2920.4 X99.168 Y134.704 E3615.2064
G1 F2400 E3612.2064
G0 F15000 X100.01 Y135.078
G0 X99.086 Y139.536
G0 X98.579 Y147.368
G1 F2400 E3615.2064
G1 F3103.7 X98.018 Y147.334 E3615.23767
G1 F3090.8 X97.527 Y147.241 E3615.2656
G1 F3065.2 X97.06 Y147.092 E3615.29322
G1 F3015.4 X96.623 Y146.886 E3615.32089
G1 F2967.1 X96.233 Y146.636 E3615.34785
G1 F2932 X95.89 Y146.344 E3615.37438
G1 F2892 X95.584 Y146 E3615.40188
G1 F2864 X95.337 Y145.632 E3615.4286
G1 F2836.7 X95.127 Y145.207 E3615.45747
G1 F2820.5 X94.98 Y144.768 E3615.48581
G1 F2799.2 X94.889 Y144.29 E3615.51583
G1 F2778.2 X94.861 Y143.799 E3615.54641
G1 F2767.9 X94.884 Y143.421 E3615.57004
G1 X94.946 Y143.083 E3615.59148
G1 F2788.7 X95.068 Y142.674 E3615.61791
G1 F2820.5 X95.233 Y142.296 E3615.64316
G1 F2847.5 X95.447 Y141.927 E3615.66904
G1 F2875.1 X95.72 Y141.577 E3615.6957
G1 F2897.6 X96.033 Y141.271 E3615.72179
G1 F2926.2 X96.408 Y140.99 E3615.74944
G1 F2949.4 X96.85 Y140.75 E3615.77889
G1 F2979.1 X97.323 Y140.579 E3615.80805
G1 F3015.4 X97.881 Y140.459 E3615.84074
G1 F3065.2 X98.493 Y140.416 E3615.87531
G1 F3097.2 X98.956 Y140.431 E3615.90114
G1 F3078 X99.439 Y140.491 E3615.92845
G1 F3027.7 X99.996 Y140.611 E3615.96095
G1 F3003.2 X100.457 Y140.778 E3615.98915
G1 F3033.9 X100.877 Y140.959 E3616.01518
G1 F3052.6 X100.877 Y141.523 E3616.04709
G1 F3058.9 X100.49 Y141.317 E3616.07184
G1 F3027.7 X99.863 Y141.087 E3616.10994
G1 F3040.1 X99.5 Y140.994 E3616.13122
G1 F3097.2 X99.037 Y140.917 E3616.1574
G1 F3116.8 X98.612 Y140.894 E3616.18098
G1 F3103.7 X98.121 Y140.919 E3616.20834
G1 F3078 X97.732 Y140.981 E3616.23044
G1 F3046.4 X97.326 Y141.096 E3616.25436
G1 F3003.2 X96.938 Y141.261 E3616.27861
G1 F2973.1 X96.602 Y141.467 E3616.3015
G1 F2943.6 X96.314 Y141.7 E3616.32324
G1 F2914.7 X96.035 Y141.998 E3616.34742
G1 F2892 X95.813 Y142.318 E3616.37068
G1 F2864 X95.638 Y142.658 E3616.39374
G1 F2831.2 X95.496 Y143.068 E3616.42021
G1 F2788.7 X95.424 Y143.44 E3616.44367
G1 F2778.2 X95.394 Y143.861 E3616.46991
G1 F2799.2 X95.429 Y144.319 E3616.49825
G1 F2820.5 X95.502 Y144.687 E3616.52122
G1 F2836.7 X95.638 Y145.075 E3616.54626
G1 F2858.5 X95.813 Y145.421 E3616.56968
G1 F2886.3 X96.033 Y145.741 E3616.59292
G1 F2920.4 X96.301 Y146.035 E3616.61644
G1 F2955.3 X96.594 Y146.282 E3616.63884
G1 F3003.2 X96.937 Y146.496 E3616.66209
G1 F3040.1 X97.289 Y146.66 E3616.68415
G1 F3078 X97.716 Y146.792 E3616.70922
G1 F3103.7 X98.091 Y146.861 E3616.73044
G1 F3110.2 X98.525 Y146.89 E3616.75459
G1 F3136.5 X99.062 Y146.865 E3616.78419
G1 F3170 X99.729 Y146.736 E3616.82121
G1 F3156.5 X100.268 Y146.548 E3616.85244
G1 F3116.8 X100.804 Y146.308 E3616.88498
G1 F3097.2 X100.804 Y146.846 E3616.91498
G1 F3103.7 X100.281 Y147.048 E3616.94618
G1 F3129.9 X99.756 Y147.212 E3616.97653
G1 F3143.2 X99.281 Y147.308 E3617.00315
G1 F3116.8 X98.921 Y147.353 E3617.02326
G1 F3103.7 X98.579 Y147.368 E3617.04231
G1 F2400 E3614.04231
G0 F15000 X98.57 Y147.096
G0 X99.333 Y147.089
G0 X100.35 Y146.724
G0 X102.675 Y146.724
G0 X108.216 Y147.252
G1 F2400 E3617.04231
G1 F2853 X107.696 Y147.252 E3617.07378
G1 F2847.5 X107.693 Y143.14 E3617.32317
G1 F2836.7 X107.672 Y142.775 E3617.34543
G1 F2842.1 X107.628 Y142.463 E3617.36458
G1 F2875.1 X107.536 Y142.124 E3617.38568
G1 F2920.4 X107.352 Y141.774 E3617.40906
G1 F2967.1 X107.07 Y141.433 E3617.43482
G1 F2991.1 X106.7 Y141.204 E3617.45994
G1 F3027.7 X106.335 Y141.046 E3617.48263
G1 F3078 X105.89 Y140.942 E3617.50827
G1 F3116.8 X105.397 Y140.892 E3617.53573
G1 F3123.3 X104.872 Y140.914 E3617.56479
G1 F3084.4 X104.486 Y141.005 E3617.58699
G1 F3021.5 X104.171 Y141.123 E3617.60622
G1 F2961.2 X103.895 Y141.274 E3617.62457
G1 F2932 X103.572 Y141.517 E3617.64838
G1 F2920.4 X103.264 Y141.887 E3617.67684
G1 F2909 X103.109 Y142.304 E3617.70326
G1 F2869.6 X103.046 Y142.662 E3617.72513
G1 F2853 X103.025 Y143.012 E3617.74636
G1 X103.024 Y147.252 E3618.00302
G1 X102.504 Y147.252 E3618.0345
G1 X102.504 Y143.035 E3618.28977
G1 X102.532 Y142.575 E3618.31766
G1 F2875.1 X102.611 Y142.183 E3618.34168
G1 F2897.6 X102.735 Y141.838 E3618.36353
G1 F2909 X102.897 Y141.539 E3618.38372
G1 X103.108 Y141.269 E3618.40407
G1 F2886.3 X103.338 Y141.051 E3618.42303
G1 F2914.7 X103.604 Y140.861 E3618.4424
G1 F2949.4 X103.892 Y140.706 E3618.46155
G1 F2985.1 X104.201 Y140.581 E3618.48083
G1 F3027.7 X104.547 Y140.489 E3618.50126
G1 F3078 X104.892 Y140.434 E3618.52086
G1 F3103.7 X105.25 Y140.416 E3618.5408
G1 F3090.8 X105.744 Y140.439 E3618.56844
G1 F3071.6 X106.197 Y140.51 E3618.59422
G1 F3040.1 X106.593 Y140.621 E3618.61758
G1 F3003.2 X106.932 Y140.764 E3618.63874
G1 F2967.1 X107.236 Y140.946 E3618.65936
G1 F2949.4 X107.508 Y141.17 E3618.68
G1 F2926.2 X107.712 Y141.406 E3618.69841
G1 F2909 X107.895 Y141.692 E3618.71857
G1 F2886.3 X108.034 Y141.999 E3618.73873
G1 F2864 X108.13 Y142.331 E3618.75957
G1 F2842.1 X108.191 Y142.713 E3618.78308
G1 F2836.7 X108.215 Y143.123 E3618.80808
G1 F2847.5 X108.216 Y147.252 E3619.0585
G1 F2400 E3616.0585
G0 F15000 X107.997 Y147.032
G0 X107.819 Y142.441
G0 X107.711 Y142.026
G0 X107.517 Y141.664
G0 X107.207 Y141.285
G0 X106.379 Y140.843
G0 X105.384 Y140.677
G0 X104.822 Y140.708
G0 X104.1 Y140.933
G0 X103.459 Y141.364
G0 X103.107 Y141.771
G0 X102.924 Y142.239
G0 X102.675 Y147.098
G0 X101.598 Y147.494
G0 X99.971 Y148.091
G0 X98.989 Y148.255
G0 X98.686 Y148.25
G0 X93.403 Y147.894
G0 X91.841 Y147.373
G1 F2400 E3619.0585
G1 F3170 X91.533 Y147.357 E3619.07531
G1 F3197.4 X91.263 Y147.316 E3619.09006
G1 X90.896 Y147.219 E3619.11056
G1 F3176.8 X90.483 Y146.987 E3619.13631
G1 F3129.9 X90.172 Y146.665 E3619.16102
G1 F3116.8 X90.019 Y146.378 E3619.17904
G1 F3110.2 X89.898 Y145.928 E3619.20491
G1 F3065.2 X89.889 Y145.685 E3619.21861
G1 F3003.2 X89.948 Y145.28 E3619.24215
G1 F2920.4 X90.1 Y144.947 E3619.2638
G1 F2886.3 X90.323 Y144.649 E3619.28607
G1 F2892 X90.615 Y144.378 E3619.30986
G1 F2886.3 X90.955 Y144.134 E3619.3349
G1 F2825.9 X92.103 Y143.422 E3619.41746
G1 F2778.2 X92.451 Y143.156 E3619.44469
G1 F2831.2 X92.771 Y142.819 E3619.47303
G1 F2920.4 X92.948 Y142.46 E3619.4967
G1 F2991.1 X93.02 Y142.038 E3619.52142
G1 F3078 X92.969 Y141.739 E3619.53844
G1 F3097.2 X92.836 Y141.455 E3619.55593
G1 F3090.8 X92.641 Y141.228 E3619.57265
G1 F3103.7 X92.363 Y141.039 E3619.59135
G1 F3123.3 X92.004 Y140.914 E3619.61237
G1 F3156.5 X91.626 Y140.875 E3619.63317
G1 F3183.6 X91.193 Y140.912 E3619.65674
G1 F3197.4 X90.719 Y141.046 E3619.68335
G1 X90.3 Y141.271 E3619.70904
G1 F3183.6 X89.916 Y141.566 E3619.7353
G1 F3190.5 X89.916 Y140.968 E3619.76767
G1 F3170 X90.188 Y140.791 E3619.78535
G1 F3156.5 X90.636 Y140.58 E3619.81245
G1 F3183.6 X91.102 Y140.455 E3619.83862
G1 X91.616 Y140.406 E3619.86663
G1 F3156.5 X92.136 Y140.444 E3619.89516
G1 F3110.2 X92.638 Y140.643 E3619.92514
G1 F3090.8 X92.997 Y140.905 E3619.94998
G1 F3078 X93.218 Y141.154 E3619.96866
G1 X93.366 Y141.445 E3619.98698
G1 F3084.4 X93.472 Y141.752 E3620.00516
G1 F3065.2 X93.496 Y142.134 E3620.02673
G1 F2997.1 X93.43 Y142.608 E3620.0543
G1 F2886.3 X93.273 Y142.993 E3620.07918
G1 F2793.9 X93.046 Y143.314 E3620.10348
G1 F2767.9 X92.749 Y143.604 E3620.12938
G1 X92.417 Y143.855 E3620.15535
G1 F2778.2 X92.046 Y144.085 E3620.18249
G1 F2831.2 X91.292 Y144.528 E3620.23583
G1 F2886.3 X90.936 Y144.776 E3620.26179
G1 F2909 X90.641 Y145.063 E3620.28623
G1 F2943.6 X90.432 Y145.419 E3620.31045
G1 F2991.1 X90.361 Y145.813 E3620.33356
G1 F3090.8 X90.485 Y146.296 E3620.36143
G1 F3156.5 X90.749 Y146.6 E3620.38346
G1 F3183.6 X91.076 Y146.779 E3620.40368
G1 F3211.2 X91.47 Y146.887 E3620.42565
G1 F3197.4 X91.87 Y146.903 E3620.44727
G1 F3156.5 X92.172 Y146.872 E3620.46388
G1 F3149.8 X92.476 Y146.792 E3620.48112
G1 F3156.5 X92.786 Y146.671 E3620.49933
G1 F3163.3 X93.218 Y146.424 E3620.5265
G1 X93.218 Y146.971 E3620.55636
G1 X92.981 Y147.096 E3620.57099
G1 F3143.2 X92.728 Y147.205 E3620.58613
G1 F3123.3 X92.398 Y147.307 E3620.60523
G1 F3129.9 X92.095 Y147.357 E3620.62217
G1 F3143.2 X91.841 Y147.373 E3620.63615
G1 F2400 E3617.63615
G0 F15000 X91.842 Y147.098
G0 X90.869 Y146.981
G0 X90.087 Y147.796
G0 X89.453 Y147.143
G0 X88.582 Y147.278
G1 F2400 E3620.63615
G1 F3170 X85.748 Y147.278 E3620.79055
G1 F2831.2 X85.289 Y147.221 E3620.81876
G1 F2557.9 X84.999 Y147.221 E3620.83834
G1 X84.999 Y146.931 E3620.85792
G1 F2687.6 X84.97 Y146.666 E3620.87506
G1 F2842.1 X84.968 Y144.388 E3621.01348
G1 F2593.7 X85.02 Y143.922 E3621.0447
G1 F2580.1 X84.97 Y143.546 E3621.07009
G1 F2842.1 X84.968 Y141.204 E3621.21241
G1 F2697.4 X84.998 Y140.852 E3621.23503
G1 F2562.3 X84.998 Y140.562 E3621.25457
G1 X85.288 Y140.562 E3621.27412
G1 F2831.2 X85.667 Y140.507 E3621.29748
G1 F3170 X88.679 Y140.505 E3621.46157
G1 F3183.6 X88.679 Y140.971 E3621.48685
G1 F3170 X85.707 Y140.972 E3621.64877
G1 F2831.2 X85.518 Y141.028 E3621.66079
G1 F2697.4 X85.488 Y141.204 E3621.67222
G1 F2842.1 X85.489 Y143.501 E3621.8118
G1 F2580.1 X85.54 Y143.689 E3621.82484
G1 F2480.9 X86.518 Y143.689 E3621.89292
G1 F2717.2 X87.496 Y143.689 E3621.95509
G1 F3015.4 X88.474 Y143.689 E3622.0111
G1 F3183.6 X88.475 Y144.155 E3622.03638
G1 F3015.4 X87.497 Y144.155 E3622.09239
G1 F2717.2 X86.519 Y144.155 E3622.15455
G1 F2480.9 X85.541 Y144.155 E3622.22264
G1 F2593.7 X85.488 Y144.388 E3622.23855
G1 F2842.1 X85.489 Y146.621 E3622.37424
G1 F2687.6 X85.518 Y146.754 E3622.38299
G1 F2831.2 X85.748 Y146.81 E3622.39743
G1 F3170 X88.582 Y146.81 E3622.55182
G1 X88.582 Y147.278 E3622.57732
G1 F2400 E3619.57732
G0 F15000 X88.336 Y147.032
G0 X85.311 Y147.016
G0 X85.138 Y143.97
G0 X84.043 Y143.97
G0 X82.388 Y143.623
G0 X80.766 Y143.809
;TYPE:WALL-INNER
G1 F2400 E3622.57732
G1 F3311.5 X80.738 Y143.761 E3622.58022
G1 X80.682 Y143.761 E3622.58314
G1 X80.654 Y143.809 E3622.58604
G1 X80.682 Y143.857 E3622.58893
G1 X80.738 Y143.857 E3622.59185
G1 X80.766 Y143.809 E3622.59475
G1 F2400 E3619.59475
G0 F15000 X80.686 Y143.97
G0 X81.306 Y144.239
G0 X81.627 Y144.563
G0 X81.816 Y144.941
G0 X81.895 Y145.337
G0 X81.883 Y145.873
G0 X81.688 Y146.349
G0 X81.401 Y146.68
G0 X81.018 Y146.904
G0 X80.207 Y147.071
G0 X80.197 Y146.842
;TYPE:WALL-OUTER
G1 F2400 E3622.59475
G1 F3326.4 X79.356 Y146.843 E3622.63842
G1 F2991.1 X79.097 Y146.775 E3622.65388
G1 F2788.7 X79.096 Y144.348 E3622.80418
G1 F2593.7 X79.148 Y144.115 E3622.82008
G1 F2697.4 X80.031 Y144.11 E3622.87661
G1 F3296.8 X80.302 Y144.149 E3622.89096
G1 F3499 X80.811 Y144.256 E3622.91663
G1 F3267.8 X81.201 Y144.429 E3622.93918
G1 F3015.4 X81.473 Y144.694 E3622.96093
G1 F2886.3 X81.639 Y145.003 E3622.98192
G1 F2799.2 X81.709 Y145.351 E3623.00382
G1 X81.696 Y145.829 E3623.03332
G1 F2864 X81.522 Y146.244 E3623.06045
G1 F2955.3 X81.275 Y146.514 E3623.08184
G1 F3090.8 X80.925 Y146.705 E3623.10412
G1 F3239.2 X80.543 Y146.803 E3623.12514
G1 F3304.2 X80.197 Y146.842 E3623.14334
G0 F15000 X80.135 Y147.289
G1 F3296.8 X80.495 Y147.266 E3623.16224
G1 F3253.5 X80.787 Y147.219 E3623.17794
G1 F3204.3 X81.058 Y147.15 E3623.19301
G1 F3156.5 X81.458 Y146.98 E3623.21679
G1 F3071.6 X81.814 Y146.699 E3623.24229
G1 F2932 X82.011 Y146.423 E3623.26227
G1 F2820.5 X82.225 Y145.918 E3623.29585
G1 F2773 X82.25 Y145.476 E3623.32342
G1 F2757.6 X82.219 Y145.131 E3623.34512
G1 F2788.7 X82.135 Y144.824 E3623.36483
G1 F2831.2 X81.991 Y144.548 E3623.38382
G1 F2909 X81.795 Y144.302 E3623.40249
G1 F3027.7 X81.539 Y144.093 E3623.42134
G1 F3143.2 X81.225 Y143.927 E3623.44086
G1 F3341.4 X81.155 Y143.846 E3623.44639
G1 F3474.4 X81.12 Y143.666 E3623.45551
G1 F3333.9 X81.149 Y143.573 E3623.46055
G1 F3143.2 X81.582 Y143.176 E3623.49283
G1 F3027.7 X81.851 Y142.866 E3623.51624
G1 F2979.1 X82.048 Y142.602 E3623.53534
G1 F2967.1 X82.324 Y142.193 E3623.56406
G1 F2979.1 X82.99 Y141.14 E3623.63629
G1 X83.427 Y140.523 E3623.68012
G1 F2967.1 X82.805 Y140.523 E3623.71632
G1 X81.907 Y141.917 E3623.81284
G1 F2979.1 X81.472 Y142.548 E3623.85727
G1 F3033.9 X81.229 Y142.846 E3623.87916
G1 F3143.2 X80.998 Y143.095 E3623.89782
G1 F3341.4 X80.652 Y143.375 E3623.92083
G1 F3450.2 X80.217 Y143.576 E3623.94481
G1 F3282.2 X79.94 Y143.645 E3623.95983
G1 F2702.3 X79.148 Y143.649 E3624.01045
G1 F2580.1 X79.097 Y143.461 E3624.02349
G1 F2842.1 X79.096 Y140.532 E3624.20147
G1 F2853 X78.576 Y140.532 E3624.23295
G1 F2842.1 X78.578 Y143.506 E3624.41367
G1 F2580.1 X78.628 Y143.882 E3624.43906
G1 F2593.7 X78.576 Y144.348 E3624.47028
G1 F2842.1 X78.578 Y146.71 E3624.61381
G1 F2707.3 X78.601 Y146.942 E3624.62868
G1 F2602.8 X78.601 Y147.227 E3624.6476
G1 X78.886 Y147.227 E3624.66651
G1 F2920.4 X79.356 Y147.289 E3624.69454
G1 F3326.4 X80.135 Y147.289 E3624.73499
G1 F2400 E3621.73499
;MESH:NONMESH
G0 F300 Z3.64
G0 F15000 X80.124 Y147.003
G0 X81.415 Y144.266
G0 X80.562 Y143.822
G0 X81.888 Y142.492
G0 X82.152 Y142.08
G0 X83.102 Y140.692
G0 X83.102 Y139.608
G0 X115.148 Y84.763
G0 X115.16 Y82.214
G0 X114.329 Y82.214
;TIME_ELAPSED:4446.248939
;LAYER:12
;note -- min layer time used
;TYPE:WALL-OUTER
;MESH:lid.stl
G1 F2400 E3624.73499
G1 F3377 X114.302 Y82.261 E3624.73772
G1 X114.248 Y82.261 E3624.74045
G1 X114.221 Y82.214 E3624.74319
G1 X114.248 Y82.167 E3624.74593
G1 X114.302 Y82.167 E3624.74866
G1 X114.329 Y82.214 E3624.7514
G1 F2400 E3621.7514
G0 F15000 X112.799 Y83.811
G1 F2400 E3624.7514
G1 F3424.4 X112.773 Y83.857 E3624.75403
G1 X112.72 Y83.857 E3624.75667
G1 X112.693 Y83.811 E3624.75933
G1 X112.719 Y83.765 E3624.76196
G1 X112.772 Y83.765 E3624.7646
G1 X112.799 Y83.811 E3624.76726
G1 F2400 E3621.76726
G0 F15000 X113.572 Y84.161
G0 X113.557 Y84.763
G0 X114.989 Y84.763
G0 X118.375 Y84.199
G0 X119.219 Y83.848
G1 F2400 E3624.76726
G1 F3557.4 X119.143 Y83.892 E3624.77147
G1 X119.142 Y83.804 E3624.77569
G1 X119.219 Y83.848 E3624.77994
G1 F2400 E3621.77994
G0 F15000 X119.976 Y84.174
G0 X127.748 Y83.007
G0 X129.097 Y83.007
G1 F2400 E3624.77994
G1 F4388.1 X129.036 Y83.043 E3624.7827
G1 X129.035 Y82.971 E3624.7855
G1 X129.097 Y83.007 E3624.78829
G1 F2400 E3621.78829
G0 F15000 X130.167 Y82.949
G0 X135.89 Y84.198
G0 X136.734 Y83.847
G1 F2400 E3624.78829
G1 F3574.7 X136.658 Y83.891 E3624.79248
G1 X136.657 Y83.803 E3624.79668
G1 X136.734 Y83.847 E3624.80091
G1 F2400 E3621.80091
G0 F15000 X113.962 Y135.177
G1 F2400 E3624.80091
G1 F3047 X114.227 Y135.322 E3624.81782
G1 F2937.1 X114.543 Y135.392 E3624.83663
G1 F2754.9 X114.952 Y135.31 E3624.86246
G1 F2612.5 X115.123 Y135.201 E3624.8757
G1 F2617.2 X115.377 Y134.865 E3624.90316
G1 F2694.2 X115.439 Y134.634 E3624.91831
G1 F2818.5 X115.455 Y134.243 E3624.94199
G1 F2954.9 X115.315 Y133.865 E3624.96527
G1 F3021.9 X115.111 Y133.491 E3624.98932
G1 F3158.7 X114.768 Y133.01 E3625.02123
G1 F3331 X114.561 Y132.745 E3625.03846
G0 F15000 X114.438 Y132.306
G1 F1967.3 X114.495 Y132.27 E3625.0443
G1 F2406.6 X114.773 Y132.169 E3625.06527
G1 F2890.8 X115.732 Y132.168 E3625.12187
G1 F2400 E3622.12187
G0 F15000 X119.736 Y132.18
G1 F2400 E3625.12187
G1 F2770.6 X119.735 Y134.489 E3625.26406
G0 F15000 X119.618 Y135.374
G1 F3105.1 X119.089 Y134.707 E3625.31084
G1 F3092 X119.326 Y134.742 E3625.32406
G1 F3138.4 X119.551 Y134.665 E3625.33699
G1 F2931.3 X119.735 Y134.489 E3625.35181
G1 X119.766 Y134.816 E3625.37092
G1 F3151.9 X119.77 Y135.374 E3625.40113
G1 F3179.2 X119.618 Y135.374 E3625.40929
G0 F15000 X119.089 Y134.707
G1 F3009.5 X118.47 Y133.938 E3625.46525
G1 F2679.4 X118.28 Y133.79 E3625.48059
G1 X118.089 Y133.938 E3625.49597
G1 F3015.7 X117.501 Y134.674 E3625.54927
G0 F15000 X116.791 Y135.373
G1 F3165.5 X116.791 Y134.914 E3625.57401
G1 F2931.3 X116.827 Y134.494 E3625.59855
G1 F2908 X117.015 Y134.67 E3625.61366
G1 F3138.4 X117.236 Y134.743 E3625.62631
G1 F3098.6 X117.501 Y134.674 E3625.64139
G1 F3105.1 X116.949 Y135.373 E3625.69033
G1 F3165.5 X116.791 Y135.373 E3625.69884
G0 F15000 X116.827 Y134.494
G1 F2739.5 X116.826 Y132.182 E3625.84283
G1 F2400 E3622.84283
G0 F15000 X120.904 Y135.352
G1 F2400 E3625.84283
G1 F2890.8 X122.291 Y135.351 E3625.92469
G1 F2505.3 X122.528 Y135.274 E3625.94166
G1 F2496.8 X122.483 Y134.995 E3625.96097
G1 F2857 X121.238 Y132.203 E3626.14353
G1 F2400 E3623.14353
G0 F15000 X122.077 Y131.827
G0 X126.883 Y139.608
G0 X127.496 Y147.278
G1 F2400 E3626.14353
G1 F2797 X127.037 Y147.221 E3626.17175
G1 F2526.9 X126.747 Y147.221 E3626.19133
G1 X126.747 Y146.931 E3626.21091
G1 F2655.1 X126.718 Y146.666 E3626.22804
G1 F2807.7 X126.716 Y144.388 E3626.36646
G1 F2562.3 X126.768 Y143.922 E3626.39769
G1 F2548.9 X126.718 Y143.546 E3626.42308
G1 F2807.7 X126.716 Y141.204 E3626.56539
G1 F2664.8 X126.746 Y140.852 E3626.58801
G1 F2531.3 X126.746 Y140.562 E3626.60756
G1 X127.036 Y140.562 E3626.6271
G1 F2797 X127.415 Y140.507 E3626.65046
G1 F3131.7 X130.427 Y140.505 E3626.81456
G1 F3145.1 X130.427 Y140.971 E3626.83984
G1 F3131.7 X127.455 Y140.972 E3627.00175
G1 F2797 X127.266 Y141.028 E3627.01378
G1 F2664.8 X127.236 Y141.204 E3627.02521
G1 F2807.7 X127.237 Y143.501 E3627.16479
G1 F2548.9 X127.288 Y143.689 E3627.17783
G1 F2450.9 X128.268 Y143.689 E3627.24605
G1 F2684.3 X129.248 Y143.689 E3627.30834
G1 F2978.9 X130.228 Y143.689 E3627.36446
G1 F3145.1 X130.227 Y144.155 E3627.38974
G1 F2978.9 X129.247 Y144.155 E3627.44587
G1 F2684.3 X128.267 Y144.155 E3627.50816
G1 F2450.9 X127.287 Y144.155 E3627.57638
G1 F2562.3 X127.236 Y144.388 E3627.59226
G1 F2807.7 X127.237 Y146.621 E3627.72795
G1 F2655.1 X127.266 Y146.754 E3627.7367
G1 F2797 X127.496 Y146.81 E3627.75114
G1 F3131.7 X130.33 Y146.81 E3627.90554
G1 X130.33 Y147.278 E3627.93103
G1 X127.496 Y147.278 E3628.08543
G1 F2400 E3625.08543
G0 F15000 X127.496 Y147.002
G0 X130.137 Y147.092
G0 X131.204 Y147.143
G0 X131.837 Y147.796
G0 X133.704 Y147.381
G1 F2400 E3628.08543
G1 F3131.7 X133.294 Y147.356 E3628.10781
G1 F3145.1 X133.015 Y147.317 E3628.12309
G1 X132.765 Y147.249 E3628.13715
G1 F3131.7 X132.421 Y147.111 E3628.15734
G1 F3098.6 X132.065 Y146.835 E3628.18214
G1 F3092 X131.869 Y146.571 E3628.20029
G1 X131.694 Y146.165 E3628.22468
G1 F3040.7 X131.641 Y145.685 E3628.25178
G1 F2966.9 X131.7 Y145.279 E3628.27537
G1 F2896.5 X131.848 Y144.95 E3628.29662
G1 F2851.4 X132.075 Y144.649 E3628.31918
G1 F2862.6 X132.367 Y144.378 E3628.34292
G1 F2851.4 X132.707 Y144.134 E3628.36796
G1 F2791.7 X133.851 Y143.422 E3628.45031
G1 F2744.6 X134.201 Y143.157 E3628.4776
G1 F2760.1 X134.487 Y142.865 E3628.50287
G1 F2840.4 X134.699 Y142.459 E3628.53038
G1 F2943 X134.769 Y142.04 E3628.55501
G1 F3009.5 X134.685 Y141.63 E3628.57873
G1 F3047 X134.419 Y141.255 E3628.60448
G1 F3066.2 X134.112 Y141.04 E3628.62533
G1 X133.799 Y140.924 E3628.64391
G1 F3098.6 X133.374 Y140.875 E3628.66746
G1 F3138.4 X132.941 Y140.912 E3628.69109
G1 F3145.1 X132.589 Y141.007 E3628.71087
G1 X132.225 Y141.167 E3628.73244
G1 F3138.4 X131.852 Y141.408 E3628.75658
G1 F3125 X131.67 Y141.571 E3628.76992
G1 F3118.4 X131.67 Y140.939 E3628.8045
G1 X132.155 Y140.682 E3628.83453
G1 F3131.7 X132.442 Y140.566 E3628.85139
G1 F3145.1 X132.85 Y140.455 E3628.87433
G1 X133.368 Y140.406 E3628.90256
G1 F3118.4 X133.89 Y140.445 E3628.9312
G1 F3072.6 X134.386 Y140.642 E3628.96083
G1 F3053.4 X134.75 Y140.907 E3628.98599
G1 F3015.7 X134.959 Y141.148 E3629.00404
G1 F2991.1 X135.16 Y141.521 E3629.0282
G1 F3015.7 X135.23 Y141.874 E3629.04856
G1 F3028.2 X135.244 Y142.137 E3629.0634
G1 F2954.9 X135.181 Y142.608 E3629.09084
G1 F2840.4 X135.024 Y142.993 E3629.11582
G1 F2754.9 X134.798 Y143.314 E3629.14013
G1 F2734.4 X134.501 Y143.603 E3629.16599
G1 X134.173 Y143.849 E3629.19157
G1 F2744.6 X133.799 Y144.084 E3629.21903
G1 F2797 X133.044 Y144.528 E3629.27245
G1 F2851.4 X132.688 Y144.776 E3629.29841
G1 F2873.8 X132.389 Y145.067 E3629.32318
G1 F2913.8 X132.181 Y145.418 E3629.34708
G1 F2966.9 X132.116 Y145.792 E3629.36891
G1 F3028.2 X132.166 Y146.125 E3629.38788
G1 F3092 X132.319 Y146.402 E3629.40534
G1 F3131.7 X132.567 Y146.637 E3629.42395
G1 F3145.1 X132.827 Y146.777 E3629.43997
G1 F3158.7 X133.153 Y146.873 E3629.45833
G1 X133.634 Y146.915 E3629.48441
G1 F3131.7 X134.081 Y146.836 E3629.50914
G1 F3118.4 X134.402 Y146.73 E3629.52763
G1 F3131.7 X134.724 Y146.572 E3629.54717
G1 F3145.1 X134.971 Y146.41 E3629.5632
G1 F3138.4 X134.971 Y146.982 E3629.59429
G1 F3118.4 X134.474 Y147.214 E3629.6243
G1 F3098.6 X134.095 Y147.316 E3629.64591
G1 F3105.1 X133.704 Y147.381 E3629.66769
G1 F2400 E3626.66769
G0 F15000 X133.69 Y147.092
G0 X134.753 Y146.871
G0 X137.058 Y146.871
G0 X136.888 Y147.252
G1 F2400 E3629.66769
G1 F2818.5 X136.888 Y144.356 E3629.843
G1 F2562.3 X136.94 Y143.89 E3629.87422
G1 F2548.9 X136.89 Y143.514 E3629.89961
G1 F2807.7 X136.888 Y140.532 E3630.08081
G1 F2818.5 X137.408 Y140.532 E3630.11229
G1 F2807.7 X137.409 Y143.469 E3630.29076
G1 F2548.9 X137.46 Y143.657 E3630.3038
G1 F2348.8 X141.932 Y143.657 E3630.62865
G1 F2553.4 X141.983 Y143.469 E3630.64166
G1 F2807.7 X141.984 Y140.532 E3630.82013
G1 F2818.5 X142.504 Y140.532 E3630.85161
G1 F2807.7 X142.503 Y143.514 E3631.03282
G1 F2553.4 X142.452 Y143.89 E3631.05817
G1 F2562.3 X142.504 Y144.356 E3631.08939
G1 F2818.5 X142.504 Y147.252 E3631.2647
G1 X141.984 Y147.252 E3631.29617
G1 X141.984 Y144.356 E3631.47148
G1 F2562.3 X141.932 Y144.123 E3631.48738
G1 F2348.8 X137.46 Y144.123 E3631.81222
G1 F2562.3 X137.408 Y144.356 E3631.82812
G1 F2818.5 X137.408 Y147.252 E3632.00342
G1 X136.888 Y147.252 E3632.0349
G1 F2400 E3629.0349
G0 F15000 X137.108 Y147.032
G0 X135.963 Y146.9
G0 X135.865 Y147.469
G0 X134.943 Y147.993
G0 X133.936 Y148.256
G0 X125.806 Y148.165
G0 X125.563 Y146.9
G0 X124.224 Y146.9
;TYPE:WALL-INNER
G1 F2400 E3632.0349
G1 F3456.7 X124.284 Y146.9 E3632.03786
G1 X124.284 Y145.892 E3632.08762
G1 X124.056 Y146.159 E3632.10495
G1 X123.836 Y146.234 E3632.11642
G1 X123.655 Y146.199 E3632.12552
G1 X124.224 Y146.9 E3632.17008
G1 F2400 E3629.17008
G0 F15000 X123.736 Y146.459
G0 X121.647 Y143.886
G0 X121.568 Y143.949
G1 F2400 E3632.17008
G1 F3816.7 X121.496 Y143.907 E3632.17381
G1 X121.496 Y143.991 E3632.17756
G1 X121.568 Y143.949 E3632.18129
G1 F2400 E3629.18129
G0 F15000 X121.647 Y143.886
G0 X119.423 Y146.355
G0 X118.757 Y146.899
G1 F2400 E3632.18129
G1 F3440.4 X118.826 Y146.899 E3632.18471
G1 X119.408 Y146.179 E3632.23062
G1 X119.21 Y146.237 E3632.24085
G1 X118.986 Y146.162 E3632.25257
G1 X118.757 Y145.891 E3632.27016
G1 X118.757 Y146.899 E3632.32015
G0 F15000 X118.344 Y147.312
;TYPE:WALL-OUTER
G1 F3664.1 X119.024 Y147.312 E3632.35181
G1 X119.571 Y146.634 E3632.39238
G1 F3361.5 X119.959 Y146.097 E3632.426
G1 F3085.5 X121.333 Y144.389 E3632.54721
G1 F3331 X121.52 Y144.34 E3632.55711
G1 X121.707 Y144.388 E3632.567
G1 F3079.1 X123.141 Y146.161 E3632.69336
G1 F3361.5 X123.476 Y146.632 E3632.72269
G1 F3664.1 X124.028 Y147.312 E3632.76348
G1 X124.696 Y147.312 E3632.79458
G1 X124.696 Y146.321 E3632.84073
G1 F3172.4 X124.635 Y145.67 E3632.87589
G1 F2807.7 X124.636 Y140.532 E3633.18811
G1 F2818.5 X124.116 Y140.532 E3633.21959
G1 F2807.7 X124.115 Y145.625 E3633.52907
G1 F3172.4 X123.922 Y145.77 E3633.54205
G1 F3664.1 X123.702 Y145.845 E3633.55288
G1 F3361.5 X123.48 Y145.835 E3633.56416
G1 F3079.1 X122.081 Y144.088 E3633.68817
G1 F3331 X121.827 Y143.706 E3633.71167
G1 F3664.1 X121.52 Y143.32 E3633.73464
G1 X121.215 Y143.705 E3633.75751
G1 F3331 X120.96 Y144.09 E3633.78116
G1 F3085.5 X119.593 Y145.803 E3633.90234
G1 F3361.5 X119.343 Y145.846 E3633.91522
G1 F3664.1 X119.119 Y145.77 E3633.92623
G1 F3172.4 X118.925 Y145.625 E3633.93926
G1 F2807.7 X118.924 Y140.532 E3634.24874
G1 F2818.5 X118.404 Y140.532 E3634.28022
G1 F2807.7 X118.406 Y145.67 E3634.59244
G1 F3172.4 X118.345 Y146.325 E3634.62781
G1 F3664.1 X118.344 Y147.312 E3634.67377
G1 F2400 E3631.67377
G0 F15000 X118.627 Y147.032
G0 X117.482 Y147.002
G0 X114.682 Y147.002
G0 X110.948 Y147.278
G1 F2400 E3634.67377
G1 F2797 X110.489 Y147.221 E3634.70199
G1 F2526.9 X110.199 Y147.221 E3634.72157
G1 X110.199 Y146.931 E3634.74115
G1 F2655.1 X110.17 Y146.666 E3634.75828
G1 F2807.7 X110.168 Y144.388 E3634.8967
G1 F2562.3 X110.22 Y143.922 E3634.92793
G1 F2548.9 X110.17 Y143.546 E3634.95332
G1 F2807.7 X110.168 Y141.204 E3635.09563
G1 F2664.8 X110.198 Y140.852 E3635.11825
G1 F2531.3 X110.198 Y140.562 E3635.1378
G1 X110.488 Y140.562 E3635.15734
G1 F2797 X110.867 Y140.507 E3635.1807
G1 F3131.7 X113.879 Y140.505 E3635.3448
G1 F3145.1 X113.879 Y140.971 E3635.37008
G1 F3131.7 X110.907 Y140.972 E3635.53199
G1 F2797 X110.718 Y141.028 E3635.54401
G1 F2664.8 X110.688 Y141.204 E3635.55545
G1 F2807.7 X110.689 Y143.501 E3635.69503
G1 F2548.9 X110.74 Y143.689 E3635.70806
G1 F2450.9 X111.718 Y143.689 E3635.77615
G1 F2684.3 X112.696 Y143.689 E3635.83831
G1 F2978.9 X113.674 Y143.689 E3635.89432
G1 F3145.1 X113.675 Y144.155 E3635.9196
G1 F2978.9 X112.697 Y144.155 E3635.97562
G1 F2684.3 X111.719 Y144.155 E3636.03778
G1 F2450.9 X110.741 Y144.155 E3636.10586
G1 F2562.3 X110.688 Y144.388 E3636.12177
G1 F2807.7 X110.689 Y146.621 E3636.25746
G1 F2655.1 X110.718 Y146.754 E3636.26621
G1 F2797 X110.948 Y146.81 E3636.28065
G1 F3131.7 X113.782 Y146.81 E3636.43505
G1 X113.782 Y147.278 E3636.46054
G1 X110.948 Y147.278 E3636.61494
G1 F2400 E3633.61494
G0 F15000 X110.948 Y147.002
G0 X110.512 Y147.016
G0 X110.512 Y140.769
G0 X112.511 Y140.777
G0 X112.511 Y139.608
G0 X112.511 Y136.27
G0 X112.511 Y135.36
G1 F2400 E3636.61494
G1 F2807.7 X111.134 Y133.861 E3636.73863
G1 F2744.6 X111.252 Y133.707 E3636.75069
G1 F2868.2 X112.832 Y132.171 E3636.88177
G1 F2400 E3633.88177
G0 F15000 X110.588 Y132.18
G1 F2400 E3636.88177
G1 F2760.1 X110.589 Y133.501 E3636.96342
G1 F2272.3 X110.702 Y133.803 E3636.98763
G1 F1874.2 X110.728 Y133.843 E3636.99198
G0 F15000 X110.588 Y134.228
G1 F2775.8 X110.588 Y135.34 E3637.06033
G1 F2400 E3634.06033
G0 F15000 X108.276 Y132.211
G1 F2400 E3637.06033
G1 F2834.9 X108.564 Y132.449 E3637.08281
G1 F2813.1 X108.832 Y132.726 E3637.10619
G1 F2818.5 X109.149 Y133.206 E3637.14101
G1 F2845.9 X109.197 Y133.312 E3637.14798
G0 F15000 X109.191 Y133.741
G1 F2181 X108.825 Y133.79 E3637.17687
G1 F2908 X108.52 Y133.741 E3637.195
G1 F2797 X108.244 Y133.784 E3637.21203
G1 F2669.6 X108.022 Y133.891 E3637.22778
G1 X107.843 Y134.062 E3637.24361
G1 F2679.4 X107.75 Y134.244 E3637.25662
G1 F2674.5 X107.675 Y134.506 E3637.274
G1 F2754.9 X107.702 Y134.765 E3637.29013
G1 F2818.5 X107.779 Y134.964 E3637.30305
G1 F2786.4 X107.943 Y135.167 E3637.31903
G1 F2813.1 X108.175 Y135.324 E3637.33602
G1 F2845.9 X108.469 Y135.398 E3637.35419
G1 F2868.2 X108.784 Y135.366 E3637.37303
G1 F2840.4 X109.049 Y135.223 E3637.39112
G1 F2797 X109.256 Y134.999 E3637.40972
G1 F2734.4 X109.413 Y134.654 E3637.43337
G1 F2580.3 X109.427 Y134.207 E3637.46294
G1 F2544.5 X109.414 Y134.128 E3637.46831
G1 F2400 E3634.46831
G0 F15000 X106.684 Y132.162
G1 F2400 E3637.46831
G1 F2991.1 X105.474 Y133.631 E3637.57687
G1 F2571.3 X105.31 Y133.77 E3637.59113
G1 F2548.9 X105.151 Y133.634 E3637.60514
G1 F2960.9 X103.925 Y132.162 E3637.71553
G1 F2400 E3634.71553
G0 F15000 X103.601 Y133.162
G0 X103.556 Y134.555
G0 X104.039 Y135.355
G1 F2400 E3637.71553
G1 F2966.9 X105.123 Y134.044 E3637.81335
G1 F2566.8 X105.31 Y133.874 E3637.83015
G1 F2247.9 X105.31 Y133.77 E3637.83804
G1 X105.31 Y133.874 E3637.84594
G1 F2575.8 X105.5 Y134.045 E3637.86287
G1 F3003.3 X106.584 Y135.359 E3637.95964
G1 F2400 E3634.95964
G0 F15000 X105.88 Y135.938
G0 X104.47 Y136.266
G0 X101.824 Y136.322
G0 X101.212 Y136.243
G0 X100.467 Y135.947
G0 X100.477 Y134.083
G0 X101.015 Y133.405
G0 X101.279 Y132.244
G1 F2400 E3637.95964
G1 F2908 X101.428 Y132.19 E3637.96894
G1 F2879.4 X101.717 Y132.128 E3637.98645
G1 F2913.8 X102.193 Y132.185 E3638.01452
G1 F2851.4 X102.434 Y132.328 E3638.03129
G1 F2818.5 X102.601 Y132.535 E3638.04739
G1 F2802.4 X102.681 Y132.744 E3638.06101
G1 F2775.8 X102.711 Y132.975 E3638.07533
G1 F2754.9 X102.664 Y133.268 E3638.09371
G1 F2699.1 X102.543 Y133.476 E3638.10892
G1 F2584.9 X102.124 Y133.807 E3638.14416
G1 F2840.4 X102.307 Y134.035 E3638.16173
G1 F3331 X102.474 Y134.168 E3638.17266
G1 F3105.1 X102.605 Y134.355 E3638.18521
G1 F2840.4 X102.658 Y134.728 E3638.20784
G1 F2694.2 X102.572 Y135.009 E3638.22645
G1 F2617.2 X102.282 Y135.28 E3638.25232
G1 F2669.6 X102.082 Y135.358 E3638.26604
G1 F2840.4 X101.759 Y135.397 E3638.28558
G1 F3009.5 X101.429 Y135.353 E3638.30446
G1 F3040.7 X101.365 Y135.33 E3638.30827
G1 F2400 E3635.30827
G0 F15000 X100.46 Y135.33
G0 X99.703 Y135.769
G0 X98.897 Y135.412
G1 F2400 E3638.30827
G1 F3448.5 X98.804 Y135.412 E3638.31287
G1 X98.659 Y135.07 E3638.33125
G1 F3200.1 X98.531 Y134.694 E3638.35243
G1 F3145.1 X98.732 Y134.782 E3638.36433
G1 F3315.9 X98.951 Y134.785 E3638.3756
G1 F3092 X99.168 Y134.704 E3638.38838
G1 F3145.1 X99.048 Y135.073 E3638.40943
G1 F3448.5 X98.897 Y135.412 E3638.42779
G0 F15000 X98.531 Y134.694
G1 F2960.9 X98.061 Y133.575 E3638.49773
G1 F2589.5 X98.022 Y133.315 E3638.51505
G0 F15000 X97.456 Y132.164
G1 F2937.1 X97.874 Y133.141 E3638.57678
G1 F2584.9 X98.022 Y133.315 E3638.59186
G1 F2631.3 X98.251 Y133.243 E3638.60742
G1 F3059.8 X99.436 Y133.242 E3638.6735
G1 F2631.3 X99.711 Y133.318 E3638.692
G1 F2575.8 X99.88 Y133.107 E3638.7099
G1 F2949 X100.304 Y132.163 E3638.76978
G0 F15000 X99.711 Y133.318
G1 F2553.4 X99.684 Y133.541 E3638.78479
G1 F2885.1 X99.168 Y134.704 E3638.86003
G1 F2400 E3635.86003
G0 F15000 X100.01 Y135.078
G0 X98.976 Y139.529
G0 X98.579 Y147.368
G1 F2400 E3638.86003
G1 F3066.2 X98.018 Y147.334 E3638.8913
G1 F3053.4 X97.527 Y147.241 E3638.91922
G1 F3028.2 X97.06 Y147.092 E3638.94684
G1 F2978.9 X96.623 Y146.886 E3638.97451
G1 F2931.3 X96.233 Y146.636 E3639.00148
G1 F2896.5 X95.89 Y146.344 E3639.02801
G1 F2857 X95.584 Y146 E3639.05551
G1 F2829.4 X95.337 Y145.632 E3639.08223
G1 F2802.4 X95.127 Y145.207 E3639.11109
G1 F2786.4 X94.98 Y144.768 E3639.13944
G1 F2765.3 X94.889 Y144.29 E3639.16946
G1 F2744.6 X94.861 Y143.799 E3639.20003
G1 F2734.4 X94.884 Y143.421 E3639.22366
G1 X94.946 Y143.083 E3639.2451
G1 F2754.9 X95.068 Y142.674 E3639.27154
G1 F2786.4 X95.233 Y142.296 E3639.29679
G1 F2813.1 X95.447 Y141.927 E3639.32266
G1 F2840.4 X95.72 Y141.577 E3639.34933
G1 F2862.6 X96.033 Y141.271 E3639.37541
G1 F2890.8 X96.408 Y140.99 E3639.40307
G1 F2913.8 X96.85 Y140.75 E3639.43252
G1 F2943 X97.323 Y140.579 E3639.46168
G1 F2978.9 X97.881 Y140.459 E3639.49437
G1 F3028.2 X98.491 Y140.417 E3639.52882
G1 F3053.4 X99.138 Y140.444 E3639.565
G1 F3028.2 X99.696 Y140.542 E3639.59692
G1 F3003.3 X100.105 Y140.652 E3639.62098
G1 F2991.1 X100.457 Y140.778 E3639.64231
G1 F3003.3 X100.877 Y140.959 E3639.66829
G1 F3015.7 X100.877 Y141.523 E3639.7002
G1 F3021.9 X100.49 Y141.317 E3639.72495
G1 F3015.7 X99.933 Y141.11 E3639.75857
G1 X99.5 Y140.995 E3639.78392
G1 F3040.7 X99.072 Y140.92 E3639.8083
G1 F3066.2 X98.612 Y140.894 E3639.83393
G1 X98.121 Y140.919 E3639.86129
G1 F3040.7 X97.732 Y140.981 E3639.88339
G1 F3009.5 X97.326 Y141.096 E3639.90732
G1 F2966.9 X96.938 Y141.261 E3639.93156
G1 F2937.1 X96.602 Y141.467 E3639.95446
G1 F2908 X96.314 Y141.7 E3639.97619
G1 F2879.4 X96.035 Y141.998 E3640.00038
G1 F2857 X95.813 Y142.318 E3640.02364
G1 F2829.4 X95.638 Y142.658 E3640.0467
G1 F2797 X95.496 Y143.068 E3640.07316
G1 F2754.9 X95.424 Y143.44 E3640.09663
G1 F2744.6 X95.394 Y143.861 E3640.12287
G1 F2765.3 X95.429 Y144.319 E3640.15121
G1 F2786.4 X95.502 Y144.687 E3640.17418
G1 F2802.4 X95.638 Y145.075 E3640.19921
G1 F2823.9 X95.813 Y145.421 E3640.22264
G1 F2851.4 X96.033 Y145.741 E3640.24587
G1 F2885.1 X96.301 Y146.035 E3640.2694
G1 F2919.6 X96.594 Y146.282 E3640.29179
G1 F2966.9 X96.937 Y146.496 E3640.31504
G1 F3003.3 X97.289 Y146.66 E3640.3371
G1 F3040.7 X97.716 Y146.792 E3640.36218
G1 F3066.2 X98.091 Y146.861 E3640.3834
G1 X98.557 Y146.891 E3640.40938
G1 F3079.1 X98.994 Y146.868 E3640.43363
G1 F3092 X99.434 Y146.798 E3640.45821
G1 F3098.6 X99.834 Y146.698 E3640.48091
G1 F3092 X100.263 Y146.548 E3640.50599
G1 F3079.1 X100.804 Y146.308 E3640.53879
G1 F3053.4 X100.804 Y146.846 E3640.56885
G1 F3059.8 X100.279 Y147.049 E3640.60024
G1 F3079.1 X99.872 Y147.179 E3640.62391
G1 F3066.2 X99.369 Y147.296 E3640.65265
G1 F3053.4 X98.921 Y147.352 E3640.67787
G1 F3066.2 X98.579 Y147.368 E3640.69693
G1 F2400 E3637.69693
G0 F15000 X98.57 Y147.096
G0 X100.206 Y146.875
G0 X100.597 Y147.896
G0 X101.598 Y147.494
G0 X108.216 Y147.252
G1 F2400 E3640.69693
G1 F2818.5 X107.696 Y147.252 E3640.7284
G1 X107.696 Y143.212 E3640.97296
G1 F2813.1 X107.675 Y142.776 E3640.99943
G1 F2818.5 X107.599 Y142.344 E3641.02598
G1 F2851.4 X107.492 Y142.033 E3641.04566
G1 F2885.1 X107.352 Y141.774 E3641.06307
G1 F2931.3 X107.07 Y141.433 E3641.08883
G1 F2954.9 X106.7 Y141.204 E3641.11395
G1 F2991.1 X106.335 Y141.046 E3641.13664
G1 F3040.7 X105.89 Y140.942 E3641.16228
G1 F3079.1 X105.397 Y140.892 E3641.18974
G1 X104.943 Y140.91 E3641.21492
G1 F3053.4 X104.573 Y140.975 E3641.23591
G1 F3003.3 X104.166 Y141.124 E3641.26053
G1 F2931.3 X103.895 Y141.274 E3641.27856
G1 F2896.5 X103.572 Y141.517 E3641.30237
G1 F2885.1 X103.264 Y141.887 E3641.33084
G1 F2873.8 X103.109 Y142.304 E3641.35725
G1 F2834.9 X103.046 Y142.662 E3641.37913
G1 F2818.5 X103.025 Y143.012 E3641.40035
G1 X103.024 Y147.252 E3641.65701
G1 X102.504 Y147.252 E3641.68849
G1 X102.504 Y143.035 E3641.94376
G1 X102.532 Y142.575 E3641.97166
G1 F2840.4 X102.611 Y142.183 E3641.99568
G1 F2862.6 X102.735 Y141.838 E3642.01753
G1 F2873.8 X102.897 Y141.539 E3642.03772
G1 X103.108 Y141.269 E3642.05806
G1 F2851.4 X103.338 Y141.051 E3642.07702
G1 F2879.4 X103.604 Y140.861 E3642.09639
G1 F2919.6 X103.892 Y140.706 E3642.1155
G1 F2960.9 X104.215 Y140.576 E3642.13557
G1 F3003.3 X104.548 Y140.488 E3642.15513
G1 F3053.4 X104.881 Y140.436 E3642.17397
G1 F3066.2 X105.25 Y140.416 E3642.19453
G1 F3053.4 X105.744 Y140.439 E3642.22216
G1 F3034.4 X106.197 Y140.51 E3642.24794
G1 F3003.3 X106.593 Y140.621 E3642.27131
G1 F2966.9 X106.932 Y140.764 E3642.29246
G1 F2931.3 X107.236 Y140.946 E3642.31309
G1 F2913.8 X107.508 Y141.17 E3642.33372
G1 F2890.8 X107.712 Y141.406 E3642.35213
G1 F2868.2 X107.894 Y141.692 E3642.3723
G1 F2840.4 X108.033 Y142 E3642.39259
G1 F2818.5 X108.129 Y142.331 E3642.41346
G1 F2807.7 X108.192 Y142.713 E3642.43698
G1 X108.215 Y143.123 E3642.46194
G1 F2813.1 X108.216 Y147.252 E3642.71236
G1 F2400 E3639.71236
G0 F15000 X107.997 Y147.032
G0 X107.953 Y142.837
G0 X107.581 Y141.693
G0 X107.207 Y141.285
G0 X106.379 Y140.843
G0 X105.384 Y140.677
G0 X104.494 Y140.779
G0 X103.802 Y141.102
G0 X103.459 Y141.364
G0 X103.107 Y141.771
G0 X102.924 Y142.239
G0 X102.675 Y147.098
G0 X101.598 Y147.494
G0 X100.092 Y148.054
G0 X98.989 Y148.255
G0 X97.92 Y148.236
G0 X96.955 Y147.998
G0 X94.12 Y146.871
G0 X91.854 Y147.375
G1 F2400 E3642.71236
G1 F3145.1 X91.542 Y147.356 E3642.72932
G1 F3151.9 X91.263 Y147.316 E3642.74457
G1 X90.901 Y147.222 E3642.76482
G1 F3131.7 X90.483 Y146.987 E3642.79094
G1 F3092 X90.172 Y146.665 E3642.81565
G1 F3079.1 X90.019 Y146.378 E3642.83367
G1 F3072.6 X89.898 Y145.928 E3642.85954
G1 F3028.2 X89.889 Y145.685 E3642.87324
G1 F2966.9 X89.948 Y145.28 E3642.89678
G1 F2885.1 X90.1 Y144.947 E3642.91843
G1 F2851.4 X90.323 Y144.649 E3642.9407
G1 F2857 X90.615 Y144.378 E3642.96449
G1 F2851.4 X90.955 Y144.134 E3642.98953
G1 F2791.7 X92.103 Y143.422 E3643.07209
G1 F2744.6 X92.451 Y143.156 E3643.09931
G1 F2797 X92.771 Y142.819 E3643.12766
G1 F2885.1 X92.948 Y142.46 E3643.15133
G1 F2954.9 X93.02 Y142.038 E3643.17605
G1 F3040.7 X92.969 Y141.739 E3643.19307
G1 F3059.8 X92.836 Y141.455 E3643.21056
G1 F3053.4 X92.641 Y141.228 E3643.22728
G1 F3066.2 X92.363 Y141.039 E3643.24598
G1 F3085.5 X92.004 Y140.914 E3643.267
G1 F3118.4 X91.626 Y140.875 E3643.28779
G1 F3145.1 X91.193 Y140.912 E3643.31137
G1 F3158.7 X90.719 Y141.046 E3643.33798
G1 X90.3 Y141.271 E3643.36366
G1 F3145.1 X89.916 Y141.566 E3643.38993
G1 F3151.9 X89.916 Y140.968 E3643.4223
G1 F3131.7 X90.188 Y140.791 E3643.43998
G1 F3118.4 X90.636 Y140.58 E3643.46708
G1 F3145.1 X91.102 Y140.455 E3643.49325
G1 X91.616 Y140.406 E3643.52126
G1 F3118.4 X92.136 Y140.444 E3643.54979
G1 F3072.6 X92.638 Y140.643 E3643.57977
G1 F3053.4 X92.997 Y140.905 E3643.6046
G1 F3040.7 X93.218 Y141.154 E3643.62329
G1 X93.366 Y141.445 E3643.6416
G1 F3047 X93.472 Y141.752 E3643.65979
G1 F3028.2 X93.496 Y142.134 E3643.68136
G1 F2960.9 X93.43 Y142.608 E3643.70893
G1 F2851.4 X93.273 Y142.993 E3643.73381
G1 F2760.1 X93.046 Y143.314 E3643.75811
G1 F2734.4 X92.749 Y143.604 E3643.78401
G1 X92.417 Y143.855 E3643.80998
G1 F2744.6 X92.046 Y144.085 E3643.83712
G1 F2797 X91.292 Y144.528 E3643.89046
G1 F2851.4 X90.936 Y144.776 E3643.91642
G1 F2873.8 X90.641 Y145.063 E3643.94086
G1 F2908 X90.432 Y145.419 E3643.96508
G1 F2954.9 X90.361 Y145.813 E3643.98819
G1 F3053.4 X90.485 Y146.296 E3644.01606
G1 F3118.4 X90.749 Y146.6 E3644.03809
G1 F3145.1 X91.072 Y146.778 E3644.05809
G1 F3165.5 X91.373 Y146.867 E3644.07501
G1 X91.886 Y146.911 E3644.10276
G1 F3145.1 X92.41 Y146.819 E3644.13162
G1 F3131.7 X92.787 Y146.669 E3644.15373
G1 F3145.1 X93.219 Y146.422 E3644.18072
G1 F3131.7 X93.219 Y146.983 E3644.21129
G1 F3118.4 X92.84 Y147.158 E3644.23413
G1 F3111.7 X92.584 Y147.256 E3644.24915
G1 F3118.4 X92.241 Y147.346 E3644.26856
G1 F3145.1 X91.854 Y147.375 E3644.28961
G1 F2400 E3641.28961
G0 F15000 X91.842 Y147.098
G0 X90.869 Y146.981
G0 X90.087 Y147.796
G0 X89.453 Y147.143
G0 X88.582 Y147.278
G1 F2400 E3644.28961
G1 F3131.7 X85.748 Y147.278 E3644.44401
G1 F2797 X85.289 Y147.221 E3644.47222
G1 F2526.9 X84.999 Y147.221 E3644.4918
G1 X84.999 Y146.931 E3644.51138
G1 F2655.1 X84.97 Y146.666 E3644.52851
G1 F2807.7 X84.968 Y144.388 E3644.66694
G1 F2562.3 X85.02 Y143.922 E3644.69816
G1 F2548.9 X84.97 Y143.546 E3644.72355
G1 F2807.7 X84.968 Y141.204 E3644.86586
G1 F2664.8 X84.998 Y140.852 E3644.88848
G1 F2531.3 X84.998 Y140.562 E3644.90803
G1 X85.288 Y140.562 E3644.92757
G1 F2797 X85.667 Y140.507 E3644.95093
G1 F3131.7 X88.679 Y140.505 E3645.11503
G1 F3145.1 X88.679 Y140.971 E3645.14031
G1 F3131.7 X85.707 Y140.972 E3645.30222
G1 F2797 X85.518 Y141.028 E3645.31425
G1 F2664.8 X85.488 Y141.204 E3645.32568
G1 F2807.7 X85.489 Y143.501 E3645.46526
G1 F2548.9 X85.54 Y143.689 E3645.4783
G1 F2450.9 X86.518 Y143.689 E3645.54638
G1 F2684.3 X87.496 Y143.689 E3645.60854
G1 F2978.9 X88.474 Y143.689 E3645.66455
G1 F3145.1 X88.475 Y144.155 E3645.68983
G1 F2978.9 X87.497 Y144.155 E3645.74585
G1 F2684.3 X86.519 Y144.155 E3645.80801
G1 F2450.9 X85.541 Y144.155 E3645.87609
G1 F2562.3 X85.488 Y144.388 E3645.892
G1 F2807.7 X85.489 Y146.621 E3646.02769
G1 F2655.1 X85.518 Y146.754 E3646.03644
G1 F2797 X85.748 Y146.81 E3646.05088
G1 F3131.7 X88.582 Y146.81 E3646.20528
G1 X88.582 Y147.278 E3646.23077
G1 F2400 E3643.23077
G0 F15000 X88.336 Y147.032
G0 X85.311 Y147.016
G0 X85.138 Y143.97
G0 X84.043 Y143.97
G0 X82.388 Y143.623
G0 X80.767 Y143.81
;TYPE:WALL-INNER
G1 F2400 E3646.23077
G1 F3271.5 X80.739 Y143.762 E3646.23367
G1 X80.683 Y143.762 E3646.23659
G1 X80.655 Y143.81 E3646.23949
G1 X80.683 Y143.858 E3646.24239
G1 X80.739 Y143.858 E3646.24531
G1 X80.767 Y143.81 E3646.24821
G1 F2400 E3643.24821
G0 F15000 X80.687 Y143.97
G0 X81.306 Y144.239
G0 X81.627 Y144.563
G0 X81.816 Y144.941
G0 X81.895 Y145.337
G0 X81.883 Y145.873
G0 X81.688 Y146.349
G0 X81.401 Y146.68
G0 X81.018 Y146.904
G0 X80.207 Y147.071
G0 X80.197 Y146.842
;TYPE:WALL-OUTER
G1 F2400 E3646.24821
G1 F3286.2 X79.356 Y146.843 E3646.29187
G1 F2954.9 X79.097 Y146.775 E3646.30733
G1 F2754.9 X79.096 Y144.348 E3646.45764
G1 F2562.3 X79.148 Y144.114 E3646.4736
G1 F2664.8 X80.02 Y144.111 E3646.52943
G1 F3278.8 X80.302 Y144.151 E3646.54425
G1 F3473.1 X80.811 Y144.256 E3646.56978
G1 F3228.3 X81.204 Y144.432 E3646.59254
G1 F2978.9 X81.473 Y144.694 E3646.61405
G1 F2851.4 X81.639 Y145.003 E3646.63503
G1 F2765.3 X81.709 Y145.351 E3646.65694
G1 X81.696 Y145.829 E3646.68644
G1 F2829.4 X81.522 Y146.244 E3646.71357
G1 F2919.6 X81.275 Y146.514 E3646.73496
G1 F3053.4 X80.925 Y146.705 E3646.75724
G1 F3200.1 X80.543 Y146.803 E3646.77826
G1 F3264.2 X80.197 Y146.842 E3646.79646
G0 F15000 X80.135 Y147.289
G1 F3257 X80.495 Y147.266 E3646.81536
G1 F3214.1 X80.787 Y147.219 E3646.83106
G1 F3165.5 X81.058 Y147.15 E3646.84613
G1 F3118.4 X81.458 Y146.98 E3646.86991
G1 F3034.4 X81.814 Y146.699 E3646.89541
G1 F2896.5 X82.011 Y146.423 E3646.91539
G1 F2786.4 X82.225 Y145.918 E3646.94897
G1 F2739.5 X82.25 Y145.476 E3646.97654
G1 F2724.2 X82.219 Y145.131 E3646.99824
G1 F2754.9 X82.135 Y144.824 E3647.01795
G1 F2797 X81.991 Y144.548 E3647.03694
G1 F2873.8 X81.795 Y144.302 E3647.05561
G1 F2991.1 X81.539 Y144.093 E3647.07446
G1 F3105.1 X81.225 Y143.927 E3647.09398
G1 F3301 X81.155 Y143.846 E3647.09951
G1 F3424.4 X81.12 Y143.666 E3647.10865
G1 F3293.5 X81.148 Y143.575 E3647.11358
G1 F3098.6 X81.589 Y143.171 E3647.14651
G1 F2991.1 X81.842 Y142.879 E3647.16855
G1 F2931.3 X82.086 Y142.55 E3647.19239
G1 F2919.6 X82.347 Y142.155 E3647.22006
G1 F2954.9 X82.937 Y141.22 E3647.28389
G1 X83.138 Y140.922 E3647.30465
G1 F2937.1 X83.427 Y140.522 E3647.33331
G1 X82.804 Y140.522 E3647.3695
G1 F2931.3 X81.904 Y141.921 E3647.46633
G1 F2943 X81.472 Y142.548 E3647.51047
G1 F2991.1 X81.236 Y142.839 E3647.53184
G1 F3105.1 X80.975 Y143.117 E3647.55279
G1 F3301 X80.653 Y143.378 E3647.57421
G1 F3424.4 X80.216 Y143.575 E3647.5981
G1 F3249.7 X79.96 Y143.642 E3647.61199
G1 F2664.8 X79.148 Y143.646 E3647.66398
G1 F2548.9 X79.097 Y143.457 E3647.67708
G1 F2807.7 X79.096 Y140.532 E3647.85482
G1 F2818.5 X78.576 Y140.532 E3647.8863
G1 F2807.7 X78.578 Y143.502 E3648.06678
G1 F2548.9 X78.628 Y143.88 E3648.0923
G1 F2562.3 X78.576 Y144.348 E3648.12365
G1 F2807.7 X78.578 Y146.71 E3648.26718
G1 F2674.5 X78.601 Y146.942 E3648.28206
G1 F2571.3 X78.601 Y147.227 E3648.30097
G1 X78.886 Y147.227 E3648.31988
G1 F2885.1 X79.356 Y147.289 E3648.34791
G1 F3286.2 X80.135 Y147.289 E3648.38836
G1 F2400 E3645.38836
;MESH:NONMESH
G0 F300 Z3.92
G0 F15000 X80.124 Y147.003
G0 X80.687 Y143.97
G0 X80.767 Y143.81
;TIME_ELAPSED:4479.204592
;LAYER:13
;note -- min layer time used
;TYPE:WALL-INNER
;MESH:lid.stl
G1 F2400 E3648.38836
G1 F2893.9 X80.739 Y143.762 E3648.39126
G1 X80.683 Y143.762 E3648.39418
G1 X80.655 Y143.81 E3648.39708
G1 X80.683 Y143.858 E3648.39997
G1 X80.739 Y143.858 E3648.40289
G1 X80.767 Y143.81 E3648.40579
G1 F2400 E3645.40579
G0 F15000 X80.687 Y143.97
G0 X81.306 Y144.239
G0 X81.627 Y144.563
G0 X81.816 Y144.941
G0 X81.895 Y145.337
G0 X81.883 Y145.873
G0 X81.688 Y146.349
G0 X81.401 Y146.68
G0 X81.018 Y146.904
G0 X80.207 Y147.071
G0 X80.197 Y146.842
;TYPE:WALL-OUTER
G1 F2400 E3648.40579
G1 F2906.9 X79.356 Y146.843 E3648.44946
G1 F2613.8 X79.097 Y146.775 E3648.46492
G1 F2437 X79.096 Y144.348 E3648.61522
G1 F2266.6 X79.148 Y144.114 E3648.63118
G1 F2357.2 X80.02 Y144.111 E3648.68701
G1 F2900.4 X80.302 Y144.151 E3648.70184
G1 F3072.2 X80.811 Y144.256 E3648.72737
G1 F2855.7 X81.201 Y144.429 E3648.74991
G1 F2635.1 X81.473 Y144.694 E3648.77166
G1 F2522.3 X81.639 Y145.003 E3648.79265
G1 F2446.2 X81.709 Y145.351 E3648.81455
G1 X81.696 Y145.829 E3648.84406
G1 F2502.8 X81.522 Y146.244 E3648.87119
G1 F2582.6 X81.275 Y146.514 E3648.89258
G1 F2701 X80.925 Y146.705 E3648.91486
G1 F2830.7 X80.543 Y146.803 E3648.93588
G1 F2887.5 X80.197 Y146.842 E3648.95408
G0 F15000 X80.135 Y147.289
G1 F2881 X80.495 Y147.266 E3648.97298
G1 F2843.1 X80.787 Y147.219 E3648.98868
G1 F2800.1 X81.058 Y147.15 E3649.00375
G1 F2758.4 X81.458 Y146.98 E3649.02753
G1 F2684.2 X81.814 Y146.699 E3649.05303
G1 F2562.2 X82.011 Y146.423 E3649.073
G1 F2464.8 X82.225 Y145.918 E3649.10659
G1 F2423.3 X82.25 Y145.476 E3649.13416
G1 F2409.8 X82.219 Y145.131 E3649.15585
G1 F2437 X82.135 Y144.824 E3649.17557
G1 F2474.2 X81.991 Y144.548 E3649.19455
G1 F2542.1 X81.795 Y144.302 E3649.21323
G1 F2645.9 X81.539 Y144.093 E3649.23208
G1 F2746.8 X81.225 Y143.927 E3649.2516
G1 F2920 X81.155 Y143.846 E3649.25713
G1 F3029.1 X81.12 Y143.666 E3649.26626
G1 F2913.4 X81.148 Y143.575 E3649.2712
G1 F2740.9 X81.589 Y143.171 E3649.30413
G1 F2645.9 X81.842 Y142.879 E3649.32617
G1 F2592.9 X82.086 Y142.55 E3649.35001
G1 F2582.6 X82.348 Y142.155 E3649.37771
G1 F2603.3 X82.789 Y141.452 E3649.42582
G1 F2613.8 X83.139 Y140.917 E3649.46273
G1 F2608.6 X83.427 Y140.521 E3649.49106
G1 X82.803 Y140.522 E3649.52716
G1 F2598.1 X81.904 Y141.921 E3649.62376
G1 F2603.3 X81.472 Y142.548 E3649.6679
G1 F2645.9 X81.236 Y142.839 E3649.68927
G1 F2746.8 X80.975 Y143.117 E3649.71023
G1 F2920 X80.653 Y143.378 E3649.73165
G1 F3029.1 X80.216 Y143.575 E3649.75553
G1 F2874.7 X79.96 Y143.642 E3649.76943
G1 F2357.2 X79.148 Y143.646 E3649.82141
G1 F2254.7 X79.097 Y143.457 E3649.83452
G1 F2483.7 X79.096 Y140.532 E3650.01226
G1 F2493.2 X78.576 Y140.532 E3650.04374
G1 F2483.7 X78.578 Y143.502 E3650.22421
G1 F2254.7 X78.628 Y143.88 E3650.24973
G1 F2266.6 X78.576 Y144.348 E3650.28109
G1 F2483.7 X78.578 Y146.71 E3650.42462
G1 F2365.8 X78.601 Y146.942 E3650.43949
G1 F2274.5 X78.601 Y147.227 E3650.4584
G1 X78.886 Y147.227 E3650.47731
G1 F2552.1 X79.356 Y147.289 E3650.50535
G1 F2906.9 X80.135 Y147.289 E3650.54579
G1 F2400 E3647.54579
G0 F15000 X80.124 Y147.003
G0 X80.996 Y146.964
G0 X81.689 Y147.87
G0 X84.043 Y146.964
G0 X88.582 Y147.278
G1 F2400 E3650.54579
G1 F2770.2 X85.748 Y147.278 E3650.70019
G1 F2474.2 X85.289 Y147.221 E3650.7284
G1 F2235.3 X84.999 Y147.221 E3650.74798
G1 X84.999 Y146.931 E3650.76756
G1 F2348.7 X84.97 Y146.666 E3650.78469
G1 F2483.7 X84.968 Y144.388 E3650.92312
G1 F2266.6 X85.02 Y143.922 E3650.95434
G1 F2254.7 X84.97 Y143.546 E3650.97973
G1 F2483.7 X84.968 Y141.204 E3651.12205
G1 F2357.2 X84.998 Y140.852 E3651.14466
G1 F2239.2 X84.998 Y140.562 E3651.16421
G1 X85.288 Y140.562 E3651.18376
G1 F2474.2 X85.667 Y140.507 E3651.20712
G1 F2770.2 X88.679 Y140.505 E3651.37121
G1 F2782.1 X88.679 Y140.971 E3651.39649
G1 F2770.2 X85.707 Y140.972 E3651.55841
G1 F2474.2 X85.518 Y141.028 E3651.57043
G1 F2357.2 X85.488 Y141.204 E3651.58186
G1 F2483.7 X85.489 Y143.501 E3651.72144
G1 F2254.7 X85.54 Y143.689 E3651.73448
G1 F2168 X86.518 Y143.689 E3651.80256
G1 F2374.5 X87.496 Y143.689 E3651.86472
G1 F2635.1 X88.474 Y143.689 E3651.92074
G1 F2782.1 X88.475 Y144.155 E3651.94602
G1 F2635.1 X87.497 Y144.155 E3652.00203
G1 F2374.5 X86.519 Y144.155 E3652.06419
G1 F2168 X85.541 Y144.155 E3652.13228
G1 F2266.6 X85.488 Y144.388 E3652.14819
G1 F2483.7 X85.489 Y146.621 E3652.28388
G1 F2348.7 X85.518 Y146.754 E3652.29263
G1 F2474.2 X85.748 Y146.81 E3652.30706
G1 F2770.2 X88.582 Y146.81 E3652.46146
G1 X88.582 Y147.278 E3652.48696
G1 F2400 E3649.48696
G0 F15000 X88.336 Y147.032
G0 X89.453 Y147.143
G0 X90.087 Y147.796
G0 X91.854 Y147.375
G1 F2400 E3652.48696
G1 F2782.1 X91.542 Y147.356 E3652.50391
G1 F2788.1 X91.263 Y147.316 E3652.51917
G1 X90.901 Y147.222 E3652.53942
G1 F2770.2 X90.483 Y146.987 E3652.56554
G1 F2735.2 X90.172 Y146.665 E3652.59024
G1 F2723.7 X90.019 Y146.378 E3652.60826
G1 F2718 X89.898 Y145.928 E3652.63414
G1 F2678.7 X89.889 Y145.685 E3652.64784
G1 F2624.4 X89.948 Y145.28 E3652.67138
G1 F2552.1 X90.1 Y144.947 E3652.69302
G1 F2522.3 X90.323 Y144.649 E3652.71529
G1 F2527.2 X90.615 Y144.378 E3652.73908
G1 F2522.3 X90.955 Y144.134 E3652.76413
G1 F2469.5 X92.103 Y143.422 E3652.84668
G1 F2427.8 X92.451 Y143.156 E3652.87391
G1 F2474.2 X92.771 Y142.819 E3652.90226
G1 F2552.1 X92.948 Y142.46 E3652.92593
G1 F2613.8 X93.02 Y142.038 E3652.95065
G1 F2689.8 X92.969 Y141.739 E3652.96767
G1 F2706.6 X92.836 Y141.455 E3652.98515
G1 F2701 X92.641 Y141.228 E3653.00188
G1 F2712.3 X92.363 Y141.039 E3653.02058
G1 F2729.4 X92.004 Y140.914 E3653.0416
G1 F2758.4 X91.626 Y140.875 E3653.06239
G1 F2782.1 X91.193 Y140.912 E3653.08597
G1 F2794.1 X90.719 Y141.046 E3653.11257
G1 X90.3 Y141.271 E3653.13826
G1 F2782.1 X89.916 Y141.566 E3653.16453
G1 F2788.1 X89.916 Y140.968 E3653.1969
G1 F2770.2 X90.188 Y140.791 E3653.21458
G1 F2758.4 X90.636 Y140.58 E3653.24167
G1 F2782.1 X91.102 Y140.455 E3653.26785
G1 X91.616 Y140.406 E3653.29586
G1 F2758.4 X92.136 Y140.444 E3653.32438
G1 F2718 X92.638 Y140.643 E3653.35437
G1 F2701 X92.997 Y140.905 E3653.3792
G1 F2689.8 X93.218 Y141.154 E3653.39788
G1 X93.366 Y141.445 E3653.4162
G1 F2695.4 X93.472 Y141.752 E3653.43439
G1 F2678.7 X93.496 Y142.134 E3653.45595
G1 F2619.1 X93.43 Y142.608 E3653.48353
G1 F2522.3 X93.273 Y142.993 E3653.50841
G1 F2441.6 X93.046 Y143.314 E3653.53271
G1 F2418.8 X92.749 Y143.604 E3653.55861
G1 X92.417 Y143.855 E3653.58458
G1 F2427.8 X92.046 Y144.085 E3653.61172
G1 F2474.2 X91.292 Y144.528 E3653.66506
G1 F2522.3 X90.936 Y144.776 E3653.69102
G1 F2542.1 X90.641 Y145.063 E3653.71546
G1 F2572.4 X90.432 Y145.419 E3653.73968
G1 F2613.8 X90.361 Y145.813 E3653.76279
G1 F2701 X90.485 Y146.296 E3653.79066
G1 F2758.4 X90.749 Y146.6 E3653.81268
G1 F2782.1 X91.072 Y146.778 E3653.83269
G1 F2800.1 X91.373 Y146.867 E3653.84961
G1 X91.886 Y146.911 E3653.87736
G1 F2782.1 X92.41 Y146.819 E3653.90622
G1 F2770.2 X92.787 Y146.669 E3653.92832
G1 F2782.1 X93.219 Y146.422 E3653.95532
G1 F2770.2 X93.219 Y146.983 E3653.98588
G1 F2758.4 X92.84 Y147.158 E3654.00872
G1 F2752.6 X92.584 Y147.256 E3654.02375
G1 F2758.4 X92.241 Y147.346 E3654.04315
G1 F2782.1 X91.854 Y147.375 E3654.06421
G1 F2400 E3651.06421
G0 F15000 X91.842 Y147.098
G0 X92.202 Y147.057
G0 X93.002 Y146.871
G0 X94.12 Y146.871
G0 X95.204 Y146.953
G0 X98.579 Y147.368
G1 F2400 E3654.06421
G1 F2712.3 X98.018 Y147.334 E3654.09548
G1 F2701 X97.527 Y147.241 E3654.1234
G1 F2678.7 X97.06 Y147.092 E3654.15102
G1 F2635.1 X96.623 Y146.886 E3654.17869
G1 F2592.9 X96.233 Y146.636 E3654.20566
G1 F2562.2 X95.89 Y146.344 E3654.23219
G1 F2527.2 X95.584 Y146 E3654.25969
G1 F2502.8 X95.337 Y145.632 E3654.28641
G1 F2478.9 X95.127 Y145.207 E3654.31527
G1 F2464.8 X94.98 Y144.768 E3654.34362
G1 F2446.2 X94.889 Y144.29 E3654.37364
G1 F2427.8 X94.861 Y143.799 E3654.40421
G1 F2418.8 X94.884 Y143.421 E3654.42784
G1 X94.946 Y143.083 E3654.44928
G1 F2437 X95.068 Y142.674 E3654.47572
G1 F2464.8 X95.233 Y142.296 E3654.50097
G1 F2488.4 X95.447 Y141.927 E3654.52684
G1 F2512.5 X95.72 Y141.577 E3654.5535
G1 F2532.2 X96.033 Y141.271 E3654.57959
G1 F2557.1 X96.408 Y140.99 E3654.60725
G1 F2577.5 X96.85 Y140.75 E3654.6367
G1 F2603.3 X97.323 Y140.579 E3654.66586
G1 F2635.1 X97.881 Y140.459 E3654.69855
G1 F2678.7 X98.491 Y140.417 E3654.733
G1 F2701 X99.138 Y140.444 E3654.76918
G1 F2678.7 X99.696 Y140.542 E3654.8011
G1 F2656.7 X100.106 Y140.652 E3654.82522
G1 F2640.5 X100.47 Y140.783 E3654.84733
G1 F2645.9 X100.877 Y140.964 E3654.87274
G1 F2662.2 X100.877 Y141.522 E3654.90437
G1 F2667.6 X100.489 Y141.316 E3654.92923
G1 F2662.2 X99.933 Y141.11 E3654.96284
G1 F2667.6 X99.5 Y140.995 E3654.98819
G1 F2689.8 X99.072 Y140.92 E3655.01257
G1 F2712.3 X98.612 Y140.894 E3655.03821
G1 X98.121 Y140.919 E3655.06556
G1 F2689.8 X97.732 Y140.981 E3655.08766
G1 F2662.2 X97.326 Y141.096 E3655.11159
G1 F2624.4 X96.938 Y141.261 E3655.13583
G1 F2598.1 X96.602 Y141.467 E3655.15873
G1 F2572.4 X96.314 Y141.7 E3655.18046
G1 F2547.1 X96.035 Y141.998 E3655.20465
G1 F2527.2 X95.813 Y142.318 E3655.22791
G1 F2502.8 X95.638 Y142.658 E3655.25097
G1 F2474.2 X95.496 Y143.068 E3655.27743
G1 F2437 X95.424 Y143.44 E3655.3009
G1 F2427.8 X95.394 Y143.861 E3655.32714
G1 F2446.2 X95.429 Y144.319 E3655.35548
G1 F2464.8 X95.502 Y144.687 E3655.37845
G1 F2478.9 X95.638 Y145.075 E3655.40348
G1 F2498 X95.813 Y145.421 E3655.42691
G1 F2522.3 X96.033 Y145.741 E3655.45014
G1 F2552.1 X96.301 Y146.035 E3655.47367
G1 F2582.6 X96.594 Y146.282 E3655.49606
G1 F2624.4 X96.937 Y146.496 E3655.51931
G1 F2656.7 X97.289 Y146.66 E3655.54137
G1 F2689.8 X97.716 Y146.792 E3655.56645
G1 F2712.3 X98.091 Y146.861 E3655.58767
G1 X98.557 Y146.891 E3655.61365
G1 F2723.7 X98.994 Y146.868 E3655.6379
G1 F2735.2 X99.434 Y146.798 E3655.66248
G1 F2740.9 X99.834 Y146.698 E3655.68519
G1 F2735.2 X100.263 Y146.548 E3655.71026
G1 F2723.7 X100.804 Y146.308 E3655.74306
G1 F2701 X100.804 Y146.846 E3655.77312
G1 F2706.6 X100.279 Y147.049 E3655.80451
G1 F2723.7 X99.872 Y147.179 E3655.82818
G1 F2712.3 X99.369 Y147.296 E3655.85692
G1 F2701 X98.921 Y147.352 E3655.88214
G1 F2712.3 X98.579 Y147.368 E3655.9012
G1 F2400 E3652.9012
G0 F15000 X98.57 Y147.096
G0 X100.206 Y146.875
G0 X100.597 Y147.896
G0 X101.598 Y147.494
G0 X108.216 Y147.252
G1 F2400 E3655.9012
G1 F2493.2 X107.696 Y147.252 E3655.93267
G1 X107.692 Y143.045 E3656.18734
G1 F2502.8 X107.65 Y142.559 E3656.21675
G1 F2522.3 X107.536 Y142.127 E3656.24349
G1 F2552.1 X107.352 Y141.774 E3656.26703
G1 F2592.9 X107.07 Y141.433 E3656.29278
G1 F2613.8 X106.7 Y141.204 E3656.31791
G1 F2645.9 X106.335 Y141.046 E3656.34059
G1 F2689.8 X105.89 Y140.942 E3656.36624
G1 F2723.7 X105.397 Y140.892 E3656.39369
G1 X104.943 Y140.91 E3656.41887
G1 F2701 X104.573 Y140.975 E3656.43986
G1 F2656.7 X104.166 Y141.124 E3656.46448
G1 F2592.9 X103.895 Y141.274 E3656.48251
G1 F2562.2 X103.572 Y141.517 E3656.50632
G1 F2552.1 X103.264 Y141.887 E3656.53479
G1 F2542.1 X103.109 Y142.304 E3656.5612
G1 F2507.7 X103.046 Y142.662 E3656.58308
G1 F2493.2 X103.025 Y143.012 E3656.6043
G1 X103.024 Y147.252 E3656.86097
G1 X102.504 Y147.252 E3656.89244
G1 X102.504 Y143.035 E3657.14771
G1 X102.532 Y142.575 E3657.17561
G1 F2512.5 X102.611 Y142.183 E3657.19963
G1 F2532.2 X102.735 Y141.838 E3657.22148
G1 F2542.1 X102.897 Y141.539 E3657.24167
G1 X103.108 Y141.269 E3657.26201
G1 F2522.3 X103.338 Y141.051 E3657.28097
G1 F2547.1 X103.604 Y140.861 E3657.30034
G1 F2582.6 X103.892 Y140.706 E3657.31946
G1 F2619.1 X104.215 Y140.576 E3657.33952
G1 F2656.7 X104.548 Y140.488 E3657.35909
G1 F2701 X104.881 Y140.436 E3657.37792
G1 F2712.3 X105.25 Y140.416 E3657.39848
G1 F2701 X105.756 Y140.44 E3657.42679
G1 F2684.2 X106.197 Y140.51 E3657.45189
G1 F2656.7 X106.593 Y140.621 E3657.47526
G1 F2624.4 X106.932 Y140.764 E3657.49642
G1 F2592.9 X107.236 Y140.946 E3657.51704
G1 F2577.5 X107.508 Y141.17 E3657.53767
G1 F2557.1 X107.712 Y141.406 E3657.55608
G1 F2537.1 X107.894 Y141.692 E3657.57625
G1 F2522.3 X108.034 Y141.999 E3657.59644
G1 F2502.8 X108.13 Y142.331 E3657.61728
G1 F2483.7 X108.192 Y142.713 E3657.64079
G1 X108.215 Y143.109 E3657.6649
G1 F2488.4 X108.216 Y147.252 E3657.91617
G1 F2400 E3654.91617
G0 F15000 X107.997 Y147.032
G0 X107.847 Y142.554
G0 X107.77 Y142.256
G0 X107.381 Y141.296
G0 X106.684 Y132.162
G1 F2400 E3657.91617
G1 F2645.9 X105.474 Y133.631 E3658.02473
G1 F2274.5 X105.31 Y133.77 E3658.03899
G1 F2254.7 X105.151 Y133.634 E3658.053
G1 F2619.1 X103.925 Y132.162 E3658.16339
G1 F2400 E3655.16339
G0 F15000 X103.601 Y133.162
G0 X103.556 Y134.555
G0 X104.039 Y135.355
G1 F2400 E3658.16339
G1 F2624.4 X105.123 Y134.044 E3658.26121
G1 F2270.5 X105.31 Y133.874 E3658.27801
G1 F1988.4 X105.31 Y133.77 E3658.2859
G1 X105.31 Y133.874 E3658.2938
G1 F2278.5 X105.5 Y134.045 E3658.31073
G1 F2656.7 X106.584 Y135.359 E3658.4075
G1 F2400 E3655.4075
G0 F15000 X106.804 Y134.233
G0 X106.872 Y133.891
G0 X107.089 Y133.503
G0 X107.309 Y133.276
G0 X107.738 Y132.958
G0 X108.276 Y132.211
G1 F2400 E3658.4075
G1 F2507.7 X108.564 Y132.449 E3658.42998
G1 F2532.2 X108.743 Y132.634 E3658.44533
G1 F2572.4 X108.968 Y132.92 E3658.46668
G1 F2542.1 X109.16 Y133.226 E3658.48812
G1 F2527.2 X109.193 Y133.304 E3658.49318
G0 F15000 X109.414 Y134.128
G1 F2250.8 X109.427 Y134.207 E3658.49855
G1 F2282.5 X109.413 Y134.654 E3658.52812
G1 F2418.8 X109.256 Y134.999 E3658.55177
G1 F2474.2 X109.049 Y135.223 E3658.57038
G1 F2512.5 X108.784 Y135.366 E3658.58846
G1 F2537.1 X108.469 Y135.398 E3658.6073
G1 F2517.4 X108.175 Y135.324 E3658.62547
G1 F2488.4 X107.943 Y135.167 E3658.64246
G1 F2464.8 X107.779 Y134.964 E3658.65844
G1 F2493.2 X107.702 Y134.765 E3658.67136
G1 F2437 X107.675 Y134.506 E3658.68749
G1 F2365.8 X107.75 Y134.244 E3658.70487
G1 F2370.1 X107.843 Y134.062 E3658.71789
G1 F2361.5 X108.022 Y133.891 E3658.73371
G1 X108.245 Y133.785 E3658.74949
G1 F2474.2 X108.508 Y133.74 E3658.76576
G1 F2572.4 X108.833 Y133.786 E3658.78502
G1 F1929.3 X109.191 Y133.742 E3658.81324
G1 F2400 E3655.81324
G0 F15000 X112.511 Y135.36
G1 F2400 E3658.81324
G1 F2483.7 X111.134 Y133.861 E3658.93692
G1 F2427.8 X111.252 Y133.707 E3658.94899
G1 F2537.1 X112.832 Y132.171 E3659.08007
G1 F2400 E3656.08007
G0 F15000 X110.588 Y132.18
G1 F2400 E3659.08007
G1 F2441.6 X110.589 Y133.501 E3659.16172
G1 F2010 X110.702 Y133.803 E3659.18593
G1 F1657.9 X110.728 Y133.843 E3659.19028
G1 F2400 E3656.19028
G0 F15000 X110.588 Y135.34
G1 F2400 E3659.19028
G1 F2455.4 X110.588 Y134.228 E3659.25862
G1 F2400 E3656.25862
G0 F15000 X115.732 Y132.168
G1 F2400 E3659.25862
G1 F2557.1 X114.773 Y132.169 E3659.31523
G1 F2128.8 X114.495 Y132.27 E3659.33619
G1 F1740.2 X114.438 Y132.306 E3659.34204
G0 F15000 X114.561 Y132.745
G1 F2946.5 X114.768 Y133.01 E3659.35926
G1 F2782.1 X115.158 Y133.557 E3659.39571
G1 F2656.7 X115.337 Y133.921 E3659.41875
G1 F2557.1 X115.449 Y134.366 E3659.44583
G1 F2437 X115.438 Y134.634 E3659.46245
G1 F2378.8 X115.377 Y134.865 E3659.4776
G1 F2315.1 X115.123 Y135.201 E3659.50506
G1 F2311 X114.952 Y135.31 E3659.5183
G1 F2437 X114.543 Y135.392 E3659.54414
G1 F2598.1 X114.227 Y135.322 E3659.56294
G1 F2695.4 X113.962 Y135.177 E3659.57985
G1 F2400 E3656.57985
G0 F15000 X119.736 Y132.18
G1 F2400 E3659.57985
G1 F2450.8 X119.735 Y134.489 E3659.72204
G0 F15000 X119.618 Y135.374
G1 F2746.8 X119.089 Y134.707 E3659.76882
G1 F2735.2 X119.326 Y134.742 E3659.78204
G1 F2776.2 X119.551 Y134.665 E3659.79497
G1 F2592.9 X119.735 Y134.489 E3659.80979
G1 X119.766 Y134.816 E3659.82891
G1 F2788.1 X119.77 Y135.374 E3659.85911
G1 F2812.3 X119.618 Y135.374 E3659.86727
G0 F15000 X119.089 Y134.707
G1 F2662.2 X118.47 Y133.938 E3659.92323
G1 F2370.1 X118.28 Y133.79 E3659.93857
G1 X118.089 Y133.938 E3659.95396
G1 F2667.6 X117.501 Y134.674 E3660.00725
G1 F2400 E3657.00725
G0 F15000 X118.283 Y135.126
G0 X119.194 Y136.266
G0 X124.036 Y136.251
G0 X121.701 Y131.013
G0 X118.819 Y131.266
G0 X117.758 Y132.182
G0 X116.826 Y132.182
G1 F2400 E3660.00725
G1 F2423.3 X116.827 Y134.494 E3660.15124
G0 F15000 X116.791 Y135.373
G1 F2800.1 X116.791 Y134.914 E3660.17598
G1 F2592.9 X116.827 Y134.494 E3660.20052
G1 F2572.4 X117.015 Y134.67 E3660.21563
G1 F2776.2 X117.236 Y134.743 E3660.22828
G1 F2740.9 X117.501 Y134.674 E3660.24336
G1 F2746.8 X116.949 Y135.373 E3660.2923
G1 F2800.1 X116.791 Y135.373 E3660.30081
G1 F2400 E3657.30081
G0 F15000 X121.238 Y132.203
G1 F2400 E3660.30081
G1 F2527.2 X122.483 Y134.995 E3660.48337
G1 F2208.6 X122.528 Y135.274 E3660.50268
G1 F2216.2 X122.291 Y135.351 E3660.51965
G1 F2557.1 X120.904 Y135.352 E3660.60152
G1 F2400 E3657.60152
G0 F15000 X120.904 Y136.27
G0 X125.551 Y139.62
G0 X125.794 Y140.697
G0 X127.496 Y147.278
G1 F2400 E3660.60152
G1 F2474.2 X127.037 Y147.221 E3660.62973
G1 F2235.3 X126.747 Y147.221 E3660.64931
G1 X126.747 Y146.931 E3660.66889
G1 F2348.7 X126.718 Y146.666 E3660.68602
G1 F2483.7 X126.716 Y144.388 E3660.82445
G1 F2266.6 X126.768 Y143.922 E3660.85567
G1 F2254.7 X126.718 Y143.546 E3660.88106
G1 F2483.7 X126.716 Y141.204 E3661.02337
G1 F2357.2 X126.746 Y140.852 E3661.04599
G1 F2239.2 X126.746 Y140.562 E3661.06554
G1 X127.036 Y140.562 E3661.08508
G1 F2474.2 X127.415 Y140.507 E3661.10844
G1 F2770.2 X130.427 Y140.505 E3661.27254
G1 F2782.1 X130.427 Y140.971 E3661.29782
G1 F2770.2 X127.455 Y140.972 E3661.45973
G1 F2474.2 X127.266 Y141.028 E3661.47176
G1 F2357.2 X127.236 Y141.204 E3661.48319
G1 F2483.7 X127.237 Y143.501 E3661.62277
G1 F2254.7 X127.288 Y143.689 E3661.63581
G1 F2168 X128.268 Y143.689 E3661.70403
G1 F2374.5 X129.248 Y143.689 E3661.76632
G1 F2635.1 X130.228 Y143.689 E3661.82245
G1 F2782.1 X130.227 Y144.155 E3661.84772
G1 F2635.1 X129.247 Y144.155 E3661.90385
G1 F2374.5 X128.267 Y144.155 E3661.96614
G1 F2168 X127.287 Y144.155 E3662.03436
G1 F2266.6 X127.236 Y144.388 E3662.05025
G1 F2483.7 X127.237 Y146.621 E3662.18594
G1 F2348.7 X127.266 Y146.754 E3662.19468
G1 F2474.2 X127.496 Y146.81 E3662.20912
G1 F2770.2 X130.33 Y146.81 E3662.36352
G1 X130.33 Y147.278 E3662.38902
G1 X127.496 Y147.278 E3662.54341
G1 F2400 E3659.54341
G0 F15000 X127.496 Y147.002
G0 X130.137 Y147.092
G0 X131.204 Y147.143
G0 X131.837 Y147.796
G0 X133.704 Y147.381
G1 F2400 E3662.54341
G1 F2770.2 X133.294 Y147.356 E3662.56579
G1 F2782.1 X133.015 Y147.317 E3662.58107
G1 X132.765 Y147.249 E3662.59513
G1 F2770.2 X132.421 Y147.111 E3662.61532
G1 F2740.9 X132.065 Y146.835 E3662.64012
G1 F2735.2 X131.869 Y146.571 E3662.65827
G1 X131.694 Y146.165 E3662.68266
G1 F2689.8 X131.641 Y145.685 E3662.70976
G1 F2624.4 X131.7 Y145.279 E3662.73335
G1 F2562.2 X131.848 Y144.95 E3662.7546
G1 F2522.3 X132.075 Y144.649 E3662.77716
G1 F2532.2 X132.367 Y144.378 E3662.8009
G1 F2522.3 X132.707 Y144.134 E3662.82594
G1 F2469.5 X133.851 Y143.422 E3662.9083
G1 F2427.8 X134.201 Y143.157 E3662.93559
G1 F2441.6 X134.487 Y142.865 E3662.96085
G1 F2512.5 X134.699 Y142.459 E3662.98836
G1 F2603.3 X134.769 Y142.04 E3663.01299
G1 F2662.2 X134.685 Y141.63 E3663.03672
G1 F2695.4 X134.419 Y141.255 E3663.06246
G1 F2712.3 X134.112 Y141.04 E3663.08331
G1 X133.799 Y140.924 E3663.10189
G1 F2740.9 X133.374 Y140.875 E3663.12545
G1 F2776.2 X132.941 Y140.912 E3663.14907
G1 F2782.1 X132.589 Y141.007 E3663.16885
G1 X132.225 Y141.167 E3663.19042
G1 F2776.2 X131.852 Y141.408 E3663.21456
G1 F2764.3 X131.67 Y141.571 E3663.2279
G1 F2758.4 X131.67 Y140.939 E3663.26248
G1 X132.155 Y140.682 E3663.29251
G1 F2770.2 X132.442 Y140.566 E3663.30937
G1 F2782.1 X132.85 Y140.455 E3663.33231
G1 X133.368 Y140.406 E3663.36054
G1 F2758.4 X133.89 Y140.445 E3663.38918
G1 F2718 X134.386 Y140.642 E3663.41881
G1 F2701 X134.75 Y140.907 E3663.44397
G1 F2667.6 X134.959 Y141.148 E3663.46202
G1 F2645.9 X135.16 Y141.521 E3663.48619
G1 F2667.6 X135.23 Y141.874 E3663.50655
G1 F2678.7 X135.244 Y142.137 E3663.52139
G1 F2613.8 X135.181 Y142.608 E3663.54882
G1 F2512.5 X135.024 Y142.993 E3663.5738
G1 F2437 X134.798 Y143.314 E3663.59811
G1 F2418.8 X134.501 Y143.603 E3663.62397
G1 X134.173 Y143.849 E3663.64955
G1 F2427.8 X133.799 Y144.084 E3663.67701
G1 F2474.2 X133.044 Y144.528 E3663.73044
G1 F2522.3 X132.688 Y144.776 E3663.7564
G1 F2542.1 X132.389 Y145.067 E3663.78117
G1 F2577.5 X132.181 Y145.418 E3663.80506
G1 F2624.4 X132.116 Y145.792 E3663.82689
G1 F2678.7 X132.166 Y146.125 E3663.84586
G1 F2735.2 X132.319 Y146.402 E3663.86332
G1 F2770.2 X132.567 Y146.637 E3663.88193
G1 F2782.1 X132.827 Y146.777 E3663.89795
G1 F2794.1 X133.153 Y146.873 E3663.91631
G1 X133.634 Y146.915 E3663.94239
G1 F2770.2 X134.081 Y146.836 E3663.96712
G1 F2758.4 X134.402 Y146.73 E3663.98561
G1 F2770.2 X134.724 Y146.572 E3664.00516
G1 F2782.1 X134.971 Y146.41 E3664.02118
G1 F2776.2 X134.971 Y146.982 E3664.05227
G1 F2758.4 X134.474 Y147.214 E3664.08228
G1 F2740.9 X134.095 Y147.316 E3664.1039
G1 F2746.8 X133.704 Y147.381 E3664.12567
G1 F2400 E3661.12567
G0 F15000 X133.69 Y147.092
G0 X134.753 Y146.871
G0 X137.058 Y146.871
G0 X136.888 Y147.252
G1 F2400 E3664.12567
G1 F2493.2 X136.888 Y144.356 E3664.30098
G1 F2266.6 X136.94 Y143.89 E3664.3322
G1 F2254.7 X136.89 Y143.514 E3664.35759
G1 F2483.7 X136.888 Y140.532 E3664.5388
G1 F2493.2 X137.408 Y140.532 E3664.57027
G1 F2483.7 X137.409 Y143.469 E3664.74874
G1 F2254.7 X137.46 Y143.657 E3664.76178
G1 F2077.7 X141.932 Y143.657 E3665.08663
G1 F2258.7 X141.983 Y143.469 E3665.09964
G1 F2483.7 X141.984 Y140.532 E3665.27812
G1 F2493.2 X142.504 Y140.532 E3665.30959
G1 F2483.7 X142.503 Y143.514 E3665.4908
G1 F2258.7 X142.452 Y143.89 E3665.51615
G1 F2266.6 X142.504 Y144.356 E3665.54737
G1 F2493.2 X142.504 Y147.252 E3665.72268
G1 X141.984 Y147.252 E3665.75416
G1 X141.984 Y144.356 E3665.92946
G1 F2266.6 X141.932 Y144.123 E3665.94536
G1 F2077.7 X137.46 Y144.123 E3666.2702
G1 F2266.6 X137.408 Y144.356 E3666.2861
G1 F2493.2 X137.408 Y147.252 E3666.46141
G1 X136.888 Y147.252 E3666.49288
G1 F2400 E3663.49288
G0 F15000 X137.108 Y147.032
G0 X135.963 Y146.9
G0 X135.865 Y147.469
G0 X134.943 Y147.993
G0 X133.936 Y148.256
G0 X125.806 Y148.165
G0 X125.563 Y146.9
G0 X124.224 Y146.9
;TYPE:WALL-INNER
G1 F2400 E3666.49288
G1 F3057.7 X124.284 Y146.9 E3666.49584
G1 X124.284 Y145.892 E3666.5456
G1 X124.056 Y146.159 E3666.56293
G1 X123.836 Y146.234 E3666.5744
G1 X123.655 Y146.199 E3666.5835
G1 X124.224 Y146.9 E3666.62806
G1 F2400 E3663.62806
G0 F15000 X123.736 Y146.459
G0 X121.647 Y143.886
G0 X121.568 Y143.949
G1 F2400 E3666.62806
G1 F3376.2 X121.496 Y143.907 E3666.63179
G1 X121.496 Y143.991 E3666.63554
G1 X121.568 Y143.949 E3666.63927
G1 F2400 E3663.63927
G0 F15000 X121.647 Y143.886
G0 X119.423 Y146.355
G0 X118.757 Y146.899
G1 F2400 E3666.63927
G1 F3043.4 X118.826 Y146.899 E3666.64269
G1 X119.408 Y146.179 E3666.6886
G1 X119.21 Y146.237 E3666.69883
G1 X118.986 Y146.162 E3666.71055
G1 X118.757 Y145.891 E3666.72814
G1 X118.757 Y146.899 E3666.77813
G0 F15000 X118.344 Y147.312
;TYPE:WALL-OUTER
G1 F3241.2 X119.024 Y147.312 E3666.80979
G1 X119.571 Y146.634 E3666.85036
G1 F2973.6 X119.959 Y146.097 E3666.88398
G1 F2729.4 X121.333 Y144.389 E3667.00519
G1 F2946.5 X121.52 Y144.34 E3667.0151
G1 X121.707 Y144.388 E3667.02498
G1 F2723.7 X123.141 Y146.161 E3667.15134
G1 F2973.6 X123.476 Y146.632 E3667.18068
G1 F3241.2 X124.028 Y147.312 E3667.22146
G1 X124.696 Y147.312 E3667.25256
G1 X124.696 Y146.321 E3667.29871
G1 F2806.2 X124.635 Y145.67 E3667.33387
G1 F2483.7 X124.636 Y140.532 E3667.64609
G1 F2493.2 X124.116 Y140.532 E3667.67757
G1 F2483.7 X124.115 Y145.625 E3667.98705
G1 F2806.2 X123.922 Y145.77 E3668.00003
G1 F3241.2 X123.702 Y145.845 E3668.01086
G1 F2973.6 X123.48 Y145.835 E3668.02214
G1 F2723.7 X122.081 Y144.088 E3668.14615
G1 F2946.5 X121.827 Y143.706 E3668.16965
G1 F3241.2 X121.52 Y143.32 E3668.19262
G1 X121.215 Y143.705 E3668.21549
G1 F2946.5 X120.96 Y144.09 E3668.23914
G1 F2729.4 X119.593 Y145.803 E3668.36032
G1 F2973.6 X119.343 Y145.846 E3668.3732
G1 F3241.2 X119.119 Y145.77 E3668.38421
G1 F2806.2 X118.925 Y145.625 E3668.39724
G1 F2483.7 X118.924 Y140.532 E3668.70672
G1 F2493.2 X118.404 Y140.532 E3668.7382
G1 F2483.7 X118.406 Y145.67 E3669.05042
G1 F2806.2 X118.345 Y146.325 E3669.0858
G1 F3241.2 X118.344 Y147.312 E3669.13176
G1 F2400 E3666.13176
G0 F15000 X118.627 Y147.032
G0 X117.482 Y147.002
G0 X114.682 Y147.002
G0 X110.948 Y147.278
G1 F2400 E3669.13176
G1 F2474.2 X110.489 Y147.221 E3669.15997
G1 F2235.3 X110.199 Y147.221 E3669.17955
G1 X110.199 Y146.931 E3669.19913
G1 F2348.7 X110.17 Y146.666 E3669.21626
G1 F2483.7 X110.168 Y144.388 E3669.35469
G1 F2266.6 X110.22 Y143.922 E3669.38591
G1 F2254.7 X110.17 Y143.546 E3669.4113
G1 F2483.7 X110.168 Y141.204 E3669.55361
G1 F2357.2 X110.198 Y140.852 E3669.57623
G1 F2239.2 X110.198 Y140.562 E3669.59578
G1 X110.488 Y140.562 E3669.61532
G1 F2474.2 X110.867 Y140.507 E3669.63868
G1 F2770.2 X113.879 Y140.505 E3669.80278
G1 F2782.1 X113.879 Y140.971 E3669.82806
G1 F2770.2 X110.907 Y140.972 E3669.98997
G1 F2474.2 X110.718 Y141.028 E3670.002
G1 F2357.2 X110.688 Y141.204 E3670.01343
G1 F2483.7 X110.689 Y143.501 E3670.15301
G1 F2254.7 X110.74 Y143.689 E3670.16605
G1 F2168 X111.718 Y143.689 E3670.23413
G1 F2374.5 X112.696 Y143.689 E3670.29629
G1 F2635.1 X113.674 Y143.689 E3670.3523
G1 F2782.1 X113.675 Y144.155 E3670.37758
G1 F2635.1 X112.697 Y144.155 E3670.4336
G1 F2374.5 X111.719 Y144.155 E3670.49576
G1 F2168 X110.741 Y144.155 E3670.56384
G1 F2266.6 X110.688 Y144.388 E3670.57975
G1 F2483.7 X110.689 Y146.621 E3670.71544
G1 F2348.7 X110.718 Y146.754 E3670.72419
G1 F2474.2 X110.948 Y146.81 E3670.73863
G1 F2770.2 X113.782 Y146.81 E3670.89303
G1 X113.782 Y147.278 E3670.91852
G1 X110.948 Y147.278 E3671.07292
G1 F2400 E3668.07292
G0 F15000 X110.948 Y147.002
G0 X110.512 Y147.016
G0 X110.333 Y140.697
G0 X109.244 Y140.697
G0 X100.467 Y135.941
G0 X100.477 Y134.083
G0 X101.015 Y133.404
G0 X101.274 Y132.238
G1 F2400 E3671.07292
G1 F2667.6 X101.375 Y132.193 E3671.07918
G1 F2572.4 X101.737 Y132.123 E3671.10081
G1 F2498 X102.078 Y132.159 E3671.12152
G1 F2567.3 X102.298 Y132.233 E3671.13517
G1 X102.472 Y132.368 E3671.14812
G1 F2512.5 X102.599 Y132.532 E3671.16058
G1 F2469.5 X102.681 Y132.744 E3671.17447
G1 F2455.4 X102.711 Y132.975 E3671.18879
G1 F2437 X102.664 Y133.268 E3671.20716
G1 F2387.6 X102.543 Y133.476 E3671.22237
G1 F2286.5 X102.124 Y133.807 E3671.25762
G1 F2512.5 X102.307 Y134.035 E3671.27518
G1 F2946.5 X102.474 Y134.168 E3671.28611
G1 F2746.8 X102.605 Y134.355 E3671.29866
G1 F2512.5 X102.658 Y134.728 E3671.32129
G1 F2383.2 X102.572 Y135.009 E3671.3399
G1 F2270.5 X102.431 Y135.172 E3671.35423
G1 F2374.5 X102.151 Y135.362 E3671.37573
G1 F2567.3 X101.783 Y135.4 E3671.39748
G1 F2645.9 X101.415 Y135.35 E3671.41867
G1 F2684.2 X101.365 Y135.331 E3671.42167
G1 F2400 E3668.42167
G0 F15000 X100.46 Y135.331
G0 X99.703 Y135.77
G0 X98.897 Y135.412
G1 F2400 E3671.42167
G1 F3050.5 X98.804 Y135.412 E3671.42627
G1 X98.659 Y135.07 E3671.44465
G1 F2830.7 X98.531 Y134.694 E3671.46583
G1 F2782.1 X98.732 Y134.782 E3671.47773
G1 F2933.2 X98.951 Y134.785 E3671.489
G1 F2735.2 X99.168 Y134.704 E3671.50178
G1 F2782.1 X99.048 Y135.073 E3671.52283
G1 F3050.5 X98.897 Y135.412 E3671.54119
G0 F15000 X98.531 Y134.694
G1 F2619.1 X98.061 Y133.575 E3671.61113
G1 F2290.6 X98.022 Y133.315 E3671.62845
G0 F15000 X97.456 Y132.164
G1 F2598.1 X97.874 Y133.141 E3671.69018
G1 F2286.5 X98.022 Y133.315 E3671.70526
G1 F2327.6 X98.251 Y133.243 E3671.72082
G1 F2706.6 X99.436 Y133.242 E3671.7869
G1 F2327.6 X99.711 Y133.318 E3671.8054
G1 F2278.5 X99.88 Y133.107 E3671.82331
G1 F2608.6 X100.304 Y132.163 E3671.88318
G0 F15000 X99.711 Y133.318
G1 F2258.7 X99.684 Y133.541 E3671.89819
G1 F2552.1 X99.168 Y134.704 E3671.97343
G1 F2400 E3668.97343
;MESH:NONMESH
G0 F300 Z4.2
G0 F15000 X100.01 Y135.078
G0 X99.466 Y136.285
G0 X77.665 Y139.62
G0 X77.665 Y148.165
G0 X80.559 Y148.158
G0 X81.334 Y148.007
G0 X82.017 Y147.693
G0 X82.575 Y147.217
G0 X82.967 Y146.595
G0 X83.579 Y144.403
G0 X82.567 Y143.437
G0 X80.767 Y143.81
;TIME_ELAPSED:4510.982883
;LAYER:14
;note -- min layer time used
;TYPE:WALL-INNER
;MESH:lid.stl
G1 F2400 E3671.97343
G1 F2920.7 X80.739 Y143.762 E3671.97633
G1 X80.683 Y143.762 E3671.97925
G1 X80.655 Y143.81 E3671.98214
G1 X80.683 Y143.858 E3671.98504
G1 X80.739 Y143.858 E3671.98796
G1 X80.767 Y143.81 E3671.99086
G1 F2400 E3668.99086
G0 F15000 X80.687 Y143.97
G0 X81.306 Y144.239
G0 X81.627 Y144.563
G0 X81.815 Y144.939
G0 X81.894 Y145.323
G0 X81.883 Y145.871
G0 X81.689 Y146.349
G0 X81.401 Y146.68
G0 X81.019 Y146.904
G0 X80.21 Y147.071
G1 F2400 E3671.99086
G0 F15000 X80.201 Y146.842
G0 E3668.99086
;TYPE:WALL-OUTER
G1 F2400 E3671.99086
G1 F2933.8 X79.356 Y146.843 E3672.03473
G1 F2638.1 X79.097 Y146.775 E3672.05019
G1 F2459.6 X79.096 Y144.348 E3672.2005
G1 F2287.6 X79.148 Y144.114 E3672.21646
G1 F2379.1 X80.02 Y144.111 E3672.27229
G1 F2933.8 X80.302 Y144.151 E3672.28708
G1 F3100.7 X80.811 Y144.256 E3672.31261
G1 F2882.1 X81.204 Y144.432 E3672.33537
G1 F2659.5 X81.473 Y144.694 E3672.35688
G1 F2540.8 X81.639 Y145.006 E3672.37806
G1 F2478.2 X81.713 Y145.374 E3672.40113
G1 F2482.9 X81.691 Y145.824 E3672.42877
G1 F2535.8 X81.525 Y146.24 E3672.45568
G1 F2601.4 X81.276 Y146.51 E3672.47719
G1 F2720.4 X80.925 Y146.705 E3672.49967
G1 F2850.7 X80.56 Y146.799 E3672.51981
G1 F2907.8 X80.201 Y146.842 E3672.53875
G0 F15000 X80.135 Y147.289
G1 F2907.8 X80.475 Y147.268 E3672.55659
G1 F2863.2 X80.787 Y147.219 E3672.57339
G1 F2826.1 X81.058 Y147.15 E3672.58847
G1 F2784 X81.458 Y146.979 E3672.61227
G1 F2703.5 X81.813 Y146.697 E3672.63781
G1 F2575.8 X82.011 Y146.423 E3672.6578
G1 F2478.2 X82.225 Y145.916 E3672.69163
G1 F2441.2 X82.249 Y145.476 E3672.71912
G1 F2427.6 X82.218 Y145.131 E3672.74086
G1 F2455 X82.134 Y144.824 E3672.76061
G1 F2497.1 X81.991 Y144.548 E3672.77957
G1 F2565.7 X81.795 Y144.302 E3672.79824
G1 F2670.4 X81.539 Y144.093 E3672.81709
G1 F2772.2 X81.225 Y143.927 E3672.83661
G1 F2947.1 X81.155 Y143.846 E3672.84214
G1 F3057.2 X81.12 Y143.666 E3672.85128
G1 F2940.4 X81.148 Y143.575 E3672.85621
G1 F2766.4 X81.589 Y143.171 E3672.88914
G1 F2670.4 X81.842 Y142.879 E3672.91118
G1 F2617 X82.086 Y142.55 E3672.93502
G1 F2606.6 X82.348 Y142.154 E3672.96277
G1 F2638.1 X82.86 Y141.338 E3673.01839
G1 F2648.8 X83.07 Y141.023 E3673.04016
G1 F2627.5 X83.427 Y140.522 E3673.07583
G1 F2617 X82.805 Y140.522 E3673.11203
G1 X81.904 Y141.922 E3673.20893
G1 F2627.5 X81.472 Y142.548 E3673.25303
G1 F2670.4 X81.236 Y142.839 E3673.2744
G1 F2772.2 X80.975 Y143.117 E3673.29535
G1 F2947.1 X80.653 Y143.378 E3673.31677
G1 F3057.2 X80.218 Y143.574 E3673.34055
G1 F2907.8 X79.973 Y143.642 E3673.35386
G1 F2379.1 X79.148 Y143.646 E3673.40669
G1 F2275.6 X79.097 Y143.457 E3673.41979
G1 F2506.7 X79.096 Y140.532 E3673.59753
G1 F2516.3 X78.576 Y140.532 E3673.62901
G1 F2506.7 X78.578 Y143.502 E3673.80948
G1 F2275.6 X78.628 Y143.88 E3673.83501
G1 F2287.6 X78.576 Y144.348 E3673.86636
G1 F2506.7 X78.578 Y146.71 E3674.00989
G1 F2387.8 X78.601 Y146.942 E3674.02476
G1 F2295.6 X78.601 Y147.227 E3674.04367
G1 X78.886 Y147.227 E3674.06259
G1 F2575.8 X79.356 Y147.289 E3674.09062
G1 F2933.8 X80.135 Y147.289 E3674.13107
G1 F2400 E3671.13107
G0 F15000 X80.124 Y147.003
G0 X80.996 Y146.964
G0 X81.689 Y147.87
G0 X84.043 Y146.964
G0 X88.582 Y147.278
G1 F2400 E3674.13107
G1 F2795.9 X85.748 Y147.278 E3674.28546
G1 F2497.1 X85.289 Y147.221 E3674.31368
G1 F2256 X84.999 Y147.221 E3674.33326
G1 X84.999 Y146.931 E3674.35284
G1 F2370.5 X84.97 Y146.666 E3674.36997
G1 F2506.7 X84.968 Y144.388 E3674.50839
G1 F2287.6 X85.02 Y143.922 E3674.53961
G1 F2275.6 X84.97 Y143.546 E3674.565
G1 F2506.7 X84.968 Y141.204 E3674.70732
G1 F2379.1 X84.998 Y140.852 E3674.72994
G1 F2259.9 X84.998 Y140.562 E3674.74948
G1 X85.288 Y140.562 E3674.76903
G1 F2497.1 X85.667 Y140.507 E3674.79239
G1 F2795.9 X88.679 Y140.505 E3674.95648
G1 F2807.9 X88.679 Y140.971 E3674.98176
G1 F2795.9 X85.707 Y140.972 E3675.14368
G1 F2497.1 X85.518 Y141.028 E3675.1557
G1 F2379.1 X85.488 Y141.204 E3675.16713
G1 F2506.7 X85.489 Y143.501 E3675.30671
G1 F2275.6 X85.54 Y143.689 E3675.31975
G1 F2188.1 X86.518 Y143.689 E3675.38784
G1 F2396.5 X87.496 Y143.689 E3675.45
G1 F2659.5 X88.474 Y143.689 E3675.50601
G1 F2807.9 X88.475 Y144.155 E3675.53129
G1 F2659.5 X87.497 Y144.155 E3675.5873
G1 F2396.5 X86.519 Y144.155 E3675.64947
G1 F2188.1 X85.541 Y144.155 E3675.71755
G1 F2287.6 X85.488 Y144.388 E3675.73346
G1 F2506.7 X85.489 Y146.621 E3675.86915
G1 F2370.5 X85.518 Y146.754 E3675.8779
G1 F2497.1 X85.748 Y146.81 E3675.89234
G1 F2795.9 X88.582 Y146.81 E3676.04673
G1 X88.582 Y147.278 E3676.07223
G1 F2400 E3673.07223
G0 F15000 X88.336 Y147.032
G0 X89.453 Y147.143
G0 X90.087 Y147.796
G0 X91.95 Y147.378
G1 F2400 E3676.07223
G1 F2795.9 X91.542 Y147.358 E3676.09448
G1 F2826.1 X91.274 Y147.318 E3676.10909
G1 F2814 X90.902 Y147.222 E3676.12989
G1 F2795.9 X90.483 Y146.987 E3676.15606
G1 F2760.5 X90.172 Y146.665 E3676.18076
G1 F2748.9 X90.019 Y146.378 E3676.19878
G1 F2743.2 X89.898 Y145.928 E3676.22466
G1 F2703.5 X89.889 Y145.685 E3676.23836
G1 F2648.8 X89.948 Y145.28 E3676.26189
G1 F2575.8 X90.1 Y144.947 E3676.28354
G1 F2545.7 X90.323 Y144.649 E3676.30581
G1 F2550.7 X90.615 Y144.378 E3676.3296
G1 F2545.7 X90.955 Y144.134 E3676.35464
G1 F2492.4 X92.103 Y143.422 E3676.4372
G1 F2450.4 X92.451 Y143.156 E3676.46443
G1 F2497.1 X92.771 Y142.819 E3676.49278
G1 F2575.8 X92.948 Y142.46 E3676.51645
G1 F2648.8 X93.017 Y142.045 E3676.54064
G1 F2714.7 X92.971 Y141.734 E3676.55828
G1 X92.836 Y141.455 E3676.57567
G1 F2726 X92.641 Y141.228 E3676.59239
G1 F2737.4 X92.363 Y141.039 E3676.6111
G1 F2754.7 X92.004 Y140.914 E3676.63212
G1 F2784 X91.626 Y140.875 E3676.65291
G1 F2807.9 X91.223 Y140.908 E3676.67484
G1 F2826.1 X90.72 Y141.046 E3676.70296
G1 F2820 X90.281 Y141.283 E3676.7299
G1 F2807.9 X89.917 Y141.564 E3676.75485
G1 X89.917 Y140.968 E3676.78718
G1 F2784 X90.184 Y140.791 E3676.80471
G1 F2801.9 X90.565 Y140.611 E3676.82762
G1 F2814 X90.866 Y140.514 E3676.84473
G1 F2795.9 X91.191 Y140.443 E3676.86286
G1 F2807.9 X91.615 Y140.406 E3676.88595
G1 F2784 X92.136 Y140.444 E3676.91453
G1 F2743.2 X92.638 Y140.643 E3676.94451
G1 F2726 X92.997 Y140.905 E3676.96935
G1 F2714.7 X93.218 Y141.154 E3676.98803
G1 F2709.1 X93.431 Y141.573 E3677.01445
G1 F2703.5 X93.495 Y142.134 E3677.04627
G1 F2638.1 X93.43 Y142.608 E3677.07389
G1 F2545.7 X93.273 Y142.993 E3677.09877
G1 F2464.2 X93.046 Y143.314 E3677.12307
G1 F2441.2 X92.749 Y143.604 E3677.14897
G1 X92.417 Y143.855 E3677.17494
G1 F2450.4 X92.046 Y144.085 E3677.20208
G1 F2497.1 X91.292 Y144.528 E3677.25542
G1 F2545.7 X90.936 Y144.776 E3677.28138
G1 F2565.7 X90.641 Y145.063 E3677.30582
G1 F2596.2 X90.432 Y145.419 E3677.33004
G1 F2638.1 X90.361 Y145.813 E3677.35315
G1 F2726 X90.485 Y146.296 E3677.38102
G1 F2784 X90.749 Y146.6 E3677.40305
G1 F2807.9 X91.072 Y146.778 E3677.42305
G1 F2844.5 X91.474 Y146.89 E3677.4454
G1 F2832.2 X91.905 Y146.902 E3677.46859
G1 F2772.2 X92.238 Y146.856 E3677.48706
G1 F2766.4 X92.481 Y146.793 E3677.50088
G1 F2795.9 X92.869 Y146.628 E3677.52385
G1 F2807.9 X93.219 Y146.423 E3677.54586
G1 F2795.9 X93.219 Y146.983 E3677.57636
G1 F2784 X92.84 Y147.158 E3677.5992
G1 F2772.2 X92.46 Y147.301 E3677.62151
G1 F2766.4 X91.95 Y147.378 E3677.64991
G1 F2400 E3674.64991
G0 F15000 X91.936 Y147.092
G0 X93.002 Y146.871
G0 X94.12 Y146.871
G0 X95.204 Y146.953
G0 X98.579 Y147.369
G1 F2400 E3677.64991
G1 F2737.4 X98.018 Y147.334 E3677.68119
G1 F2726 X97.527 Y147.241 E3677.70911
G1 F2703.5 X97.06 Y147.092 E3677.73673
G1 F2659.5 X96.623 Y146.886 E3677.7644
G1 F2617 X96.233 Y146.636 E3677.79137
G1 F2586 X95.89 Y146.344 E3677.8179
G1 F2550.7 X95.584 Y146 E3677.84539
G1 F2526 X95.337 Y145.632 E3677.87212
G1 F2501.9 X95.127 Y145.207 E3677.90098
G1 F2487.6 X94.98 Y144.768 E3677.92933
G1 F2468.9 X94.889 Y144.29 E3677.95935
G1 F2450.4 X94.861 Y143.799 E3677.98992
G1 F2441.2 X94.884 Y143.421 E3678.01355
G1 X94.946 Y143.083 E3678.03499
G1 F2459.6 X95.068 Y142.674 E3678.06143
G1 F2487.6 X95.233 Y142.296 E3678.08668
G1 F2511.5 X95.447 Y141.927 E3678.11255
G1 F2535.8 X95.72 Y141.577 E3678.13921
G1 F2555.7 X96.033 Y141.271 E3678.1653
G1 F2580.9 X96.408 Y140.99 E3678.19296
G1 F2601.4 X96.85 Y140.75 E3678.22241
G1 F2627.5 X97.323 Y140.579 E3678.25157
G1 F2659.5 X97.881 Y140.459 E3678.28426
G1 F2703.5 X98.501 Y140.416 E3678.31927
G1 F2726 X98.786 Y140.42 E3678.3352
G1 F2709.1 X99.383 Y140.477 E3678.36892
G1 F2681.3 X99.915 Y140.596 E3678.39989
G1 F2659.5 X100.29 Y140.714 E3678.42241
G1 X100.877 Y140.947 E3678.45858
G1 F2681.3 X100.877 Y141.522 E3678.49124
G1 F2686.8 X100.489 Y141.316 E3678.51615
G1 F2681.3 X99.933 Y141.11 E3678.54983
G1 F2692.4 X99.5 Y140.995 E3678.57518
G1 F2726 X99.037 Y140.917 E3678.60141
G1 F2743.2 X98.612 Y140.893 E3678.62505
G1 F2737.4 X98.121 Y140.919 E3678.65241
G1 F2720.4 X97.732 Y140.981 E3678.67447
G1 F2686.8 X97.326 Y141.096 E3678.69839
G1 F2648.8 X96.938 Y141.261 E3678.72263
G1 F2622.2 X96.602 Y141.467 E3678.74553
G1 F2596.2 X96.314 Y141.7 E3678.76726
G1 F2570.7 X96.035 Y141.998 E3678.79145
G1 F2550.7 X95.813 Y142.318 E3678.81471
G1 F2526 X95.638 Y142.658 E3678.83777
G1 F2497.1 X95.496 Y143.068 E3678.86424
G1 F2459.6 X95.424 Y143.44 E3678.8877
G1 F2450.4 X95.394 Y143.861 E3678.91394
G1 F2468.9 X95.429 Y144.319 E3678.94228
G1 F2487.6 X95.502 Y144.687 E3678.96525
G1 F2501.9 X95.638 Y145.075 E3678.99028
G1 F2521.2 X95.813 Y145.421 E3679.01371
G1 F2545.7 X96.033 Y145.741 E3679.03694
G1 F2575.8 X96.301 Y146.035 E3679.06047
G1 F2606.6 X96.594 Y146.282 E3679.08286
G1 F2648.8 X96.937 Y146.496 E3679.10611
G1 F2681.3 X97.289 Y146.66 E3679.12817
G1 F2714.7 X97.716 Y146.792 E3679.15325
G1 F2737.4 X98.104 Y146.863 E3679.1752
G1 F2748.9 X98.647 Y146.893 E3679.20533
G1 F2760.5 X99.306 Y146.831 E3679.24186
G1 F2772.2 X99.862 Y146.692 E3679.27335
G1 F2760.5 X100.287 Y146.539 E3679.29827
G1 F2743.2 X100.804 Y146.311 E3679.32965
G1 F2726 X100.804 Y146.846 E3679.35954
G1 F2737.4 X100.279 Y147.049 E3679.39086
G1 F2754.7 X99.881 Y147.177 E3679.41398
G1 F2760.5 X99.37 Y147.299 E3679.44297
G1 F2748.9 X98.921 Y147.352 E3679.46802
G1 F2737.4 X98.579 Y147.369 E3679.48707
G1 F2400 E3676.48707
G0 F15000 X98.57 Y147.096
G0 X99.021 Y147.065
G0 X100.206 Y146.875
G0 X100.597 Y147.896
G0 X101.598 Y147.494
G0 X108.216 Y147.252
G1 F2400 E3679.48707
G1 F2516.3 X107.696 Y147.252 E3679.51855
G1 X107.688 Y142.951 E3679.77891
G1 X107.654 Y142.631 E3679.79839
G1 F2526 X107.598 Y142.333 E3679.81667
G1 F2550.7 X107.498 Y142.041 E3679.8351
G1 F2575.8 X107.345 Y141.766 E3679.85371
G1 F2606.6 X107.07 Y141.432 E3679.879
G1 F2627.5 X106.704 Y141.208 E3679.90387
G1 F2659.5 X106.331 Y141.046 E3679.92716
G1 F2731.7 X105.796 Y140.921 E3679.9578
G1 F2748.9 X105.284 Y140.893 E3679.98621
G1 F2737.4 X104.947 Y140.91 E3680.00499
G1 F2726 X104.528 Y140.987 E3680.02879
G1 F2681.3 X104.166 Y141.124 E3680.05078
G1 F2617 X103.895 Y141.274 E3680.06881
G1 F2586 X103.572 Y141.517 E3680.09262
G1 F2575.8 X103.264 Y141.887 E3680.12109
G1 F2565.7 X103.109 Y142.304 E3680.1475
G1 F2530.9 X103.046 Y142.662 E3680.16938
G1 F2516.3 X103.025 Y143.012 E3680.1906
G1 X103.024 Y147.252 E3680.44726
G1 X102.504 Y147.252 E3680.47874
G1 X102.504 Y143.035 E3680.73401
G1 X102.532 Y142.575 E3680.76191
G1 F2535.8 X102.611 Y142.183 E3680.78593
G1 F2555.7 X102.735 Y141.838 E3680.80778
G1 F2565.7 X102.897 Y141.539 E3680.82797
G1 X103.108 Y141.269 E3680.84831
G1 F2545.7 X103.338 Y141.051 E3680.86727
G1 F2570.7 X103.604 Y140.861 E3680.88664
G1 F2606.6 X103.892 Y140.706 E3680.90575
G1 F2643.4 X104.215 Y140.576 E3680.92582
G1 F2681.3 X104.548 Y140.488 E3680.94538
G1 F2714.7 X104.904 Y140.433 E3680.9656
G1 F2737.4 X105.261 Y140.415 E3680.98549
G1 X105.745 Y140.437 E3681.01245
G1 F2720.4 X106.197 Y140.51 E3681.03808
G1 F2681.3 X106.592 Y140.622 E3681.06141
G1 F2638.1 X106.932 Y140.764 E3681.08268
G1 F2617 X107.236 Y140.946 E3681.1033
G1 F2601.4 X107.508 Y141.17 E3681.12394
G1 F2580.9 X107.712 Y141.406 E3681.14235
G1 F2560.7 X107.895 Y141.692 E3681.16255
G1 F2535.8 X108.033 Y141.996 E3681.1826
G1 F2516.3 X108.129 Y142.33 E3681.20364
G1 F2501.9 X108.189 Y142.7 E3681.22646
G1 F2497.1 X108.214 Y143.123 E3681.2523
G1 F2506.7 X108.216 Y147.252 E3681.50321
G1 F2400 E3678.50321
G0 F15000 X107.997 Y147.032
G0 X107.953 Y142.826
G0 X107.647 Y141.9
G0 X107.381 Y141.296
G0 X106.684 Y132.162
G1 F2400 E3681.50321
G1 F2670.4 X105.474 Y133.631 E3681.61177
G1 F2295.6 X105.31 Y133.77 E3681.62603
G1 F2275.6 X105.151 Y133.634 E3681.64004
G1 F2643.4 X103.925 Y132.162 E3681.75043
G1 F2400 E3678.75043
G0 F15000 X103.601 Y133.162
G0 X103.556 Y134.555
G0 X104.039 Y135.355
G1 F2400 E3681.75043
G1 F2648.8 X105.123 Y134.044 E3681.84825
G1 F2291.6 X105.31 Y133.874 E3681.86505
G1 F2006.9 X105.31 Y133.77 E3681.87294
G1 X105.31 Y133.874 E3681.88084
G1 F2299.6 X105.5 Y134.045 E3681.89777
G1 F2681.3 X106.584 Y135.359 E3681.99454
G1 F2400 E3678.99454
G0 F15000 X106.803 Y134.232
G0 X106.878 Y133.878
G0 X107.098 Y133.493
G0 X107.315 Y133.271
G0 X107.736 Y132.958
G0 X108.275 Y132.211
G1 F2400 E3681.99454
G1 F2530.9 X108.564 Y132.452 E3682.01718
G1 F2526 X108.876 Y132.791 E3682.04497
G1 F2521.2 X109.12 Y133.147 E3682.07104
G1 F2501.9 X109.193 Y133.32 E3682.08247
G0 F15000 X109.411 Y134.11
G1 F2387.8 X109.433 Y134.551 E3682.11064
G1 F2555.7 X109.388 Y134.765 E3682.12367
G1 F2606.6 X109.184 Y135.104 E3682.1468
G1 F2596.2 X108.784 Y135.365 E3682.17482
G1 F2555.7 X108.469 Y135.398 E3682.1937
G1 F2540.8 X108.176 Y135.324 E3682.21181
G1 F2511.5 X107.943 Y135.167 E3682.22885
G1 F2487.6 X107.779 Y134.964 E3682.24483
G1 F2516.3 X107.702 Y134.765 E3682.25775
G1 F2478.2 X107.678 Y134.461 E3682.27649
G1 F2418.7 X107.853 Y134.061 E3682.30399
G1 F2353.4 X108.024 Y133.892 E3682.31955
G1 F2374.8 X108.252 Y133.782 E3682.33579
G1 F2482.9 X108.523 Y133.736 E3682.35265
G1 F2617 X108.808 Y133.79 E3682.36953
G1 F1964.7 X109.187 Y133.739 E3682.39918
G1 F2400 E3679.39918
G0 F15000 X112.511 Y135.36
G1 F2400 E3682.39918
G1 F2506.7 X111.134 Y133.861 E3682.52287
G1 F2450.4 X111.252 Y133.707 E3682.53493
G1 F2560.7 X112.832 Y132.171 E3682.66601
G1 F2400 E3679.66601
G0 F15000 X110.588 Y132.18
G1 F2400 E3682.66601
G1 F2464.2 X110.589 Y133.501 E3682.74767
G1 F2028.7 X110.702 Y133.803 E3682.77188
G1 F1673.3 X110.728 Y133.843 E3682.77622
G1 F2400 E3679.77622
G0 F15000 X110.588 Y135.34
G1 F2400 E3682.77622
G1 F2478.2 X110.588 Y134.228 E3682.84457
G1 F2400 E3679.84457
G0 F15000 X115.732 Y132.168
G1 F2400 E3682.84457
G1 F2580.9 X114.773 Y132.169 E3682.90117
G1 F2148.6 X114.495 Y132.27 E3682.92214
G1 F1756.4 X114.437 Y132.307 E3682.92811
G0 F15000 X114.561 Y132.744
G1 F2980.6 X114.767 Y133.01 E3682.9453
G1 F2869.5 X115.041 Y133.392 E3682.97025
G1 F2760.5 X115.245 Y133.727 E3682.9919
G1 F2654.1 X115.37 Y134.004 E3683.00934
G1 F2611.8 X115.446 Y134.252 E3683.02447
G1 F2516.3 X115.449 Y134.497 E3683.0393
G1 F2357.6 X115.395 Y134.815 E3683.06014
G1 F2307.7 X115.267 Y135.056 E3683.07815
G1 F2315.9 X115.124 Y135.203 E3683.09164
G1 F2370.5 X114.922 Y135.326 E3683.10683
G1 F2497.1 X114.644 Y135.402 E3683.12441
G1 F2617 X114.231 Y135.324 E3683.14888
G1 F2709.1 X113.962 Y135.177 E3683.16611
G1 F2400 E3680.16611
G0 F15000 X119.736 Y132.18
G1 F2400 E3683.16611
G1 F2473.5 X119.735 Y134.489 E3683.3083
G0 F15000 X119.618 Y135.374
G1 F2772.2 X119.089 Y134.707 E3683.35508
G1 F2760.5 X119.326 Y134.742 E3683.3683
G1 F2801.9 X119.551 Y134.665 E3683.38123
G1 F2617 X119.735 Y134.489 E3683.39605
G1 X119.766 Y134.816 E3683.41517
G1 F2814 X119.77 Y135.374 E3683.44537
G1 F2838.4 X119.618 Y135.374 E3683.45353
G0 F15000 X119.089 Y134.707
G1 F2686.8 X118.47 Y133.938 E3683.50949
G1 F2392.1 X118.28 Y133.79 E3683.52483
G1 X118.089 Y133.938 E3683.54022
G1 F2692.4 X117.501 Y134.674 E3683.59351
G1 F2400 E3680.59351
G0 F15000 X118.283 Y135.126
G0 X119.194 Y136.266
G0 X124.036 Y136.251
G0 X121.701 Y131.013
G0 X118.819 Y131.266
G0 X117.758 Y132.182
G0 X116.826 Y132.182
G1 F2400 E3683.59351
G1 F2445.8 X116.827 Y134.494 E3683.7375
G0 F15000 X116.791 Y135.373
G1 F2826.1 X116.791 Y134.914 E3683.76224
G1 F2617 X116.827 Y134.494 E3683.78678
G1 F2596.2 X117.015 Y134.67 E3683.80189
G1 F2801.9 X117.236 Y134.743 E3683.81454
G1 F2766.4 X117.501 Y134.674 E3683.82962
G1 F2772.2 X116.949 Y135.373 E3683.87856
G1 F2826.1 X116.791 Y135.373 E3683.88707
G1 F2400 E3680.88707
G0 F15000 X121.238 Y132.203
G1 F2400 E3683.88707
G1 F2550.7 X122.483 Y134.995 E3684.06963
G1 F2229.1 X122.528 Y135.274 E3684.08894
G1 F2236.7 X122.291 Y135.351 E3684.10592
G1 F2580.9 X120.904 Y135.352 E3684.18778
G1 F2400 E3681.18778
G0 F15000 X120.904 Y136.27
G0 X125.551 Y139.62
G0 X125.794 Y140.697
G0 X127.496 Y147.278
G1 F2400 E3684.18778
G1 F2497.1 X127.037 Y147.221 E3684.21599
G1 F2256 X126.747 Y147.221 E3684.23557
G1 X126.747 Y146.931 E3684.25515
G1 F2370.5 X126.718 Y146.666 E3684.27228
G1 F2506.7 X126.716 Y144.388 E3684.41071
G1 F2287.6 X126.768 Y143.922 E3684.44193
G1 F2275.6 X126.718 Y143.546 E3684.46732
G1 F2506.7 X126.716 Y141.204 E3684.60963
G1 F2379.1 X126.746 Y140.852 E3684.63225
G1 F2259.9 X126.746 Y140.562 E3684.6518
G1 X127.036 Y140.562 E3684.67134
G1 F2497.1 X127.415 Y140.507 E3684.6947
G1 F2795.9 X130.427 Y140.505 E3684.8588
G1 F2807.9 X130.427 Y140.971 E3684.88408
G1 F2795.9 X127.455 Y140.972 E3685.04599
G1 F2497.1 X127.266 Y141.028 E3685.05802
G1 F2379.1 X127.236 Y141.204 E3685.06945
G1 F2506.7 X127.237 Y143.501 E3685.20903
G1 F2275.6 X127.288 Y143.689 E3685.22207
G1 F2188.1 X128.268 Y143.689 E3685.29029
G1 F2396.5 X129.248 Y143.689 E3685.35258
G1 F2659.5 X130.228 Y143.689 E3685.40871
G1 F2807.9 X130.227 Y144.155 E3685.43398
G1 F2659.5 X129.247 Y144.155 E3685.49011
G1 F2396.5 X128.267 Y144.155 E3685.5524
G1 F2188.1 X127.287 Y144.155 E3685.62062
G1 F2287.6 X127.236 Y144.388 E3685.63651
G1 F2506.7 X127.237 Y146.621 E3685.7722
G1 F2370.5 X127.266 Y146.754 E3685.78094
G1 F2497.1 X127.496 Y146.81 E3685.79538
G1 F2795.9 X130.33 Y146.81 E3685.94978
G1 X130.33 Y147.278 E3685.97528
G1 X127.496 Y147.278 E3686.12967
G1 F2400 E3683.12967
G0 F15000 X127.496 Y147.002
G0 X130.137 Y147.092
G0 X131.204 Y147.143
G0 X131.837 Y147.796
G0 X133.702 Y147.378
G1 F2400 E3686.12967
G1 F2795.9 X133.294 Y147.358 E3686.15193
G1 F2826.1 X133.026 Y147.318 E3686.16653
G1 F2807.9 X132.778 Y147.253 E3686.18044
G1 F2795.9 X132.404 Y147.106 E3686.20233
G1 F2784 X131.996 Y146.748 E3686.23203
G1 F2778.1 X131.769 Y146.381 E3686.25569
G1 F2760.5 X131.694 Y146.165 E3686.26831
G1 F2714.7 X131.641 Y145.685 E3686.2954
G1 F2648.8 X131.7 Y145.279 E3686.319
G1 F2586 X131.848 Y144.95 E3686.34025
G1 F2545.7 X132.075 Y144.649 E3686.36281
G1 F2555.7 X132.367 Y144.378 E3686.38655
G1 F2545.7 X132.707 Y144.134 E3686.41159
G1 F2492.4 X133.851 Y143.422 E3686.49394
G1 F2450.4 X134.201 Y143.157 E3686.52123
G1 F2464.2 X134.487 Y142.865 E3686.5465
G1 F2535.8 X134.699 Y142.459 E3686.57401
G1 F2627.5 X134.772 Y142.025 E3686.59952
G1 F2692.4 X134.675 Y141.611 E3686.62358
G1 F2731.7 X134.498 Y141.339 E3686.64167
G1 F2737.4 X134.287 Y141.146 E3686.65759
G1 F2748.9 X133.956 Y140.969 E3686.67838
G1 F2784 X133.471 Y140.866 E3686.70551
G1 F2807.9 X132.941 Y140.912 E3686.73437
G1 X132.589 Y141.007 E3686.75415
G1 F2820 X132.211 Y141.175 E3686.77649
G1 F2807.9 X131.852 Y141.408 E3686.79971
G1 F2795.9 X131.67 Y141.571 E3686.81302
G1 X131.67 Y140.94 E3686.8474
G1 F2784 X132.164 Y140.679 E3686.87797
G1 F2795.9 X132.442 Y140.566 E3686.89432
G1 F2807.9 X132.85 Y140.455 E3686.91725
G1 X133.368 Y140.405 E3686.94548
G1 F2790 X133.864 Y140.444 E3686.97265
G1 F2737.4 X134.182 Y140.545 E3686.99121
G1 F2714.7 X134.661 Y140.811 E3687.02196
G1 F2697.9 X134.961 Y141.147 E3687.04739
G1 F2681.3 X135.166 Y141.555 E3687.07333
G1 F2697.9 X135.229 Y141.872 E3687.09157
G1 F2703.5 X135.244 Y142.137 E3687.10653
G1 F2638.1 X135.181 Y142.608 E3687.13397
G1 F2535.8 X135.024 Y142.993 E3687.15894
G1 F2459.6 X134.798 Y143.314 E3687.18325
G1 F2441.2 X134.501 Y143.603 E3687.20911
G1 X134.173 Y143.849 E3687.23469
G1 F2450.4 X133.799 Y144.084 E3687.26215
G1 F2497.1 X133.044 Y144.528 E3687.31558
G1 F2545.7 X132.688 Y144.776 E3687.34154
G1 F2565.7 X132.389 Y145.067 E3687.36631
G1 F2601.4 X132.181 Y145.418 E3687.3902
G1 F2648.8 X132.116 Y145.792 E3687.41203
G1 F2703.5 X132.166 Y146.123 E3687.43089
G1 F2760.5 X132.317 Y146.405 E3687.44854
G1 F2807.9 X132.538 Y146.621 E3687.4653
G1 F2814 X132.823 Y146.776 E3687.48287
G1 F2844.5 X133.222 Y146.89 E3687.50509
G1 F2832.2 X133.657 Y146.902 E3687.52849
G1 F2784 X133.962 Y146.862 E3687.54532
G1 F2772.2 X134.22 Y146.797 E3687.55994
G1 F2790 X134.619 Y146.629 E3687.58358
G1 F2807.9 X134.971 Y146.419 E3687.60581
G1 F2795.9 X134.971 Y146.983 E3687.63654
G1 F2784 X134.592 Y147.158 E3687.65938
G1 F2772.2 X134.348 Y147.251 E3687.67373
G1 X134.083 Y147.32 E3687.68877
G1 X133.702 Y147.378 E3687.70995
G1 F2400 E3684.70995
G0 F15000 X133.688 Y147.092
G0 X134.753 Y146.871
G0 X137.058 Y146.871
G0 X136.888 Y147.252
G1 F2400 E3687.70995
G1 F2516.3 X136.888 Y144.356 E3687.88525
G1 F2287.6 X136.94 Y143.89 E3687.91647
G1 F2275.6 X136.89 Y143.514 E3687.94186
G1 F2506.7 X136.888 Y140.532 E3688.12307
G1 F2516.3 X137.408 Y140.532 E3688.15455
G1 F2506.7 X137.409 Y143.469 E3688.33302
G1 F2275.6 X137.46 Y143.657 E3688.34606
G1 F2096.9 X141.932 Y143.657 E3688.6709
G1 F2279.6 X141.983 Y143.469 E3688.68392
G1 F2506.7 X141.984 Y140.532 E3688.86239
G1 F2516.3 X142.504 Y140.532 E3688.89387
G1 F2506.7 X142.503 Y143.514 E3689.07507
G1 F2279.6 X142.452 Y143.89 E3689.10043
G1 F2287.6 X142.504 Y144.356 E3689.13165
G1 F2516.3 X142.504 Y147.252 E3689.30695
G1 X141.984 Y147.252 E3689.33843
G1 X141.984 Y144.356 E3689.51373
G1 F2287.6 X141.932 Y144.123 E3689.52963
G1 F2096.9 X137.46 Y144.123 E3689.85448
G1 F2287.6 X137.408 Y144.356 E3689.87037
G1 F2516.3 X137.408 Y147.252 E3690.04568
G1 X136.888 Y147.252 E3690.07716
G1 F2400 E3687.07716
G0 F15000 X137.108 Y147.032
G0 X135.963 Y146.9
G0 X135.865 Y147.469
G0 X134.943 Y147.993
G0 X133.936 Y148.256
G0 X125.806 Y148.165
G0 X125.563 Y146.9
G0 X124.224 Y146.9
;TYPE:WALL-INNER
G1 F2400 E3690.07716
G1 F3078.8 X124.284 Y146.9 E3690.08012
G1 X124.284 Y145.888 E3690.13019
G1 X124.056 Y146.155 E3690.14756
G1 X123.836 Y146.231 E3690.15908
G1 X123.649 Y146.194 E3690.16851
G1 X124.224 Y146.9 E3690.21356
G1 F2400 E3687.21356
G0 F15000 X123.795 Y146.526
G0 X121.646 Y143.886
G1 F2400 E3690.21356
G0 F15000 X121.568 Y143.948
G0 E3687.21356
G1 F2400 E3690.21356
G1 F3425.4 X121.497 Y143.907 E3690.2172
G1 X121.498 Y143.989 E3690.22085
G1 X121.568 Y143.948 E3690.22446
G1 F2400 E3687.22446
G0 F15000 X121.646 Y143.886
G0 X119.423 Y146.355
G0 X118.757 Y146.899
G1 F2400 E3690.22446
G1 F3071.6 X118.826 Y146.899 E3690.22788
G1 X119.408 Y146.179 E3690.27379
G1 X119.21 Y146.237 E3690.28402
G1 X118.986 Y146.162 E3690.29574
G1 X118.757 Y145.891 E3690.31333
G1 X118.757 Y146.899 E3690.36332
G0 F15000 X118.344 Y147.312
;TYPE:WALL-OUTER
G1 F3271.2 X119.024 Y147.312 E3690.39498
G1 X119.571 Y146.634 E3690.43555
G1 F3001.1 X119.959 Y146.097 E3690.46917
G1 F2754.7 X121.333 Y144.389 E3690.59038
G1 F2973.8 X121.521 Y144.339 E3690.60035
G1 X121.707 Y144.388 E3690.6102
G1 F2737.4 X123.14 Y146.159 E3690.73697
G1 F2987.4 X123.475 Y146.631 E3690.76648
G1 F3271.2 X124.028 Y147.312 E3690.80733
G1 X124.696 Y147.312 E3690.83843
G1 X124.696 Y146.317 E3690.88476
G1 F2832.2 X124.635 Y145.666 E3690.91993
G1 F2506.7 X124.636 Y140.532 E3691.2319
G1 F2516.3 X124.116 Y140.532 E3691.26338
G1 F2506.7 X124.115 Y145.621 E3691.57262
G1 F2832.2 X123.922 Y145.766 E3691.5856
G1 F3271.2 X123.702 Y145.841 E3691.59642
G1 F2987.4 X123.48 Y145.832 E3691.60775
G1 F2737.4 X122.081 Y144.088 E3691.73216
G1 F2973.8 X121.827 Y143.706 E3691.75566
G1 F3271.2 X121.521 Y143.32 E3691.77859
G1 X121.216 Y143.704 E3691.80143
G1 F2973.8 X120.96 Y144.09 E3691.82515
G1 F2754.7 X119.593 Y145.803 E3691.94634
G1 F3001.1 X119.343 Y145.846 E3691.95921
G1 F3271.2 X119.119 Y145.77 E3691.97023
G1 F2832.2 X118.925 Y145.625 E3691.98325
G1 F2506.7 X118.924 Y140.532 E3692.29273
G1 F2516.3 X118.404 Y140.532 E3692.32421
G1 F2506.7 X118.406 Y145.67 E3692.63643
G1 F2832.2 X118.345 Y146.325 E3692.67181
G1 F3271.2 X118.344 Y147.312 E3692.71777
G1 F2400 E3689.71777
G0 F15000 X118.627 Y147.032
G0 X117.482 Y147.002
G0 X114.682 Y147.002
G0 X110.948 Y147.278
G1 F2400 E3692.71777
G1 F2497.1 X110.489 Y147.221 E3692.74598
G1 F2256 X110.199 Y147.221 E3692.76556
G1 X110.199 Y146.931 E3692.78514
G1 F2370.5 X110.17 Y146.666 E3692.80227
G1 F2506.7 X110.168 Y144.388 E3692.9407
G1 F2287.6 X110.22 Y143.922 E3692.97192
G1 F2275.6 X110.17 Y143.546 E3692.99731
G1 F2506.7 X110.168 Y141.204 E3693.13962
G1 F2379.1 X110.198 Y140.852 E3693.16224
G1 F2259.9 X110.198 Y140.562 E3693.18179
G1 X110.488 Y140.562 E3693.20134
G1 F2497.1 X110.867 Y140.507 E3693.2247
G1 F2795.9 X113.879 Y140.505 E3693.38879
G1 F2807.9 X113.879 Y140.971 E3693.41407
G1 F2795.9 X110.907 Y140.972 E3693.57598
G1 F2497.1 X110.718 Y141.028 E3693.58801
G1 F2379.1 X110.688 Y141.204 E3693.59944
G1 F2506.7 X110.689 Y143.501 E3693.73902
G1 F2275.6 X110.74 Y143.689 E3693.75206
G1 F2188.1 X111.718 Y143.689 E3693.82014
G1 F2396.5 X112.696 Y143.689 E3693.8823
G1 F2659.5 X113.674 Y143.689 E3693.93832
G1 F2807.9 X113.675 Y144.155 E3693.9636
G1 F2659.5 X112.697 Y144.155 E3694.01961
G1 F2396.5 X111.719 Y144.155 E3694.08177
G1 F2188.1 X110.741 Y144.155 E3694.14985
G1 F2287.6 X110.688 Y144.388 E3694.16576
G1 F2506.7 X110.689 Y146.621 E3694.30146
G1 F2370.5 X110.718 Y146.754 E3694.3102
G1 F2497.1 X110.948 Y146.81 E3694.32464
G1 F2795.9 X113.782 Y146.81 E3694.47904
G1 X113.782 Y147.278 E3694.50454
G1 X110.948 Y147.278 E3694.65893
G1 F2400 E3691.65893
G0 F15000 X110.948 Y147.002
G0 X110.512 Y147.016
G0 X110.333 Y140.697
G0 X109.244 Y140.697
G0 X100.468 Y135.97
G0 X100.478 Y134.039
G0 X101.014 Y133.35
G0 X101.28 Y132.242
G1 F2400 E3694.65893
G1 F2627.5 X101.375 Y132.201 E3694.66493
G1 X101.717 Y132.122 E3694.68528
G1 F2606.6 X101.958 Y132.132 E3694.69937
G1 F2580.9 X102.251 Y132.207 E3694.71722
G1 F2617 X102.408 Y132.309 E3694.72812
G1 F2575.8 X102.596 Y132.533 E3694.74542
G1 F2487.6 X102.683 Y132.743 E3694.75933
G1 F2450.4 X102.705 Y132.988 E3694.77463
G1 F2409.7 X102.661 Y133.267 E3694.79248
G1 F2423.1 X102.547 Y133.48 E3694.80767
G1 F2501.9 X102.276 Y133.674 E3694.82796
G1 F2307.7 X102.139 Y133.826 E3694.84146
G1 F2464.2 X102.308 Y134.034 E3694.85803
G1 F2994.3 X102.473 Y134.165 E3694.86875
G1 F2784 X102.606 Y134.355 E3694.88144
G1 F2540.8 X102.658 Y134.73 E3694.90413
G1 F2396.5 X102.568 Y135.015 E3694.92313
G1 F2353.4 X102.285 Y135.286 E3694.94849
G1 F2492.4 X101.848 Y135.397 E3694.97605
G1 F2611.8 X101.566 Y135.384 E3694.99251
G1 F2703.5 X101.36 Y135.327 E3695.00455
G1 F2400 E3692.00455
G0 F15000 X100.46 Y135.327
G0 X99.703 Y135.77
G0 X98.897 Y135.412
G1 F2400 E3695.00455
G1 F3078.8 X98.804 Y135.412 E3695.00915
G1 X98.659 Y135.07 E3695.02753
G1 F2857 X98.531 Y134.694 E3695.04871
G1 F2807.9 X98.732 Y134.782 E3695.06061
G1 F2960.4 X98.951 Y134.785 E3695.07188
G1 F2760.5 X99.168 Y134.704 E3695.08466
G1 F2807.9 X99.048 Y135.073 E3695.10571
G1 F3078.8 X98.897 Y135.412 E3695.12407
G0 F15000 X98.531 Y134.694
G1 F2643.4 X98.061 Y133.575 E3695.19401
G1 F2311.8 X98.022 Y133.315 E3695.21133
G0 F15000 X97.456 Y132.164
G1 F2622.2 X97.874 Y133.141 E3695.27306
G1 F2307.7 X98.022 Y133.315 E3695.28814
G1 F2349.2 X98.251 Y133.243 E3695.3037
G1 F2731.7 X99.436 Y133.242 E3695.36978
G1 F2349.2 X99.711 Y133.318 E3695.38828
G1 F2299.6 X99.88 Y133.107 E3695.40619
G1 F2632.8 X100.304 Y132.163 E3695.46606
G0 F15000 X99.711 Y133.318
G1 F2279.6 X99.684 Y133.541 E3695.48107
G1 F2575.8 X99.168 Y134.704 E3695.55631
;TIME_ELAPSED:4541.409207
G1 F2400 E3692.55631
M140 S0
M107
G91 ;Relative positioning
G1 E-2 F2700 ;Retract a bit
G1 E-2 Z0.2 F2400 ;Retract and raise Z
G1 X5 Y5 F3000 ;Wipe out
G1 Z10 ;Raise Z more
G90 ;Absolute positioning

G1 X0 Y220 ;Present print
M106 S0 ;Turn-off fan
M104 S0 ;Turn-off hotend
M140 S0 ;Turn-off bed

M84 X Y E ;Disable all steppers but Z

M82 ;absolute extrusion mode
M104 S0
;End of Gcode
;SETTING_3 {"global_quality": "[general]\\nversion = 4\\nname = Low Quality #2\\
;SETTING_3 ndefinition = creality_ender3v3se\\n\\n[metadata]\\ntype = quality_ch
;SETTING_3 anges\\nquality_type = low\\nsetting_version = 26\\n\\n[values]\\nadh
;SETTING_3 esion_type = brim\\nsupport_enable = True\\n\\n", "extruder_quality":
;SETTING_3  ["[general]\\nversion = 4\\nname = Low Quality #2\\ndefinition = cre
;SETTING_3 ality_ender3v3se\\n\\n[metadata]\\ntype = quality_changes\\nquality_t
;SETTING_3 ype = low\\nsetting_version = 26\\nposition = 0\\n\\n[values]\\ninfil
;SETTING_3 l_pattern = lightning\\nmaterial_print_temperature = 220.0\\n\\n"]}
